HHS,Year,Quarter,Care_Type,NWA_Units,NWA_Price,ABF_Funded_Amt,Actual_Cost,Variance,Variance_Pct,FY
Cairns and Hinterland,2019,Q1,Admitted Acute,12739.0,5012,63848086.0,70974901.0,-7126815.0,-11.16,FY2019/20
Cairns and Hinterland,2019,Q1,Admitted Subacute,3033.6,5012,15204269.0,15991423.0,-787155.0,-5.18,FY2019/20
Cairns and Hinterland,2019,Q1,Emergency Department,6756.5,5012,33863504.0,33068358.0,795147.0,2.35,FY2019/20
Cairns and Hinterland,2019,Q1,Outpatient,5436.4,5012,27247068.0,29896844.0,-2649776.0,-9.72,FY2019/20
Cairns and Hinterland,2019,Q1,Mental Health,2311.8,5012,11586771.0,12402159.0,-815388.0,-7.04,FY2019/20
Cairns and Hinterland,2019,Q1,Maternity,1200.3,5012,6015811.0,6706936.0,-691125.0,-11.49,FY2019/20
Cairns and Hinterland,2019,Q2,Admitted Acute,13691.5,5012,68621701.0,67667698.0,954003.0,1.39,FY2019/20
Cairns and Hinterland,2019,Q2,Admitted Subacute,2776.1,5012,13913784.0,13651909.0,261875.0,1.88,FY2019/20
Cairns and Hinterland,2019,Q2,Emergency Department,6926.1,5012,34713378.0,36074441.0,-1361063.0,-3.92,FY2019/20
Cairns and Hinterland,2019,Q2,Outpatient,5786.3,5012,29000938.0,28986697.0,14241.0,0.05,FY2019/20
Cairns and Hinterland,2019,Q2,Mental Health,2315.7,5012,11606361.0,11301276.0,305085.0,2.63,FY2019/20
Cairns and Hinterland,2019,Q2,Maternity,1256.8,5012,6298912.0,6376272.0,-77360.0,-1.23,FY2019/20
Cairns and Hinterland,2019,Q3,Admitted Acute,12908.6,5012,64698031.0,70099017.0,-5400986.0,-8.35,FY2019/20
Cairns and Hinterland,2019,Q3,Admitted Subacute,2784.4,5012,13955650.0,14477868.0,-522218.0,-3.74,FY2019/20
Cairns and Hinterland,2019,Q3,Emergency Department,7255.7,5012,36365680.0,34834560.0,1531120.0,4.21,FY2019/20
Cairns and Hinterland,2019,Q3,Outpatient,5950.7,5012,29824718.0,29198074.0,626644.0,2.1,FY2019/20
Cairns and Hinterland,2019,Q3,Mental Health,2116.7,5012,10608794.0,11789665.0,-1180871.0,-11.13,FY2019/20
Cairns and Hinterland,2019,Q3,Maternity,1396.9,5012,7001020.0,7613102.0,-612082.0,-8.74,FY2019/20
Cairns and Hinterland,2019,Q4,Admitted Acute,12593.6,5012,63119106.0,61011197.0,2107909.0,3.34,FY2019/20
Cairns and Hinterland,2019,Q4,Admitted Subacute,3011.2,5012,15092240.0,15466919.0,-374679.0,-2.48,FY2019/20
Cairns and Hinterland,2019,Q4,Emergency Department,6717.6,5012,33668670.0,34819468.0,-1150798.0,-3.42,FY2019/20
Cairns and Hinterland,2019,Q4,Outpatient,5414.2,5012,27135909.0,29973903.0,-2837995.0,-10.46,FY2019/20
Cairns and Hinterland,2019,Q4,Mental Health,2187.2,5012,10962226.0,11648777.0,-686551.0,-6.26,FY2019/20
Cairns and Hinterland,2019,Q4,Maternity,1260.8,5012,6319310.0,6562044.0,-242735.0,-3.84,FY2019/20
Cairns and Hinterland,2020,Q1,Admitted Acute,11813.6,5127,60568512.0,59443467.0,1125045.0,1.86,FY2020/21
Cairns and Hinterland,2020,Q1,Admitted Subacute,2836.6,5127,14543138.0,15732368.0,-1189230.0,-8.18,FY2020/21
Cairns and Hinterland,2020,Q1,Emergency Department,6902.8,5127,35390726.0,39004850.0,-3614124.0,-10.21,FY2020/21
Cairns and Hinterland,2020,Q1,Outpatient,5359.4,5127,27477409.0,30409760.0,-2932351.0,-10.67,FY2020/21
Cairns and Hinterland,2020,Q1,Mental Health,1916.9,5127,9828154.0,9664192.0,163962.0,1.67,FY2020/21
Cairns and Hinterland,2020,Q1,Maternity,1087.3,5127,5574471.0,5604050.0,-29579.0,-0.53,FY2020/21
Cairns and Hinterland,2020,Q2,Admitted Acute,11517.1,5127,59048381.0,58819824.0,228556.0,0.39,FY2020/21
Cairns and Hinterland,2020,Q2,Admitted Subacute,2777.1,5127,14238304.0,14389915.0,-151610.0,-1.06,FY2020/21
Cairns and Hinterland,2020,Q2,Emergency Department,6223.2,5127,31906597.0,33254917.0,-1348320.0,-4.23,FY2020/21
Cairns and Hinterland,2020,Q2,Outpatient,4973.5,5127,25499352.0,27701820.0,-2202468.0,-8.64,FY2020/21
Cairns and Hinterland,2020,Q2,Mental Health,1912.4,5127,9804685.0,10959391.0,-1154705.0,-11.78,FY2020/21
Cairns and Hinterland,2020,Q2,Maternity,1223.7,5127,6273794.0,6172044.0,101750.0,1.62,FY2020/21
Cairns and Hinterland,2020,Q3,Admitted Acute,10798.3,5127,55362783.0,60269501.0,-4906717.0,-8.86,FY2020/21
Cairns and Hinterland,2020,Q3,Admitted Subacute,2725.7,5127,13974520.0,15007673.0,-1033153.0,-7.39,FY2020/21
Cairns and Hinterland,2020,Q3,Emergency Department,6729.2,5127,34500714.0,33209959.0,1290755.0,3.74,FY2020/21
Cairns and Hinterland,2020,Q3,Outpatient,5157.2,5127,26440998.0,25639776.0,801222.0,3.03,FY2020/21
Cairns and Hinterland,2020,Q3,Mental Health,2171.3,5127,11132086.0,11755045.0,-622959.0,-5.6,FY2020/21
Cairns and Hinterland,2020,Q3,Maternity,1140.9,5127,5849260.0,5619998.0,229262.0,3.92,FY2020/21
Cairns and Hinterland,2020,Q4,Admitted Acute,11371.4,5127,58301027.0,58608925.0,-307897.0,-0.53,FY2020/21
Cairns and Hinterland,2020,Q4,Admitted Subacute,2735.3,5127,14023755.0,14842529.0,-818774.0,-5.84,FY2020/21
Cairns and Hinterland,2020,Q4,Emergency Department,6848.9,5127,35114106.0,36177240.0,-1063134.0,-3.03,FY2020/21
Cairns and Hinterland,2020,Q4,Outpatient,4955.5,5127,25407023.0,27217315.0,-1810291.0,-7.13,FY2020/21
Cairns and Hinterland,2020,Q4,Mental Health,2137.7,5127,10959850.0,11457614.0,-497765.0,-4.54,FY2020/21
Cairns and Hinterland,2020,Q4,Maternity,1223.4,5127,6272565.0,6485489.0,-212924.0,-3.39,FY2020/21
Cairns and Hinterland,2021,Q1,Admitted Acute,12877.7,5234,67401723.0,68930527.0,-1528804.0,-2.27,FY2021/22
Cairns and Hinterland,2021,Q1,Admitted Subacute,2667.8,5234,13963048.0,13520999.0,442049.0,3.17,FY2021/22
Cairns and Hinterland,2021,Q1,Emergency Department,6528.0,5234,34167414.0,36155608.0,-1988194.0,-5.82,FY2021/22
Cairns and Hinterland,2021,Q1,Outpatient,5602.4,5234,29323203.0,30392239.0,-1069037.0,-3.65,FY2021/22
Cairns and Hinterland,2021,Q1,Mental Health,2391.9,5234,12518946.0,12423548.0,95398.0,0.76,FY2021/22
Cairns and Hinterland,2021,Q1,Maternity,1264.7,5234,6619450.0,7138704.0,-519254.0,-7.84,FY2021/22
Cairns and Hinterland,2021,Q2,Admitted Acute,12274.2,5234,64243338.0,61871897.0,2371441.0,3.69,FY2021/22
Cairns and Hinterland,2021,Q2,Admitted Subacute,2789.9,5234,14602116.0,14272219.0,329897.0,2.26,FY2021/22
Cairns and Hinterland,2021,Q2,Emergency Department,7542.2,5234,39476051.0,42925487.0,-3449436.0,-8.74,FY2021/22
Cairns and Hinterland,2021,Q2,Outpatient,5897.2,5234,30865906.0,33895343.0,-3029436.0,-9.81,FY2021/22
Cairns and Hinterland,2021,Q2,Mental Health,2354.5,5234,12323582.0,12098269.0,225313.0,1.83,FY2021/22
Cairns and Hinterland,2021,Q2,Maternity,1363.7,5234,7137558.0,7435109.0,-297552.0,-4.17,FY2021/22
Cairns and Hinterland,2021,Q3,Admitted Acute,13462.2,5234,70460958.0,77671617.0,-7210659.0,-10.23,FY2021/22
Cairns and Hinterland,2021,Q3,Admitted Subacute,2802.9,5234,14670420.0,14211365.0,459055.0,3.13,FY2021/22
Cairns and Hinterland,2021,Q3,Emergency Department,6749.9,5234,35328736.0,36127459.0,-798724.0,-2.26,FY2021/22
Cairns and Hinterland,2021,Q3,Outpatient,6067.7,5234,31758563.0,34817681.0,-3059118.0,-9.63,FY2021/22
Cairns and Hinterland,2021,Q3,Mental Health,2068.3,5234,10825423.0,11224091.0,-398668.0,-3.68,FY2021/22
Cairns and Hinterland,2021,Q3,Maternity,1266.1,5234,6627002.0,6545876.0,81126.0,1.22,FY2021/22
Cairns and Hinterland,2021,Q4,Admitted Acute,12050.6,5234,63072834.0,63539231.0,-466397.0,-0.74,FY2021/22
Cairns and Hinterland,2021,Q4,Admitted Subacute,3091.6,5234,16181236.0,16261244.0,-80008.0,-0.49,FY2021/22
Cairns and Hinterland,2021,Q4,Emergency Department,7078.3,5234,37047650.0,39622951.0,-2575302.0,-6.95,FY2021/22
Cairns and Hinterland,2021,Q4,Outpatient,5648.0,5234,29561458.0,32967025.0,-3405567.0,-11.52,FY2021/22
Cairns and Hinterland,2021,Q4,Mental Health,2411.6,5234,12622144.0,12531303.0,90842.0,0.72,FY2021/22
Cairns and Hinterland,2021,Q4,Maternity,1282.5,5234,6712789.0,6720504.0,-7715.0,-0.11,FY2021/22
Cairns and Hinterland,2022,Q1,Admitted Acute,13493.9,5389,72718645.0,69538716.0,3179930.0,4.37,FY2022/23
Cairns and Hinterland,2022,Q1,Admitted Subacute,3199.5,5389,17242088.0,17853414.0,-611326.0,-3.55,FY2022/23
Cairns and Hinterland,2022,Q1,Emergency Department,7134.7,5389,38448675.0,38347551.0,101124.0,0.26,FY2022/23
Cairns and Hinterland,2022,Q1,Outpatient,6699.5,5389,36103860.0,35769015.0,334844.0,0.93,FY2022/23
Cairns and Hinterland,2022,Q1,Mental Health,2306.7,5389,12430657.0,12843442.0,-412784.0,-3.32,FY2022/23
Cairns and Hinterland,2022,Q1,Maternity,1506.1,5389,8116327.0,8044492.0,71834.0,0.89,FY2022/23
Cairns and Hinterland,2022,Q2,Admitted Acute,14359.9,5389,77385475.0,83535711.0,-6150236.0,-7.95,FY2022/23
Cairns and Hinterland,2022,Q2,Admitted Subacute,3012.4,5389,16233718.0,17431714.0,-1197996.0,-7.38,FY2022/23
Cairns and Hinterland,2022,Q2,Emergency Department,7523.6,5389,40544948.0,42875958.0,-2331010.0,-5.75,FY2022/23
Cairns and Hinterland,2022,Q2,Outpatient,6423.1,5389,34614127.0,36036134.0,-1422007.0,-4.11,FY2022/23
Cairns and Hinterland,2022,Q2,Mental Health,2285.3,5389,12315511.0,13448555.0,-1133045.0,-9.2,FY2022/23
Cairns and Hinterland,2022,Q2,Maternity,1357.4,5389,7315171.0,7181363.0,133808.0,1.83,FY2022/23
Cairns and Hinterland,2022,Q3,Admitted Acute,12948.2,5389,69777705.0,73298116.0,-3520411.0,-5.05,FY2022/23
Cairns and Hinterland,2022,Q3,Admitted Subacute,3233.7,5389,17426450.0,16604269.0,822181.0,4.72,FY2022/23
Cairns and Hinterland,2022,Q3,Emergency Department,7701.1,5389,41501347.0,41024259.0,477088.0,1.15,FY2022/23
Cairns and Hinterland,2022,Q3,Outpatient,6434.8,5389,34677260.0,33971311.0,705950.0,2.04,FY2022/23
Cairns and Hinterland,2022,Q3,Mental Health,2520.3,5389,13582107.0,13795957.0,-213850.0,-1.57,FY2022/23
Cairns and Hinterland,2022,Q3,Maternity,1495.2,5389,8057379.0,7842880.0,214499.0,2.66,FY2022/23
Cairns and Hinterland,2022,Q4,Admitted Acute,13619.6,5389,73396156.0,71142196.0,2253959.0,3.07,FY2022/23
Cairns and Hinterland,2022,Q4,Admitted Subacute,3358.0,5389,18096469.0,19890692.0,-1794223.0,-9.91,FY2022/23
Cairns and Hinterland,2022,Q4,Emergency Department,7388.6,5389,39816985.0,42293494.0,-2476509.0,-6.22,FY2022/23
Cairns and Hinterland,2022,Q4,Outpatient,6607.9,5389,35610183.0,37190710.0,-1580527.0,-4.44,FY2022/23
Cairns and Hinterland,2022,Q4,Mental Health,2457.2,5389,13241998.0,13124341.0,117657.0,0.89,FY2022/23
Cairns and Hinterland,2022,Q4,Maternity,1306.5,5389,7040824.0,7762697.0,-721872.0,-10.25,FY2022/23
Cairns and Hinterland,2023,Q1,Admitted Acute,15216.2,5512,83871455.0,88704736.0,-4833281.0,-5.76,FY2023/24
Cairns and Hinterland,2023,Q1,Admitted Subacute,3134.6,5512,17278095.0,17439915.0,-161820.0,-0.94,FY2023/24
Cairns and Hinterland,2023,Q1,Emergency Department,8149.3,5512,44919177.0,49523785.0,-4604608.0,-10.25,FY2023/24
Cairns and Hinterland,2023,Q1,Outpatient,6833.5,5512,37666496.0,40776951.0,-3110456.0,-8.26,FY2023/24
Cairns and Hinterland,2023,Q1,Mental Health,2559.4,5512,14107245.0,13603669.0,503575.0,3.57,FY2023/24
Cairns and Hinterland,2023,Q1,Maternity,1352.6,5512,7455425.0,8221501.0,-766076.0,-10.28,FY2023/24
Cairns and Hinterland,2023,Q2,Admitted Acute,14543.5,5512,80163825.0,76280970.0,3882855.0,4.84,FY2023/24
Cairns and Hinterland,2023,Q2,Admitted Subacute,3012.3,5512,16604005.0,17646658.0,-1042653.0,-6.28,FY2023/24
Cairns and Hinterland,2023,Q2,Emergency Department,7242.2,5512,39918838.0,39014172.0,904666.0,2.27,FY2023/24
Cairns and Hinterland,2023,Q2,Outpatient,6485.2,5512,35746292.0,38163534.0,-2417242.0,-6.76,FY2023/24
Cairns and Hinterland,2023,Q2,Mental Health,2563.3,5512,14129159.0,13961387.0,167773.0,1.19,FY2023/24
Cairns and Hinterland,2023,Q2,Maternity,1478.5,5512,8149749.0,8070960.0,78789.0,0.97,FY2023/24
Cairns and Hinterland,2023,Q3,Admitted Acute,13900.5,5512,76619636.0,82511957.0,-5892321.0,-7.69,FY2023/24
Cairns and Hinterland,2023,Q3,Admitted Subacute,3294.5,5512,18159455.0,19873126.0,-1713671.0,-9.44,FY2023/24
Cairns and Hinterland,2023,Q3,Emergency Department,8063.3,5512,44445130.0,46516827.0,-2071697.0,-4.66,FY2023/24
Cairns and Hinterland,2023,Q3,Outpatient,6016.6,5512,33163761.0,33578696.0,-414935.0,-1.25,FY2023/24
Cairns and Hinterland,2023,Q3,Mental Health,2408.5,5512,13275580.0,13162449.0,113131.0,0.85,FY2023/24
Cairns and Hinterland,2023,Q3,Maternity,1538.2,5512,8478695.0,8621363.0,-142668.0,-1.68,FY2023/24
Cairns and Hinterland,2023,Q4,Admitted Acute,15197.0,5512,83765878.0,88565124.0,-4799246.0,-5.73,FY2023/24
Cairns and Hinterland,2023,Q4,Admitted Subacute,3369.3,5512,18571410.0,19229735.0,-658325.0,-3.54,FY2023/24
Cairns and Hinterland,2023,Q4,Emergency Department,7961.8,5512,43885308.0,45365473.0,-1480164.0,-3.37,FY2023/24
Cairns and Hinterland,2023,Q4,Outpatient,6121.2,5512,33740177.0,36197030.0,-2456854.0,-7.28,FY2023/24
Cairns and Hinterland,2023,Q4,Mental Health,2414.7,5512,13309944.0,12699466.0,610478.0,4.59,FY2023/24
Cairns and Hinterland,2023,Q4,Maternity,1463.3,5512,8065622.0,7905187.0,160435.0,1.99,FY2023/24
Cairns and Hinterland,2024,Q1,Admitted Acute,15655.7,5678,88892912.0,98863839.0,-9970928.0,-11.22,FY2024/25
Cairns and Hinterland,2024,Q1,Admitted Subacute,3509.1,5678,19924392.0,20181954.0,-257562.0,-1.29,FY2024/25
Cairns and Hinterland,2024,Q1,Emergency Department,7420.1,5678,42131570.0,46673950.0,-4542380.0,-10.78,FY2024/25
Cairns and Hinterland,2024,Q1,Outpatient,6505.6,5678,36938955.0,41162235.0,-4223279.0,-11.43,FY2024/25
Cairns and Hinterland,2024,Q1,Mental Health,2749.2,5678,15610113.0,17093255.0,-1483142.0,-9.5,FY2024/25
Cairns and Hinterland,2024,Q1,Maternity,1414.4,5678,8030969.0,8155181.0,-124212.0,-1.55,FY2024/25
Cairns and Hinterland,2024,Q2,Admitted Acute,15446.7,5678,87706134.0,88046148.0,-340014.0,-0.39,FY2024/25
Cairns and Hinterland,2024,Q2,Admitted Subacute,3116.6,5678,17696128.0,18486370.0,-790242.0,-4.47,FY2024/25
Cairns and Hinterland,2024,Q2,Emergency Department,8605.1,5678,48859651.0,52197990.0,-3338339.0,-6.83,FY2024/25
Cairns and Hinterland,2024,Q2,Outpatient,6655.0,5678,37787229.0,36522112.0,1265116.0,3.35,FY2024/25
Cairns and Hinterland,2024,Q2,Mental Health,2606.5,5678,14799539.0,16550460.0,-1750921.0,-11.83,FY2024/25
Cairns and Hinterland,2024,Q2,Maternity,1378.3,5678,7825872.0,8124163.0,-298291.0,-3.81,FY2024/25
Cairns and Hinterland,2024,Q3,Admitted Acute,15508.1,5678,88054725.0,94740779.0,-6686054.0,-7.59,FY2024/25
Cairns and Hinterland,2024,Q3,Admitted Subacute,3394.4,5678,19273141.0,20611126.0,-1337986.0,-6.94,FY2024/25
Cairns and Hinterland,2024,Q3,Emergency Department,7862.9,5678,44645632.0,44641641.0,3991.0,0.01,FY2024/25
Cairns and Hinterland,2024,Q3,Outpatient,6907.0,5678,39217987.0,42658161.0,-3440174.0,-8.77,FY2024/25
Cairns and Hinterland,2024,Q3,Mental Health,2709.7,5678,15385626.0,17004977.0,-1619351.0,-10.53,FY2024/25
Cairns and Hinterland,2024,Q3,Maternity,1465.2,5678,8319145.0,8612460.0,-293315.0,-3.53,FY2024/25
Cairns and Hinterland,2024,Q4,Admitted Acute,15323.0,5678,87004055.0,92267267.0,-5263212.0,-6.05,FY2024/25
Cairns and Hinterland,2024,Q4,Admitted Subacute,3397.0,5678,19287942.0,20932909.0,-1644967.0,-8.53,FY2024/25
Cairns and Hinterland,2024,Q4,Emergency Department,8545.7,5678,48522410.0,48884347.0,-361937.0,-0.75,FY2024/25
Cairns and Hinterland,2024,Q4,Outpatient,6450.2,5678,36624456.0,35378380.0,1246076.0,3.4,FY2024/25
Cairns and Hinterland,2024,Q4,Mental Health,2591.4,5678,14714144.0,14068343.0,645801.0,4.39,FY2024/25
Cairns and Hinterland,2024,Q4,Maternity,1454.4,5678,8258367.0,8607279.0,-348913.0,-4.22,FY2024/25
Townsville,2019,Q1,Admitted Acute,14004.8,5012,70191936.0,73732533.0,-3540597.0,-5.04,FY2019/20
Townsville,2019,Q1,Admitted Subacute,3017.4,5012,15123315.0,14463170.0,660145.0,4.37,FY2019/20
Townsville,2019,Q1,Emergency Department,8386.6,5012,42033831.0,42505972.0,-472141.0,-1.12,FY2019/20
Townsville,2019,Q1,Outpatient,6135.7,5012,30751884.0,31944483.0,-1192600.0,-3.88,FY2019/20
Townsville,2019,Q1,Mental Health,2647.1,5012,13267352.0,13090758.0,176594.0,1.33,FY2019/20
Townsville,2019,Q1,Maternity,1478.5,5012,7410295.0,7147297.0,262998.0,3.55,FY2019/20
Townsville,2019,Q2,Admitted Acute,13459.9,5012,67461027.0,70181749.0,-2720723.0,-4.03,FY2019/20
Townsville,2019,Q2,Admitted Subacute,3283.7,5012,16457962.0,17418500.0,-960537.0,-5.84,FY2019/20
Townsville,2019,Q2,Emergency Department,8263.5,5012,41416625.0,46216598.0,-4799974.0,-11.59,FY2019/20
Townsville,2019,Q2,Outpatient,6542.0,5012,32788592.0,32949341.0,-160749.0,-0.49,FY2019/20
Townsville,2019,Q2,Mental Health,2657.3,5012,13318616.0,13265894.0,52722.0,0.4,FY2019/20
Townsville,2019,Q2,Maternity,1435.8,5012,7196437.0,6932598.0,263839.0,3.67,FY2019/20
Townsville,2019,Q3,Admitted Acute,13398.8,5012,67154854.0,74787019.0,-7632165.0,-11.37,FY2019/20
Townsville,2019,Q3,Admitted Subacute,3437.9,5012,17230663.0,18407786.0,-1177123.0,-6.83,FY2019/20
Townsville,2019,Q3,Emergency Department,7858.8,5012,39388426.0,38579389.0,809037.0,2.05,FY2019/20
Townsville,2019,Q3,Outpatient,6166.3,5012,30905597.0,30675081.0,230516.0,0.75,FY2019/20
Townsville,2019,Q3,Mental Health,2557.5,5012,12818120.0,13734376.0,-916256.0,-7.15,FY2019/20
Townsville,2019,Q3,Maternity,1487.2,5012,7453675.0,7435702.0,17973.0,0.24,FY2019/20
Townsville,2019,Q4,Admitted Acute,15555.3,5012,77963101.0,83844830.0,-5881729.0,-7.54,FY2019/20
Townsville,2019,Q4,Admitted Subacute,3290.9,5012,16493855.0,17384399.0,-890545.0,-5.4,FY2019/20
Townsville,2019,Q4,Emergency Department,7872.4,5012,39456517.0,39145374.0,311144.0,0.79,FY2019/20
Townsville,2019,Q4,Outpatient,6374.6,5012,31949673.0,34468388.0,-2518715.0,-7.88,FY2019/20
Townsville,2019,Q4,Mental Health,2340.3,5012,11729803.0,11374769.0,355034.0,3.03,FY2019/20
Townsville,2019,Q4,Maternity,1344.7,5012,6739499.0,6449188.0,290311.0,4.31,FY2019/20
Townsville,2020,Q1,Admitted Acute,13822.9,5127,70869757.0,75803840.0,-4934083.0,-6.96,FY2020/21
Townsville,2020,Q1,Admitted Subacute,2930.6,5127,15025263.0,14523897.0,501366.0,3.34,FY2020/21
Townsville,2020,Q1,Emergency Department,7183.8,5127,36831344.0,37954339.0,-1122995.0,-3.05,FY2020/21
Townsville,2020,Q1,Outpatient,5577.8,5127,28597422.0,29276748.0,-679325.0,-2.38,FY2020/21
Townsville,2020,Q1,Mental Health,2251.7,5127,11544241.0,12175648.0,-631407.0,-5.47,FY2020/21
Townsville,2020,Q1,Maternity,1336.2,5127,6850545.0,6560778.0,289767.0,4.23,FY2020/21
Townsville,2020,Q2,Admitted Acute,12816.6,5127,65710756.0,69416592.0,-3705836.0,-5.64,FY2020/21
Townsville,2020,Q2,Admitted Subacute,2944.3,5127,15095178.0,16538327.0,-1443148.0,-9.56,FY2020/21
Townsville,2020,Q2,Emergency Department,7376.1,5127,37817258.0,36973890.0,843368.0,2.23,FY2020/21
Townsville,2020,Q2,Outpatient,5481.2,5127,28101906.0,29765856.0,-1663950.0,-5.92,FY2020/21
Townsville,2020,Q2,Mental Health,2115.4,5127,10845798.0,11383553.0,-537755.0,-4.96,FY2020/21
Townsville,2020,Q2,Maternity,1400.0,5127,7177925.0,7521249.0,-343325.0,-4.78,FY2020/21
Townsville,2020,Q3,Admitted Acute,12845.0,5127,65856212.0,69765371.0,-3909159.0,-5.94,FY2020/21
Townsville,2020,Q3,Admitted Subacute,2923.1,5127,14986829.0,15627589.0,-640760.0,-4.28,FY2020/21
Townsville,2020,Q3,Emergency Department,7701.6,5127,39485871.0,40103330.0,-617458.0,-1.56,FY2020/21
Townsville,2020,Q3,Outpatient,6319.8,5127,32401859.0,35768723.0,-3366864.0,-10.39,FY2020/21
Townsville,2020,Q3,Mental Health,2177.4,5127,11163633.0,10737086.0,426547.0,3.82,FY2020/21
Townsville,2020,Q3,Maternity,1224.4,5127,6277279.0,5982861.0,294419.0,4.69,FY2020/21
Townsville,2020,Q4,Admitted Acute,12230.3,5127,62704826.0,66850314.0,-4145488.0,-6.61,FY2020/21
Townsville,2020,Q4,Admitted Subacute,2740.9,5127,14052449.0,14111833.0,-59384.0,-0.42,FY2020/21
Townsville,2020,Q4,Emergency Department,7590.4,5127,38915904.0,37124069.0,1791835.0,4.6,FY2020/21
Townsville,2020,Q4,Outpatient,6181.7,5127,31693479.0,31627408.0,66071.0,0.21,FY2020/21
Townsville,2020,Q4,Mental Health,2149.0,5127,11017884.0,11772006.0,-754123.0,-6.84,FY2020/21
Townsville,2020,Q4,Maternity,1334.9,5127,6843946.0,7522661.0,-678716.0,-9.92,FY2020/21
Townsville,2021,Q1,Admitted Acute,14849.8,5234,77723723.0,84453957.0,-6730234.0,-8.66,FY2021/22
Townsville,2021,Q1,Admitted Subacute,3107.8,5234,16266166.0,15943522.0,322644.0,1.98,FY2021/22
Townsville,2021,Q1,Emergency Department,8187.0,5234,42850508.0,46585440.0,-3734932.0,-8.72,FY2021/22
Townsville,2021,Q1,Outpatient,6945.6,5234,36353298.0,37085635.0,-732337.0,-2.01,FY2021/22
Townsville,2021,Q1,Mental Health,2453.2,5234,12840192.0,13892962.0,-1052770.0,-8.2,FY2021/22
Townsville,2021,Q1,Maternity,1394.7,5234,7299842.0,8089895.0,-790053.0,-10.82,FY2021/22
Townsville,2021,Q2,Admitted Acute,15132.2,5234,79201976.0,81017997.0,-1816021.0,-2.29,FY2021/22
Townsville,2021,Q2,Admitted Subacute,3349.3,5234,17530444.0,18902592.0,-1372148.0,-7.83,FY2021/22
Townsville,2021,Q2,Emergency Department,7371.5,5234,38582402.0,42573134.0,-3990732.0,-10.34,FY2021/22
Townsville,2021,Q2,Outpatient,6445.6,5234,33736203.0,36789255.0,-3053051.0,-9.05,FY2021/22
Townsville,2021,Q2,Mental Health,2432.4,5234,12731194.0,14032818.0,-1301624.0,-10.22,FY2021/22
Townsville,2021,Q2,Maternity,1405.8,5234,7357847.0,7003511.0,354336.0,4.82,FY2021/22
Townsville,2021,Q3,Admitted Acute,15239.8,5234,79764903.0,77014508.0,2750395.0,3.45,FY2021/22
Townsville,2021,Q3,Admitted Subacute,3127.0,5234,16366694.0,18191752.0,-1825059.0,-11.15,FY2021/22
Townsville,2021,Q3,Emergency Department,8438.8,5234,44168810.0,46266142.0,-2097331.0,-4.75,FY2021/22
Townsville,2021,Q3,Outpatient,6576.0,5234,34418908.0,35321914.0,-903005.0,-2.62,FY2021/22
Townsville,2021,Q3,Mental Health,2421.6,5234,12674903.0,12749342.0,-74439.0,-0.59,FY2021/22
Townsville,2021,Q3,Maternity,1470.7,5234,7697403.0,8297059.0,-599656.0,-7.79,FY2021/22
Townsville,2021,Q4,Admitted Acute,14979.2,5234,78400972.0,85005085.0,-6604113.0,-8.42,FY2021/22
Townsville,2021,Q4,Admitted Subacute,3009.5,5234,15751572.0,16287936.0,-536364.0,-3.41,FY2021/22
Townsville,2021,Q4,Emergency Department,7314.1,5234,38282048.0,39944251.0,-1662203.0,-4.34,FY2021/22
Townsville,2021,Q4,Outpatient,6379.9,5234,33392535.0,36762166.0,-3369631.0,-10.09,FY2021/22
Townsville,2021,Q4,Mental Health,2444.8,5234,12795931.0,12410791.0,385140.0,3.01,FY2021/22
Townsville,2021,Q4,Maternity,1349.4,5234,7062764.0,7623948.0,-561185.0,-7.95,FY2021/22
Townsville,2022,Q1,Admitted Acute,15882.3,5389,85589908.0,82781776.0,2808132.0,3.28,FY2022/23
Townsville,2022,Q1,Admitted Subacute,3273.8,5389,17642557.0,18862800.0,-1220243.0,-6.92,FY2022/23
Townsville,2022,Q1,Emergency Department,7987.1,5389,43042396.0,46903996.0,-3861601.0,-8.97,FY2022/23
Townsville,2022,Q1,Outpatient,7245.8,5389,39047835.0,37635447.0,1412388.0,3.62,FY2022/23
Townsville,2022,Q1,Mental Health,2546.6,5389,13723708.0,15339382.0,-1615675.0,-11.77,FY2022/23
Townsville,2022,Q1,Maternity,1527.4,5389,8231122.0,8338202.0,-107080.0,-1.3,FY2022/23
Townsville,2022,Q2,Admitted Acute,16367.6,5389,88205116.0,97998729.0,-9793613.0,-11.1,FY2022/23
Townsville,2022,Q2,Admitted Subacute,3779.9,5389,20369919.0,21960286.0,-1590367.0,-7.81,FY2022/23
Townsville,2022,Q2,Emergency Department,8403.4,5389,45285870.0,43664415.0,1621455.0,3.58,FY2022/23
Townsville,2022,Q2,Outpatient,7325.4,5389,39476672.0,41250309.0,-1773636.0,-4.49,FY2022/23
Townsville,2022,Q2,Mental Health,2694.7,5389,14521950.0,16033398.0,-1511448.0,-10.41,FY2022/23
Townsville,2022,Q2,Maternity,1461.8,5389,7877547.0,8143385.0,-265838.0,-3.37,FY2022/23
Townsville,2022,Q3,Admitted Acute,14368.8,5389,77433549.0,79731182.0,-2297632.0,-2.97,FY2022/23
Townsville,2022,Q3,Admitted Subacute,3258.2,5389,17558478.0,17035219.0,523259.0,2.98,FY2022/23
Townsville,2022,Q3,Emergency Department,8048.5,5389,43373290.0,45991551.0,-2618261.0,-6.04,FY2022/23
Townsville,2022,Q3,Outpatient,7290.5,5389,39288565.0,41220489.0,-1931924.0,-4.92,FY2022/23
Townsville,2022,Q3,Mental Health,2929.5,5389,15787225.0,16003952.0,-216727.0,-1.37,FY2022/23
Townsville,2022,Q3,Maternity,1505.3,5389,8112097.0,8904340.0,-792242.0,-9.77,FY2022/23
Townsville,2022,Q4,Admitted Acute,14898.1,5389,80286120.0,89418492.0,-9132372.0,-11.37,FY2022/23
Townsville,2022,Q4,Admitted Subacute,3233.4,5389,17424970.0,19426740.0,-2001770.0,-11.49,FY2022/23
Townsville,2022,Q4,Emergency Department,7946.5,5389,42823567.0,47169916.0,-4346349.0,-10.15,FY2022/23
Townsville,2022,Q4,Outpatient,7045.5,5389,37968005.0,42478757.0,-4510751.0,-11.88,FY2022/23
Townsville,2022,Q4,Mental Health,2541.8,5389,13697739.0,14302565.0,-604827.0,-4.42,FY2022/23
Townsville,2022,Q4,Maternity,1675.8,5389,9030854.0,9382395.0,-351541.0,-3.89,FY2022/23
Townsville,2023,Q1,Admitted Acute,16280.2,5512,89736602.0,95863573.0,-6126971.0,-6.83,FY2023/24
Townsville,2023,Q1,Admitted Subacute,3562.6,5512,19637313.0,20750452.0,-1113139.0,-5.67,FY2023/24
Townsville,2023,Q1,Emergency Department,8890.8,5512,49006330.0,54063629.0,-5057299.0,-10.32,FY2023/24
Townsville,2023,Q1,Outpatient,6655.5,5512,36685064.0,36603027.0,82037.0,0.22,FY2023/24
Townsville,2023,Q1,Mental Health,2992.4,5512,16494130.0,18165725.0,-1671595.0,-10.13,FY2023/24
Townsville,2023,Q1,Maternity,1583.7,5512,8729264.0,9213062.0,-483798.0,-5.54,FY2023/24
Townsville,2023,Q2,Admitted Acute,15381.9,5512,84784905.0,83257131.0,1527773.0,1.8,FY2023/24
Townsville,2023,Q2,Admitted Subacute,3567.9,5512,19666296.0,19864333.0,-198037.0,-1.01,FY2023/24
Townsville,2023,Q2,Emergency Department,8889.9,5512,49001237.0,47198721.0,1802516.0,3.68,FY2023/24
Townsville,2023,Q2,Outpatient,7722.3,5512,42565290.0,47573344.0,-5008054.0,-11.77,FY2023/24
Townsville,2023,Q2,Mental Health,2879.7,5512,15873177.0,16526142.0,-652965.0,-4.11,FY2023/24
Townsville,2023,Q2,Maternity,1546.4,5512,8523710.0,9276738.0,-753028.0,-8.83,FY2023/24
Townsville,2023,Q3,Admitted Acute,16421.4,5512,90514944.0,88491471.0,2023472.0,2.24,FY2023/24
Townsville,2023,Q3,Admitted Subacute,3824.7,5512,21081771.0,22975574.0,-1893804.0,-8.98,FY2023/24
Townsville,2023,Q3,Emergency Department,9403.8,5512,51833961.0,55637139.0,-3803178.0,-7.34,FY2023/24
Townsville,2023,Q3,Outpatient,7307.7,5512,40280296.0,41130263.0,-849967.0,-2.11,FY2023/24
Townsville,2023,Q3,Mental Health,2984.5,5512,16450600.0,18050106.0,-1599506.0,-9.72,FY2023/24
Townsville,2023,Q3,Maternity,1478.9,5512,8151916.0,7780860.0,371056.0,4.55,FY2023/24
Townsville,2023,Q4,Admitted Acute,15634.7,5512,86178657.0,93744631.0,-7565975.0,-8.78,FY2023/24
Townsville,2023,Q4,Admitted Subacute,3868.5,5512,21323414.0,20802502.0,520912.0,2.44,FY2023/24
Townsville,2023,Q4,Emergency Department,8904.6,5512,49082276.0,49806310.0,-724035.0,-1.48,FY2023/24
Townsville,2023,Q4,Outpatient,7717.1,5512,42536929.0,46499679.0,-3962750.0,-9.32,FY2023/24
Townsville,2023,Q4,Mental Health,2942.3,5512,16218220.0,16699542.0,-481322.0,-2.97,FY2023/24
Townsville,2023,Q4,Maternity,1573.3,5512,8671820.0,8641288.0,30532.0,0.35,FY2023/24
Townsville,2024,Q1,Admitted Acute,15154.6,5678,86048046.0,94394948.0,-8346902.0,-9.7,FY2024/25
Townsville,2024,Q1,Admitted Subacute,3854.1,5678,21883373.0,24508328.0,-2624954.0,-12.0,FY2024/25
Townsville,2024,Q1,Emergency Department,9684.8,5678,54990278.0,57433133.0,-2442855.0,-4.44,FY2024/25
Townsville,2024,Q1,Outpatient,7656.6,5678,43473895.0,48282550.0,-4808655.0,-11.06,FY2024/25
Townsville,2024,Q1,Mental Health,3014.4,5678,17115700.0,16979617.0,136084.0,0.8,FY2024/25
Townsville,2024,Q1,Maternity,1618.3,5678,9188946.0,8931261.0,257685.0,2.8,FY2024/25
Townsville,2024,Q2,Admitted Acute,17497.6,5678,99351221.0,104621772.0,-5270551.0,-5.3,FY2024/25
Townsville,2024,Q2,Admitted Subacute,3511.0,5678,19935219.0,21214844.0,-1279624.0,-6.42,FY2024/25
Townsville,2024,Q2,Emergency Department,9141.4,5678,51905142.0,52470268.0,-565126.0,-1.09,FY2024/25
Townsville,2024,Q2,Outpatient,6886.7,5678,39102957.0,41612094.0,-2509137.0,-6.42,FY2024/25
Townsville,2024,Q2,Mental Health,2864.0,5678,16261582.0,17583553.0,-1321971.0,-8.13,FY2024/25
Townsville,2024,Q2,Maternity,1636.5,5678,9292119.0,10173670.0,-881551.0,-9.49,FY2024/25
Townsville,2024,Q3,Admitted Acute,16448.0,5678,93391613.0,97627805.0,-4236193.0,-4.54,FY2024/25
Townsville,2024,Q3,Admitted Subacute,3891.5,5678,22095950.0,22506760.0,-410810.0,-1.86,FY2024/25
Townsville,2024,Q3,Emergency Department,8446.5,5678,47959249.0,45795954.0,2163295.0,4.51,FY2024/25
Townsville,2024,Q3,Outpatient,7640.3,5678,43381531.0,45787151.0,-2405620.0,-5.55,FY2024/25
Townsville,2024,Q3,Mental Health,2947.9,5678,16738182.0,16507260.0,230922.0,1.38,FY2024/25
Townsville,2024,Q3,Maternity,1536.3,5678,8723355.0,8308757.0,414598.0,4.75,FY2024/25
Townsville,2024,Q4,Admitted Acute,15922.5,5678,90408145.0,94954410.0,-4546265.0,-5.03,FY2024/25
Townsville,2024,Q4,Admitted Subacute,3607.0,5678,20480732.0,20979863.0,-499131.0,-2.44,FY2024/25
Townsville,2024,Q4,Emergency Department,9552.0,5678,54236510.0,54735672.0,-499162.0,-0.92,FY2024/25
Townsville,2024,Q4,Outpatient,7357.1,5678,41773362.0,45249783.0,-3476421.0,-8.32,FY2024/25
Townsville,2024,Q4,Mental Health,2807.4,5678,15940607.0,16829371.0,-888764.0,-5.58,FY2024/25
Townsville,2024,Q4,Maternity,1725.8,5678,9799245.0,10891063.0,-1091817.0,-11.14,FY2024/25
Mackay,2019,Q1,Admitted Acute,7548.3,5012,37831849.0,41899526.0,-4067677.0,-10.75,FY2019/20
Mackay,2019,Q1,Admitted Subacute,1797.7,5012,9010220.0,8955272.0,54948.0,0.61,FY2019/20
Mackay,2019,Q1,Emergency Department,4371.2,5012,21908613.0,24463278.0,-2554666.0,-11.66,FY2019/20
Mackay,2019,Q1,Outpatient,3595.7,5012,18021889.0,18127998.0,-106109.0,-0.59,FY2019/20
Mackay,2019,Q1,Mental Health,1429.9,5012,7166568.0,7100813.0,65755.0,0.92,FY2019/20
Mackay,2019,Q1,Maternity,745.7,5012,3737501.0,3632513.0,104988.0,2.81,FY2019/20
Mackay,2019,Q2,Admitted Acute,7523.9,5012,37709780.0,36798088.0,911692.0,2.42,FY2019/20
Mackay,2019,Q2,Admitted Subacute,1696.0,5012,8500263.0,9001342.0,-501080.0,-5.89,FY2019/20
Mackay,2019,Q2,Emergency Department,4176.0,5012,20930330.0,21113752.0,-183422.0,-0.88,FY2019/20
Mackay,2019,Q2,Outpatient,3828.6,5012,19188693.0,19775358.0,-586665.0,-3.06,FY2019/20
Mackay,2019,Q2,Mental Health,1437.5,5012,7204915.0,7055733.0,149182.0,2.07,FY2019/20
Mackay,2019,Q2,Maternity,760.6,5012,3812192.0,3648069.0,164124.0,4.31,FY2019/20
Mackay,2019,Q3,Admitted Acute,7576.2,5012,37972099.0,37871866.0,100233.0,0.26,FY2019/20
Mackay,2019,Q3,Admitted Subacute,1707.0,5012,8555379.0,8256620.0,298759.0,3.49,FY2019/20
Mackay,2019,Q3,Emergency Department,4132.9,5012,20714233.0,21301117.0,-586884.0,-2.83,FY2019/20
Mackay,2019,Q3,Outpatient,3430.8,5012,17195411.0,17400482.0,-205070.0,-1.19,FY2019/20
Mackay,2019,Q3,Mental Health,1400.8,5012,7020637.0,7493597.0,-472960.0,-6.74,FY2019/20
Mackay,2019,Q3,Maternity,741.0,5012,3714052.0,4033088.0,-319036.0,-8.59,FY2019/20
Mackay,2019,Q4,Admitted Acute,8163.7,5012,40916527.0,39439401.0,1477126.0,3.61,FY2019/20
Mackay,2019,Q4,Admitted Subacute,1907.6,5012,9560844.0,10579536.0,-1018692.0,-10.65,FY2019/20
Mackay,2019,Q4,Emergency Department,4091.0,5012,20504086.0,20443993.0,60093.0,0.29,FY2019/20
Mackay,2019,Q4,Outpatient,3776.4,5012,18927176.0,20388433.0,-1461256.0,-7.72,FY2019/20
Mackay,2019,Q4,Mental Health,1329.3,5012,6662616.0,6566603.0,96012.0,1.44,FY2019/20
Mackay,2019,Q4,Maternity,783.4,5012,3926503.0,4053600.0,-127097.0,-3.24,FY2019/20
Mackay,2020,Q1,Admitted Acute,7352.5,5127,37696433.0,38175755.0,-479322.0,-1.27,FY2020/21
Mackay,2020,Q1,Admitted Subacute,1613.9,5127,8274298.0,8911999.0,-637701.0,-7.71,FY2020/21
Mackay,2020,Q1,Emergency Department,3674.6,5127,18839624.0,18706131.0,133492.0,0.71,FY2020/21
Mackay,2020,Q1,Outpatient,3358.0,5127,17216703.0,18975994.0,-1759292.0,-10.22,FY2020/21
Mackay,2020,Q1,Mental Health,1265.2,5127,6486472.0,6748910.0,-262438.0,-4.05,FY2020/21
Mackay,2020,Q1,Maternity,676.2,5127,3467111.0,3557465.0,-90353.0,-2.61,FY2020/21
Mackay,2020,Q2,Admitted Acute,7253.7,5127,37189508.0,36862983.0,326524.0,0.88,FY2020/21
Mackay,2020,Q2,Admitted Subacute,1563.7,5127,8016859.0,8130204.0,-113345.0,-1.41,FY2020/21
Mackay,2020,Q2,Emergency Department,3664.0,5127,18785540.0,18874836.0,-89296.0,-0.48,FY2020/21
Mackay,2020,Q2,Outpatient,3097.3,5127,15879766.0,15969877.0,-90111.0,-0.57,FY2020/21
Mackay,2020,Q2,Mental Health,1186.0,5127,6080487.0,6696986.0,-616498.0,-10.14,FY2020/21
Mackay,2020,Q2,Maternity,732.4,5127,3755045.0,4000802.0,-245758.0,-6.54,FY2020/21
Mackay,2020,Q3,Admitted Acute,7549.9,5127,38708161.0,40052695.0,-1344535.0,-3.47,FY2020/21
Mackay,2020,Q3,Admitted Subacute,1516.3,5127,7774028.0,8095159.0,-321130.0,-4.13,FY2020/21
Mackay,2020,Q3,Emergency Department,4023.9,5127,20630765.0,22213654.0,-1582889.0,-7.67,FY2020/21
Mackay,2020,Q3,Outpatient,3211.7,5127,16466353.0,16000168.0,466185.0,2.83,FY2020/21
Mackay,2020,Q3,Mental Health,1219.1,5127,6250389.0,6323669.0,-73280.0,-1.17,FY2020/21
Mackay,2020,Q3,Maternity,738.4,5127,3786018.0,3964083.0,-178065.0,-4.7,FY2020/21
Mackay,2020,Q4,Admitted Acute,7049.9,5127,36144607.0,40399101.0,-4254495.0,-11.77,FY2020/21
Mackay,2020,Q4,Admitted Subacute,1651.1,5127,8465076.0,8383206.0,81870.0,0.97,FY2020/21
Mackay,2020,Q4,Emergency Department,3715.9,5127,19051566.0,18594063.0,457503.0,2.4,FY2020/21
Mackay,2020,Q4,Outpatient,3115.2,5127,15971691.0,15609387.0,362304.0,2.27,FY2020/21
Mackay,2020,Q4,Mental Health,1199.5,5127,6149690.0,6140258.0,9433.0,0.15,FY2020/21
Mackay,2020,Q4,Maternity,683.9,5127,3506299.0,3865520.0,-359221.0,-10.25,FY2020/21
Mackay,2021,Q1,Admitted Acute,7365.7,5234,38551991.0,40061954.0,-1509963.0,-3.92,FY2021/22
Mackay,2021,Q1,Admitted Subacute,1751.1,5234,9165413.0,10237807.0,-1072393.0,-11.7,FY2021/22
Mackay,2021,Q1,Emergency Department,4073.2,5234,21319265.0,21695240.0,-375975.0,-1.76,FY2021/22
Mackay,2021,Q1,Outpatient,3820.1,5234,19994401.0,21936582.0,-1942180.0,-9.71,FY2021/22
Mackay,2021,Q1,Mental Health,1451.9,5234,7599249.0,7552464.0,46785.0,0.62,FY2021/22
Mackay,2021,Q1,Maternity,748.0,5234,3915143.0,4164418.0,-249275.0,-6.37,FY2021/22
Mackay,2021,Q2,Admitted Acute,8438.5,5234,44166881.0,46138919.0,-1972038.0,-4.46,FY2021/22
Mackay,2021,Q2,Admitted Subacute,1797.0,5234,9405269.0,9382663.0,22606.0,0.24,FY2021/22
Mackay,2021,Q2,Emergency Department,4530.1,5234,23710316.0,23278728.0,431589.0,1.82,FY2021/22
Mackay,2021,Q2,Outpatient,3453.0,5234,18072790.0,18476251.0,-403460.0,-2.23,FY2021/22
Mackay,2021,Q2,Mental Health,1383.5,5234,7241148.0,7177496.0,63652.0,0.88,FY2021/22
Mackay,2021,Q2,Maternity,740.9,5234,3878080.0,4086742.0,-208662.0,-5.38,FY2021/22
Mackay,2021,Q3,Admitted Acute,7629.0,5234,39929999.0,41879002.0,-1949003.0,-4.88,FY2021/22
Mackay,2021,Q3,Admitted Subacute,1678.4,5234,8784487.0,9063779.0,-279292.0,-3.18,FY2021/22
Mackay,2021,Q3,Emergency Department,4365.4,5234,22848738.0,21907598.0,941139.0,4.12,FY2021/22
Mackay,2021,Q3,Outpatient,3460.3,5234,18111250.0,17619538.0,491711.0,2.71,FY2021/22
Mackay,2021,Q3,Mental Health,1285.3,5234,6727090.0,7522859.0,-795769.0,-11.83,FY2021/22
Mackay,2021,Q3,Maternity,767.2,5234,4015299.0,4367355.0,-352056.0,-8.77,FY2021/22
Mackay,2021,Q4,Admitted Acute,7586.0,5234,39705243.0,42320051.0,-2614807.0,-6.59,FY2021/22
Mackay,2021,Q4,Admitted Subacute,1850.6,5234,9685890.0,10182375.0,-496485.0,-5.13,FY2021/22
Mackay,2021,Q4,Emergency Department,4323.0,5234,22626843.0,23079672.0,-452830.0,-2.0,FY2021/22
Mackay,2021,Q4,Outpatient,3467.3,5234,18147742.0,20108061.0,-1960318.0,-10.8,FY2021/22
Mackay,2021,Q4,Mental Health,1454.9,5234,7614926.0,8483443.0,-868517.0,-11.41,FY2021/22
Mackay,2021,Q4,Maternity,742.1,5234,3884336.0,4172738.0,-288402.0,-7.42,FY2021/22
Mackay,2022,Q1,Admitted Acute,9203.2,5389,49595810.0,48644048.0,951762.0,1.92,FY2022/23
Mackay,2022,Q1,Admitted Subacute,1800.8,5389,9704442.0,10441888.0,-737446.0,-7.6,FY2022/23
Mackay,2022,Q1,Emergency Department,4786.4,5389,25793701.0,28195375.0,-2401674.0,-9.31,FY2022/23
Mackay,2022,Q1,Outpatient,3646.9,5389,19653398.0,21327778.0,-1674380.0,-8.52,FY2022/23
Mackay,2022,Q1,Mental Health,1433.2,5389,7723255.0,7551965.0,171290.0,2.22,FY2022/23
Mackay,2022,Q1,Maternity,813.8,5389,4385584.0,4773611.0,-388026.0,-8.85,FY2022/23
Mackay,2022,Q2,Admitted Acute,8827.3,5389,47570381.0,49421874.0,-1851493.0,-3.89,FY2022/23
Mackay,2022,Q2,Admitted Subacute,1891.3,5389,10192183.0,11202474.0,-1010291.0,-9.91,FY2022/23
Mackay,2022,Q2,Emergency Department,4648.6,5389,25051319.0,27276424.0,-2225106.0,-8.88,FY2022/23
Mackay,2022,Q2,Outpatient,3832.3,5389,20652331.0,20943127.0,-290796.0,-1.41,FY2022/23
Mackay,2022,Q2,Mental Health,1496.0,5389,8062016.0,8071966.0,-9950.0,-0.12,FY2022/23
Mackay,2022,Q2,Maternity,894.1,5389,4818149.0,4989012.0,-170863.0,-3.55,FY2022/23
Mackay,2022,Q3,Admitted Acute,8231.5,5389,44359686.0,48925526.0,-4565839.0,-10.29,FY2022/23
Mackay,2022,Q3,Admitted Subacute,1899.1,5389,10233995.0,10667957.0,-433962.0,-4.24,FY2022/23
Mackay,2022,Q3,Emergency Department,5037.6,5389,27147724.0,28671267.0,-1523543.0,-5.61,FY2022/23
Mackay,2022,Q3,Outpatient,3632.8,5389,19577069.0,21726072.0,-2149003.0,-10.98,FY2022/23
Mackay,2022,Q3,Mental Health,1535.8,5389,8276168.0,8333555.0,-57387.0,-0.69,FY2022/23
Mackay,2022,Q3,Maternity,810.4,5389,4367051.0,4738181.0,-371131.0,-8.5,FY2022/23
Mackay,2022,Q4,Admitted Acute,8765.2,5389,47235771.0,49157718.0,-1921947.0,-4.07,FY2022/23
Mackay,2022,Q4,Admitted Subacute,2056.9,5389,11084899.0,12016712.0,-931814.0,-8.41,FY2022/23
Mackay,2022,Q4,Emergency Department,4466.4,5389,24069363.0,24141396.0,-72034.0,-0.3,FY2022/23
Mackay,2022,Q4,Outpatient,3714.3,5389,20016171.0,21546825.0,-1530654.0,-7.65,FY2022/23
Mackay,2022,Q4,Mental Health,1392.7,5389,7505123.0,7856973.0,-351850.0,-4.69,FY2022/23
Mackay,2022,Q4,Maternity,896.1,5389,4829160.0,5307489.0,-478329.0,-9.91,FY2022/23
Mackay,2023,Q1,Admitted Acute,8577.7,5512,47280013.0,51516952.0,-4236939.0,-8.96,FY2023/24
Mackay,2023,Q1,Admitted Subacute,1856.6,5512,10233845.0,11194771.0,-960926.0,-9.39,FY2023/24
Mackay,2023,Q1,Emergency Department,4551.5,5512,25088018.0,25528033.0,-440015.0,-1.75,FY2023/24
Mackay,2023,Q1,Outpatient,4148.4,5512,22865795.0,22305262.0,560533.0,2.45,FY2023/24
Mackay,2023,Q1,Mental Health,1473.3,5512,8120761.0,8711814.0,-591053.0,-7.28,FY2023/24
Mackay,2023,Q1,Maternity,911.0,5512,5021328.0,5317562.0,-296234.0,-5.9,FY2023/24
Mackay,2023,Q2,Admitted Acute,9073.1,5512,50010814.0,52124428.0,-2113615.0,-4.23,FY2023/24
Mackay,2023,Q2,Admitted Subacute,1901.4,5512,10480351.0,10572246.0,-91895.0,-0.88,FY2023/24
Mackay,2023,Q2,Emergency Department,4593.4,5512,25318982.0,27963210.0,-2644228.0,-10.44,FY2023/24
Mackay,2023,Q2,Outpatient,4012.8,5512,22118758.0,22520097.0,-401339.0,-1.81,FY2023/24
Mackay,2023,Q2,Mental Health,1530.6,5512,8436878.0,9373693.0,-936815.0,-11.1,FY2023/24
Mackay,2023,Q2,Maternity,831.2,5512,4581530.0,4809044.0,-227515.0,-4.97,FY2023/24
Mackay,2023,Q3,Admitted Acute,8808.3,5512,48551301.0,51170509.0,-2619208.0,-5.39,FY2023/24
Mackay,2023,Q3,Admitted Subacute,1827.3,5512,10072283.0,11061997.0,-989713.0,-9.83,FY2023/24
Mackay,2023,Q3,Emergency Department,5174.6,5512,28522574.0,29836684.0,-1314110.0,-4.61,FY2023/24
Mackay,2023,Q3,Outpatient,4084.6,5512,22514304.0,24919392.0,-2405088.0,-10.68,FY2023/24
Mackay,2023,Q3,Mental Health,1591.1,5512,8769943.0,8558864.0,211078.0,2.41,FY2023/24
Mackay,2023,Q3,Maternity,890.7,5512,4909767.0,5170679.0,-260913.0,-5.31,FY2023/24
Mackay,2023,Q4,Admitted Acute,8693.2,5512,47916786.0,51519914.0,-3603128.0,-7.52,FY2023/24
Mackay,2023,Q4,Admitted Subacute,2117.6,5512,11672252.0,12925230.0,-1252977.0,-10.73,FY2023/24
Mackay,2023,Q4,Emergency Department,4801.9,5512,26468238.0,25654352.0,813886.0,3.07,FY2023/24
Mackay,2023,Q4,Outpatient,4267.2,5512,23520781.0,25699103.0,-2178322.0,-9.26,FY2023/24
Mackay,2023,Q4,Mental Health,1447.5,5512,7978713.0,8828790.0,-850077.0,-10.65,FY2023/24
Mackay,2023,Q4,Maternity,932.1,5512,5137633.0,5333903.0,-196270.0,-3.82,FY2023/24
Mackay,2024,Q1,Admitted Acute,9131.4,5678,51848297.0,52772776.0,-924479.0,-1.78,FY2024/25
Mackay,2024,Q1,Admitted Subacute,1880.7,5678,10678857.0,10753434.0,-74576.0,-0.7,FY2024/25
Mackay,2024,Q1,Emergency Department,5189.9,5678,29468025.0,28017828.0,1450197.0,4.92,FY2024/25
Mackay,2024,Q1,Outpatient,3942.1,5678,22383286.0,22779217.0,-395931.0,-1.77,FY2024/25
Mackay,2024,Q1,Mental Health,1584.4,5678,8996358.0,9953349.0,-956992.0,-10.64,FY2024/25
Mackay,2024,Q1,Maternity,877.9,5678,4984568.0,5029339.0,-44772.0,-0.9,FY2024/25
Mackay,2024,Q2,Admitted Acute,9342.0,5678,53043886.0,54469549.0,-1425663.0,-2.69,FY2024/25
Mackay,2024,Q2,Admitted Subacute,1935.8,5678,10991313.0,11287141.0,-295828.0,-2.69,FY2024/25
Mackay,2024,Q2,Emergency Department,4665.6,5678,26491043.0,25960845.0,530197.0,2.0,FY2024/25
Mackay,2024,Q2,Outpatient,4048.9,5678,22989894.0,23477679.0,-487784.0,-2.12,FY2024/25
Mackay,2024,Q2,Mental Health,1679.5,5678,9536435.0,9647124.0,-110689.0,-1.16,FY2024/25
Mackay,2024,Q2,Maternity,911.6,5678,5176092.0,5473639.0,-297547.0,-5.75,FY2024/25
Mackay,2024,Q3,Admitted Acute,8298.9,5678,47120904.0,50080161.0,-2959257.0,-6.28,FY2024/25
Mackay,2024,Q3,Admitted Subacute,1920.7,5678,10905642.0,12142145.0,-1236503.0,-11.34,FY2024/25
Mackay,2024,Q3,Emergency Department,4671.7,5678,26526145.0,27069562.0,-543417.0,-2.05,FY2024/25
Mackay,2024,Q3,Outpatient,3781.3,5678,21470259.0,24035281.0,-2565022.0,-11.95,FY2024/25
Mackay,2024,Q3,Mental Health,1575.6,5678,8945991.0,9404164.0,-458173.0,-5.12,FY2024/25
Mackay,2024,Q3,Maternity,837.7,5678,4756228.0,5124804.0,-368576.0,-7.75,FY2024/25
Mackay,2024,Q4,Admitted Acute,8582.3,5678,48730095.0,53733177.0,-5003081.0,-10.27,FY2024/25
Mackay,2024,Q4,Admitted Subacute,1929.5,5678,10955504.0,10762872.0,192632.0,1.76,FY2024/25
Mackay,2024,Q4,Emergency Department,4582.9,5678,26021975.0,26809176.0,-787201.0,-3.03,FY2024/25
Mackay,2024,Q4,Outpatient,4092.0,5678,23234473.0,22332289.0,902184.0,3.88,FY2024/25
Mackay,2024,Q4,Mental Health,1644.4,5678,9337090.0,9589744.0,-252653.0,-2.71,FY2024/25
Mackay,2024,Q4,Maternity,903.5,5678,5130142.0,5258035.0,-127893.0,-2.49,FY2024/25
North West,2019,Q1,Admitted Acute,2460.3,5012,12331050.0,12887659.0,-556609.0,-4.51,FY2019/20
North West,2019,Q1,Admitted Subacute,531.5,5012,2663736.0,2612932.0,50803.0,1.91,FY2019/20
North West,2019,Q1,Emergency Department,1454.6,5012,7290419.0,8098487.0,-808067.0,-11.08,FY2019/20
North West,2019,Q1,Outpatient,1102.2,5012,5524205.0,5502255.0,21950.0,0.4,FY2019/20
North West,2019,Q1,Mental Health,447.6,5012,2243271.0,2286981.0,-43710.0,-1.95,FY2019/20
North West,2019,Q1,Maternity,231.0,5012,1157849.0,1130693.0,27156.0,2.35,FY2019/20
North West,2019,Q2,Admitted Acute,2586.4,5012,12962981.0,13766907.0,-803926.0,-6.2,FY2019/20
North West,2019,Q2,Admitted Subacute,519.9,5012,2605932.0,2573971.0,31961.0,1.23,FY2019/20
North West,2019,Q2,Emergency Department,1315.8,5012,6594972.0,7018513.0,-423541.0,-6.42,FY2019/20
North West,2019,Q2,Outpatient,1038.5,5012,5205202.0,5037066.0,168136.0,3.23,FY2019/20
North West,2019,Q2,Mental Health,458.5,5012,2297973.0,2252823.0,45149.0,1.96,FY2019/20
North West,2019,Q2,Maternity,256.1,5012,1283623.0,1271417.0,12206.0,0.95,FY2019/20
North West,2019,Q3,Admitted Acute,2339.8,5012,11726960.0,11625396.0,101564.0,0.87,FY2019/20
North West,2019,Q3,Admitted Subacute,582.5,5012,2919510.0,3198231.0,-278721.0,-9.55,FY2019/20
North West,2019,Q3,Emergency Department,1447.6,5012,7255614.0,7382741.0,-127127.0,-1.75,FY2019/20
North West,2019,Q3,Outpatient,1155.3,5012,5790140.0,5702404.0,87736.0,1.52,FY2019/20
North West,2019,Q3,Mental Health,423.0,5012,2120178.0,2337236.0,-217058.0,-10.24,FY2019/20
North West,2019,Q3,Maternity,230.5,5012,1155367.0,1114393.0,40973.0,3.55,FY2019/20
North West,2019,Q4,Admitted Acute,2383.2,5012,11944370.0,11401027.0,543344.0,4.55,FY2019/20
North West,2019,Q4,Admitted Subacute,533.8,5012,2675552.0,2806967.0,-131415.0,-4.91,FY2019/20
North West,2019,Q4,Emergency Department,1357.7,5012,6804860.0,7497283.0,-692423.0,-10.18,FY2019/20
North West,2019,Q4,Outpatient,1182.1,5012,5924885.0,5972929.0,-48045.0,-0.81,FY2019/20
North West,2019,Q4,Mental Health,420.7,5012,2108346.0,2139018.0,-30672.0,-1.45,FY2019/20
North West,2019,Q4,Maternity,253.6,5012,1271102.0,1265472.0,5630.0,0.44,FY2019/20
North West,2020,Q1,Admitted Acute,2299.8,5127,11791038.0,12022142.0,-231104.0,-1.96,FY2020/21
North West,2020,Q1,Admitted Subacute,511.6,5127,2622974.0,2686297.0,-63323.0,-2.41,FY2020/21
North West,2020,Q1,Emergency Department,1199.5,5127,6149651.0,6833720.0,-684069.0,-11.12,FY2020/21
North West,2020,Q1,Outpatient,1057.5,5127,5422054.0,5280100.0,141953.0,2.62,FY2020/21
North West,2020,Q1,Mental Health,417.9,5127,2142522.0,2212933.0,-70410.0,-3.29,FY2020/21
North West,2020,Q1,Maternity,239.7,5127,1229124.0,1334798.0,-105674.0,-8.6,FY2020/21
North West,2020,Q2,Admitted Acute,2228.0,5127,11423043.0,10895525.0,527519.0,4.62,FY2020/21
North West,2020,Q2,Admitted Subacute,488.6,5127,2505033.0,2610439.0,-105406.0,-4.21,FY2020/21
North West,2020,Q2,Emergency Department,1266.7,5127,6494563.0,6454562.0,40001.0,0.62,FY2020/21
North West,2020,Q2,Outpatient,956.2,5127,4902416.0,5353135.0,-450719.0,-9.19,FY2020/21
North West,2020,Q2,Mental Health,425.2,5127,2180052.0,2265875.0,-85823.0,-3.94,FY2020/21
North West,2020,Q2,Maternity,213.7,5127,1095405.0,1091344.0,4061.0,0.37,FY2020/21
North West,2020,Q3,Admitted Acute,2081.2,5127,10670494.0,11795492.0,-1124999.0,-10.54,FY2020/21
North West,2020,Q3,Admitted Subacute,476.3,5127,2442216.0,2559461.0,-117245.0,-4.8,FY2020/21
North West,2020,Q3,Emergency Department,1195.4,5127,6128885.0,6399845.0,-270960.0,-4.42,FY2020/21
North West,2020,Q3,Outpatient,1039.3,5127,5328669.0,5813876.0,-485208.0,-9.11,FY2020/21
North West,2020,Q3,Mental Health,376.1,5127,1928205.0,1835400.0,92806.0,4.81,FY2020/21
North West,2020,Q3,Maternity,212.4,5127,1088969.0,1201136.0,-112167.0,-10.3,FY2020/21
North West,2020,Q4,Admitted Acute,2389.9,5127,12253015.0,12884783.0,-631768.0,-5.16,FY2020/21
North West,2020,Q4,Admitted Subacute,515.5,5127,2643148.0,2809815.0,-166667.0,-6.31,FY2020/21
North West,2020,Q4,Emergency Department,1175.8,5127,6028484.0,6664188.0,-635704.0,-10.55,FY2020/21
North West,2020,Q4,Outpatient,1001.6,5127,5135006.0,5212717.0,-77711.0,-1.51,FY2020/21
North West,2020,Q4,Mental Health,395.8,5127,2029366.0,1944101.0,85265.0,4.2,FY2020/21
North West,2020,Q4,Maternity,213.5,5127,1094407.0,1176997.0,-82590.0,-7.55,FY2020/21
North West,2021,Q1,Admitted Acute,2302.8,5234,12052797.0,12686001.0,-633204.0,-5.25,FY2021/22
North West,2021,Q1,Admitted Subacute,532.6,5234,2787455.0,2832557.0,-45102.0,-1.62,FY2021/22
North West,2021,Q1,Emergency Department,1311.2,5234,6863040.0,6934858.0,-71817.0,-1.05,FY2021/22
North West,2021,Q1,Outpatient,1149.3,5234,6015388.0,6018460.0,-3072.0,-0.05,FY2021/22
North West,2021,Q1,Mental Health,436.4,5234,2284120.0,2354764.0,-70645.0,-3.09,FY2021/22
North West,2021,Q1,Maternity,253.2,5234,1325310.0,1470115.0,-144805.0,-10.93,FY2021/22
North West,2021,Q2,Admitted Acute,2559.3,5234,13395478.0,13215173.0,180305.0,1.35,FY2021/22
North West,2021,Q2,Admitted Subacute,513.5,5234,2687881.0,2673326.0,14555.0,0.54,FY2021/22
North West,2021,Q2,Emergency Department,1377.8,5234,7211249.0,6913730.0,297519.0,4.13,FY2021/22
North West,2021,Q2,Outpatient,1109.7,5234,5808324.0,6107239.0,-298915.0,-5.15,FY2021/22
North West,2021,Q2,Mental Health,420.4,5234,2200166.0,2378501.0,-178335.0,-8.11,FY2021/22
North West,2021,Q2,Maternity,231.2,5234,1210198.0,1165146.0,45052.0,3.72,FY2021/22
North West,2021,Q3,Admitted Acute,2557.6,5234,13386420.0,13844685.0,-458264.0,-3.42,FY2021/22
North West,2021,Q3,Admitted Subacute,571.9,5234,2993446.0,3065052.0,-71605.0,-2.39,FY2021/22
North West,2021,Q3,Emergency Department,1302.1,5234,6814975.0,7423194.0,-608219.0,-8.92,FY2021/22
North West,2021,Q3,Outpatient,1163.6,5234,6090121.0,6504849.0,-414728.0,-6.81,FY2021/22
North West,2021,Q3,Mental Health,416.1,5234,2177710.0,2287335.0,-109624.0,-5.03,FY2021/22
North West,2021,Q3,Maternity,241.3,5234,1262761.0,1219283.0,43478.0,3.44,FY2021/22
North West,2021,Q4,Admitted Acute,2632.3,5234,13777225.0,13408810.0,368414.0,2.67,FY2021/22
North West,2021,Q4,Admitted Subacute,595.2,5234,3115183.0,3195620.0,-80437.0,-2.58,FY2021/22
North West,2021,Q4,Emergency Department,1288.8,5234,6745342.0,7029478.0,-284135.0,-4.21,FY2021/22
North West,2021,Q4,Outpatient,1176.6,5234,6158495.0,6617169.0,-458674.0,-7.45,FY2021/22
North West,2021,Q4,Mental Health,453.0,5234,2370964.0,2517948.0,-146984.0,-6.2,FY2021/22
North West,2021,Q4,Maternity,254.3,5234,1331221.0,1456840.0,-125618.0,-9.44,FY2021/22
North West,2022,Q1,Admitted Acute,2579.9,5389,13902851.0,14364457.0,-461606.0,-3.32,FY2022/23
North West,2022,Q1,Admitted Subacute,577.7,5389,3113304.0,3480373.0,-367070.0,-11.79,FY2022/23
North West,2022,Q1,Emergency Department,1583.1,5389,8531569.0,8162173.0,369395.0,4.33,FY2022/23
North West,2022,Q1,Outpatient,1249.2,5389,6731690.0,7453948.0,-722258.0,-10.73,FY2022/23
North West,2022,Q1,Mental Health,446.3,5389,2404980.0,2516934.0,-111953.0,-4.66,FY2022/23
North West,2022,Q1,Maternity,286.6,5389,1544574.0,1476258.0,68315.0,4.42,FY2022/23
North West,2022,Q2,Admitted Acute,2772.4,5389,14940414.0,14948621.0,-8207.0,-0.05,FY2022/23
North West,2022,Q2,Admitted Subacute,645.7,5389,3479935.0,3880406.0,-400471.0,-11.51,FY2022/23
North West,2022,Q2,Emergency Department,1583.2,5389,8531833.0,8793047.0,-261214.0,-3.06,FY2022/23
North West,2022,Q2,Outpatient,1279.4,5389,6894850.0,7540024.0,-645175.0,-9.36,FY2022/23
North West,2022,Q2,Mental Health,456.7,5389,2461155.0,2684913.0,-223757.0,-9.09,FY2022/23
North West,2022,Q2,Maternity,248.8,5389,1341006.0,1409888.0,-68882.0,-5.14,FY2022/23
North West,2022,Q3,Admitted Acute,2571.4,5389,13857295.0,13448455.0,408840.0,2.95,FY2022/23
North West,2022,Q3,Admitted Subacute,563.8,5389,3038090.0,3245802.0,-207711.0,-6.84,FY2022/23
North West,2022,Q3,Emergency Department,1440.3,5389,7761537.0,8329761.0,-568225.0,-7.32,FY2022/23
North West,2022,Q3,Outpatient,1125.3,5389,6064088.0,6085915.0,-21827.0,-0.36,FY2022/23
North West,2022,Q3,Mental Health,473.3,5389,2550529.0,2765852.0,-215323.0,-8.44,FY2022/23
North West,2022,Q3,Maternity,261.0,5389,1406294.0,1485611.0,-79317.0,-5.64,FY2022/23
North West,2022,Q4,Admitted Acute,2853.5,5389,15377352.0,16218443.0,-841091.0,-5.47,FY2022/23
North West,2022,Q4,Admitted Subacute,578.9,5389,3119430.0,2976398.0,143032.0,4.59,FY2022/23
North West,2022,Q4,Emergency Department,1565.7,5389,8437306.0,8045948.0,391358.0,4.64,FY2022/23
North West,2022,Q4,Outpatient,1281.9,5389,6908050.0,7183815.0,-275765.0,-3.99,FY2022/23
North West,2022,Q4,Mental Health,503.4,5389,2712566.0,2945285.0,-232720.0,-8.58,FY2022/23
North West,2022,Q4,Maternity,290.2,5389,1563679.0,1578723.0,-15044.0,-0.96,FY2022/23
North West,2023,Q1,Admitted Acute,2867.6,5512,15806006.0,16095703.0,-289697.0,-1.83,FY2023/24
North West,2023,Q1,Admitted Subacute,616.8,5512,3399568.0,3592242.0,-192674.0,-5.67,FY2023/24
North West,2023,Q1,Emergency Department,1602.9,5512,8835349.0,9871685.0,-1036335.0,-11.73,FY2023/24
North West,2023,Q1,Outpatient,1290.6,5512,7113887.0,7263424.0,-149536.0,-2.1,FY2023/24
North West,2023,Q1,Mental Health,475.2,5512,2619272.0,2816736.0,-197464.0,-7.54,FY2023/24
North West,2023,Q1,Maternity,263.5,5512,1452446.0,1407102.0,45344.0,3.12,FY2023/24
North West,2023,Q2,Admitted Acute,2686.0,5512,14805418.0,14788105.0,17313.0,0.12,FY2023/24
North West,2023,Q2,Admitted Subacute,598.6,5512,3299398.0,3265458.0,33940.0,1.03,FY2023/24
North West,2023,Q2,Emergency Department,1401.7,5512,7726096.0,7363268.0,362829.0,4.7,FY2023/24
North West,2023,Q2,Outpatient,1334.1,5512,7353389.0,7520468.0,-167080.0,-2.27,FY2023/24
North West,2023,Q2,Mental Health,472.3,5512,2603555.0,2774193.0,-170637.0,-6.55,FY2023/24
North West,2023,Q2,Maternity,262.6,5512,1447469.0,1608852.0,-161383.0,-11.15,FY2023/24
North West,2023,Q3,Admitted Acute,2876.0,5512,15852467.0,15300799.0,551668.0,3.48,FY2023/24
North West,2023,Q3,Admitted Subacute,610.6,5512,3365575.0,3700282.0,-334707.0,-9.95,FY2023/24
North West,2023,Q3,Emergency Department,1620.1,5512,8930130.0,9193196.0,-263066.0,-2.95,FY2023/24
North West,2023,Q3,Outpatient,1260.0,5512,6944874.0,6794836.0,150039.0,2.16,FY2023/24
North West,2023,Q3,Mental Health,519.1,5512,2861114.0,2830741.0,30373.0,1.06,FY2023/24
North West,2023,Q3,Maternity,294.5,5512,1623175.0,1721279.0,-98105.0,-6.04,FY2023/24
North West,2023,Q4,Admitted Acute,2797.4,5512,15419292.0,15992227.0,-572935.0,-3.72,FY2023/24
North West,2023,Q4,Admitted Subacute,592.1,5512,3263580.0,3198340.0,65240.0,2.0,FY2023/24
North West,2023,Q4,Emergency Department,1444.9,5512,7964055.0,7818269.0,145786.0,1.83,FY2023/24
North West,2023,Q4,Outpatient,1292.9,5512,7126232.0,7194083.0,-67851.0,-0.95,FY2023/24
North West,2023,Q4,Mental Health,447.2,5512,2464988.0,2747839.0,-282851.0,-11.47,FY2023/24
North West,2023,Q4,Maternity,291.9,5512,1608879.0,1782184.0,-173305.0,-10.77,FY2023/24
North West,2024,Q1,Admitted Acute,3035.2,5678,17233914.0,16881691.0,352223.0,2.04,FY2024/25
North West,2024,Q1,Admitted Subacute,622.3,5678,3533459.0,3812251.0,-278792.0,-7.89,FY2024/25
North West,2024,Q1,Emergency Department,1595.4,5678,9058625.0,8842688.0,215937.0,2.38,FY2024/25
North West,2024,Q1,Outpatient,1329.6,5678,7549362.0,7459939.0,89423.0,1.18,FY2024/25
North West,2024,Q1,Mental Health,470.4,5678,2671148.0,2781428.0,-110280.0,-4.13,FY2024/25
North West,2024,Q1,Maternity,285.4,5678,1620685.0,1699474.0,-78789.0,-4.86,FY2024/25
North West,2024,Q2,Admitted Acute,2628.7,5678,14925583.0,16405728.0,-1480145.0,-9.92,FY2024/25
North West,2024,Q2,Admitted Subacute,609.1,5678,3458353.0,3361580.0,96773.0,2.8,FY2024/25
North West,2024,Q2,Emergency Department,1643.1,5678,9329466.0,10378665.0,-1049199.0,-11.25,FY2024/25
North West,2024,Q2,Outpatient,1339.0,5678,7602591.0,8268713.0,-666122.0,-8.76,FY2024/25
North West,2024,Q2,Mental Health,504.4,5678,2864056.0,2989060.0,-125004.0,-4.36,FY2024/25
North West,2024,Q2,Maternity,262.7,5678,1491408.0,1520397.0,-28989.0,-1.94,FY2024/25
North West,2024,Q3,Admitted Acute,2755.2,5678,15644081.0,15552691.0,91390.0,0.58,FY2024/25
North West,2024,Q3,Admitted Subacute,655.4,5678,3721553.0,3849198.0,-127645.0,-3.43,FY2024/25
North West,2024,Q3,Emergency Department,1443.2,5678,8194398.0,8091404.0,102994.0,1.26,FY2024/25
North West,2024,Q3,Outpatient,1302.7,5678,7396929.0,7122815.0,274114.0,3.71,FY2024/25
North West,2024,Q3,Mental Health,519.8,5678,2951680.0,3052554.0,-100873.0,-3.42,FY2024/25
North West,2024,Q3,Maternity,280.4,5678,1591977.0,1672705.0,-80728.0,-5.07,FY2024/25
North West,2024,Q4,Admitted Acute,2958.6,5678,16798967.0,16952301.0,-153334.0,-0.91,FY2024/25
North West,2024,Q4,Admitted Subacute,650.8,5678,3695450.0,3866086.0,-170635.0,-4.62,FY2024/25
North West,2024,Q4,Emergency Department,1489.2,5678,8455760.0,9295984.0,-840224.0,-9.94,FY2024/25
North West,2024,Q4,Outpatient,1325.9,5678,7528198.0,7994470.0,-466273.0,-6.19,FY2024/25
North West,2024,Q4,Mental Health,519.8,5678,2951401.0,3238985.0,-287585.0,-9.74,FY2024/25
North West,2024,Q4,Maternity,290.6,5678,1650176.0,1802475.0,-152299.0,-9.23,FY2024/25
Torres and Cape,2019,Q1,Admitted Acute,1856.9,5012,9306641.0,9917380.0,-610738.0,-6.56,FY2019/20
Torres and Cape,2019,Q1,Admitted Subacute,412.7,5012,2068382.0,2229637.0,-161255.0,-7.8,FY2019/20
Torres and Cape,2019,Q1,Emergency Department,935.9,5012,4690846.0,5158749.0,-467903.0,-9.97,FY2019/20
Torres and Cape,2019,Q1,Outpatient,858.2,5012,4301253.0,4107576.0,193677.0,4.5,FY2019/20
Torres and Cape,2019,Q1,Mental Health,331.4,5012,1661083.0,1614420.0,46663.0,2.81,FY2019/20
Torres and Cape,2019,Q1,Maternity,175.3,5012,878360.0,945464.0,-67104.0,-7.64,FY2019/20
Torres and Cape,2019,Q2,Admitted Acute,1702.3,5012,8531922.0,9291727.0,-759805.0,-8.91,FY2019/20
Torres and Cape,2019,Q2,Admitted Subacute,426.5,5012,2137730.0,2215264.0,-77534.0,-3.63,FY2019/20
Torres and Cape,2019,Q2,Emergency Department,911.8,5012,4569999.0,4564499.0,5500.0,0.12,FY2019/20
Torres and Cape,2019,Q2,Outpatient,825.2,5012,4135670.0,4618724.0,-483053.0,-11.68,FY2019/20
Torres and Cape,2019,Q2,Mental Health,321.6,5012,1612077.0,1602673.0,9404.0,0.58,FY2019/20
Torres and Cape,2019,Q2,Maternity,183.9,5012,921503.0,960020.0,-38517.0,-4.18,FY2019/20
Torres and Cape,2019,Q3,Admitted Acute,1880.6,5012,9425545.0,9125687.0,299858.0,3.18,FY2019/20
Torres and Cape,2019,Q3,Admitted Subacute,421.9,5012,2114636.0,2203483.0,-88847.0,-4.2,FY2019/20
Torres and Cape,2019,Q3,Emergency Department,1063.3,5012,5329450.0,5372716.0,-43266.0,-0.81,FY2019/20
Torres and Cape,2019,Q3,Outpatient,827.2,5012,4145865.0,4595463.0,-449597.0,-10.84,FY2019/20
Torres and Cape,2019,Q3,Mental Health,295.0,5012,1478372.0,1640001.0,-161629.0,-10.93,FY2019/20
Torres and Cape,2019,Q3,Maternity,185.4,5012,929280.0,893533.0,35747.0,3.85,FY2019/20
Torres and Cape,2019,Q4,Admitted Acute,1742.7,5012,8734300.0,9349101.0,-614801.0,-7.04,FY2019/20
Torres and Cape,2019,Q4,Admitted Subacute,377.0,5012,1889345.0,1981864.0,-92519.0,-4.9,FY2019/20
Torres and Cape,2019,Q4,Emergency Department,965.6,5012,4839526.0,5108389.0,-268863.0,-5.56,FY2019/20
Torres and Cape,2019,Q4,Outpatient,751.1,5012,3764654.0,4134198.0,-369543.0,-9.82,FY2019/20
Torres and Cape,2019,Q4,Mental Health,338.9,5012,1698386.0,1893206.0,-194821.0,-11.47,FY2019/20
Torres and Cape,2019,Q4,Maternity,187.2,5012,938196.0,912034.0,26162.0,2.79,FY2019/20
Torres and Cape,2020,Q1,Admitted Acute,1690.7,5127,8668171.0,8270993.0,397178.0,4.58,FY2020/21
Torres and Cape,2020,Q1,Admitted Subacute,337.4,5127,1729739.0,1738411.0,-8672.0,-0.5,FY2020/21
Torres and Cape,2020,Q1,Emergency Department,891.4,5127,4569989.0,4940018.0,-370029.0,-8.1,FY2020/21
Torres and Cape,2020,Q1,Outpatient,752.0,5127,3855745.0,3955237.0,-99492.0,-2.58,FY2020/21
Torres and Cape,2020,Q1,Mental Health,273.8,5127,1403972.0,1571762.0,-167790.0,-11.95,FY2020/21
Torres and Cape,2020,Q1,Maternity,160.4,5127,822588.0,844581.0,-21993.0,-2.67,FY2020/21
Torres and Cape,2020,Q2,Admitted Acute,1536.2,5127,7876187.0,8546590.0,-670402.0,-8.51,FY2020/21
Torres and Cape,2020,Q2,Admitted Subacute,376.6,5127,1930985.0,1906908.0,24078.0,1.25,FY2020/21
Torres and Cape,2020,Q2,Emergency Department,833.3,5127,4272390.0,4553022.0,-280631.0,-6.57,FY2020/21
Torres and Cape,2020,Q2,Outpatient,748.7,5127,3838494.0,3824883.0,13611.0,0.35,FY2020/21
Torres and Cape,2020,Q2,Mental Health,304.6,5127,1561821.0,1523837.0,37984.0,2.43,FY2020/21
Torres and Cape,2020,Q2,Maternity,160.6,5127,823408.0,914324.0,-90916.0,-11.04,FY2020/21
Torres and Cape,2020,Q3,Admitted Acute,1602.7,5127,8217284.0,8698401.0,-481117.0,-5.85,FY2020/21
Torres and Cape,2020,Q3,Admitted Subacute,359.3,5127,1842256.0,1836023.0,6233.0,0.34,FY2020/21
Torres and Cape,2020,Q3,Emergency Department,962.1,5127,4932836.0,5029455.0,-96618.0,-1.96,FY2020/21
Torres and Cape,2020,Q3,Outpatient,776.7,5127,3982089.0,3938654.0,43436.0,1.09,FY2020/21
Torres and Cape,2020,Q3,Mental Health,271.1,5127,1389866.0,1327729.0,62137.0,4.47,FY2020/21
Torres and Cape,2020,Q3,Maternity,166.3,5127,852620.0,863405.0,-10785.0,-1.26,FY2020/21
Torres and Cape,2020,Q4,Admitted Acute,1718.3,5127,8809476.0,9077686.0,-268211.0,-3.04,FY2020/21
Torres and Cape,2020,Q4,Admitted Subacute,392.7,5127,2013248.0,1976083.0,37166.0,1.85,FY2020/21
Torres and Cape,2020,Q4,Emergency Department,945.6,5127,4848336.0,5246003.0,-397668.0,-8.2,FY2020/21
Torres and Cape,2020,Q4,Outpatient,762.3,5127,3908264.0,4274128.0,-365865.0,-9.36,FY2020/21
Torres and Cape,2020,Q4,Mental Health,296.0,5127,1517573.0,1603252.0,-85678.0,-5.65,FY2020/21
Torres and Cape,2020,Q4,Maternity,152.8,5127,783306.0,748472.0,34834.0,4.45,FY2020/21
Torres and Cape,2021,Q1,Admitted Acute,1896.2,5234,9924860.0,10469046.0,-544186.0,-5.48,FY2021/22
Torres and Cape,2021,Q1,Admitted Subacute,418.7,5234,2191480.0,2261298.0,-69818.0,-3.19,FY2021/22
Torres and Cape,2021,Q1,Emergency Department,917.3,5234,4801146.0,4663265.0,137881.0,2.87,FY2021/22
Torres and Cape,2021,Q1,Outpatient,823.2,5234,4308663.0,4408418.0,-99754.0,-2.32,FY2021/22
Torres and Cape,2021,Q1,Mental Health,296.0,5234,1549304.0,1601316.0,-52012.0,-3.36,FY2021/22
Torres and Cape,2021,Q1,Maternity,165.3,5234,865036.0,907366.0,-42331.0,-4.89,FY2021/22
Torres and Cape,2021,Q2,Admitted Acute,1710.9,5234,8955034.0,9721451.0,-766417.0,-8.56,FY2021/22
Torres and Cape,2021,Q2,Admitted Subacute,387.6,5234,2028731.0,2084293.0,-55562.0,-2.74,FY2021/22
Torres and Cape,2021,Q2,Emergency Department,900.8,5234,4714663.0,4536996.0,177668.0,3.77,FY2021/22
Torres and Cape,2021,Q2,Outpatient,785.7,5234,4112450.0,4242360.0,-129911.0,-3.16,FY2021/22
Torres and Cape,2021,Q2,Mental Health,315.9,5234,1653319.0,1652629.0,690.0,0.04,FY2021/22
Torres and Cape,2021,Q2,Maternity,183.2,5234,958882.0,1051146.0,-92264.0,-9.62,FY2021/22
Torres and Cape,2021,Q3,Admitted Acute,1856.1,5234,9715086.0,9294764.0,420321.0,4.33,FY2021/22
Torres and Cape,2021,Q3,Admitted Subacute,398.5,5234,2085688.0,2018608.0,67080.0,3.22,FY2021/22
Torres and Cape,2021,Q3,Emergency Department,936.8,5234,4903217.0,5480486.0,-577269.0,-11.77,FY2021/22
Torres and Cape,2021,Q3,Outpatient,753.7,5234,3945074.0,4082406.0,-137332.0,-3.48,FY2021/22
Torres and Cape,2021,Q3,Mental Health,316.8,5234,1658040.0,1773140.0,-115100.0,-6.94,FY2021/22
Torres and Cape,2021,Q3,Maternity,179.4,5234,938747.0,893369.0,45378.0,4.83,FY2021/22
Torres and Cape,2021,Q4,Admitted Acute,1727.3,5234,9040534.0,9384174.0,-343640.0,-3.8,FY2021/22
Torres and Cape,2021,Q4,Admitted Subacute,373.4,5234,1954250.0,1973023.0,-18774.0,-0.96,FY2021/22
Torres and Cape,2021,Q4,Emergency Department,904.2,5234,4732324.0,4558924.0,173400.0,3.66,FY2021/22
Torres and Cape,2021,Q4,Outpatient,786.3,5234,4115415.0,4002495.0,112920.0,2.74,FY2021/22
Torres and Cape,2021,Q4,Mental Health,314.3,5234,1644862.0,1755412.0,-110550.0,-6.72,FY2021/22
Torres and Cape,2021,Q4,Maternity,186.2,5234,974594.0,959025.0,15569.0,1.6,FY2021/22
Torres and Cape,2022,Q1,Admitted Acute,1832.1,5389,9872932.0,9554791.0,318140.0,3.22,FY2022/23
Torres and Cape,2022,Q1,Admitted Subacute,444.9,5389,2397451.0,2565515.0,-168063.0,-7.01,FY2022/23
Torres and Cape,2022,Q1,Emergency Department,984.5,5389,5305408.0,5884526.0,-579118.0,-10.92,FY2022/23
Torres and Cape,2022,Q1,Outpatient,808.3,5389,4356094.0,4539139.0,-183045.0,-4.2,FY2022/23
Torres and Cape,2022,Q1,Mental Health,350.0,5389,1885891.0,2070830.0,-184939.0,-9.81,FY2022/23
Torres and Cape,2022,Q1,Maternity,200.1,5389,1078491.0,1171558.0,-93067.0,-8.63,FY2022/23
Torres and Cape,2022,Q2,Admitted Acute,1885.3,5389,10159848.0,11059201.0,-899352.0,-8.85,FY2022/23
Torres and Cape,2022,Q2,Admitted Subacute,406.1,5389,2188612.0,2412110.0,-223498.0,-10.21,FY2022/23
Torres and Cape,2022,Q2,Emergency Department,1072.4,5389,5778916.0,6292896.0,-513980.0,-8.89,FY2022/23
Torres and Cape,2022,Q2,Outpatient,864.1,5389,4656673.0,4933317.0,-276645.0,-5.94,FY2022/23
Torres and Cape,2022,Q2,Mental Health,340.1,5389,1832559.0,1968847.0,-136288.0,-7.44,FY2022/23
Torres and Cape,2022,Q2,Maternity,180.5,5389,972969.0,934303.0,38666.0,3.97,FY2022/23
Torres and Cape,2022,Q3,Admitted Acute,1856.7,5389,10005773.0,9776867.0,228906.0,2.29,FY2022/23
Torres and Cape,2022,Q3,Admitted Subacute,461.3,5389,2485803.0,2454149.0,31653.0,1.27,FY2022/23
Torres and Cape,2022,Q3,Emergency Department,1145.3,5389,6171916.0,6216800.0,-44884.0,-0.73,FY2022/23
Torres and Cape,2022,Q3,Outpatient,826.5,5389,4453807.0,4829035.0,-375228.0,-8.42,FY2022/23
Torres and Cape,2022,Q3,Mental Health,347.2,5389,1871189.0,1936107.0,-64918.0,-3.47,FY2022/23
Torres and Cape,2022,Q3,Maternity,195.2,5389,1052009.0,1128031.0,-76023.0,-7.23,FY2022/23
Torres and Cape,2022,Q4,Admitted Acute,1850.9,5389,9974660.0,11165402.0,-1190743.0,-11.94,FY2022/23
Torres and Cape,2022,Q4,Admitted Subacute,468.4,5389,2524472.0,2677342.0,-152870.0,-6.06,FY2022/23
Torres and Cape,2022,Q4,Emergency Department,1013.1,5389,5459532.0,5817889.0,-358357.0,-6.56,FY2022/23
Torres and Cape,2022,Q4,Outpatient,811.1,5389,4371280.0,4175495.0,195786.0,4.48,FY2022/23
Torres and Cape,2022,Q4,Mental Health,325.5,5389,1754099.0,1804347.0,-50248.0,-2.86,FY2022/23
Torres and Cape,2022,Q4,Maternity,204.9,5389,1104215.0,1185506.0,-81291.0,-7.36,FY2022/23
Torres and Cape,2023,Q1,Admitted Acute,2056.9,5512,11337575.0,11590786.0,-253212.0,-2.23,FY2023/24
Torres and Cape,2023,Q1,Admitted Subacute,434.5,5512,2395065.0,2426384.0,-31319.0,-1.31,FY2023/24
Torres and Cape,2023,Q1,Emergency Department,1174.0,5512,6470912.0,6191489.0,279423.0,4.32,FY2023/24
Torres and Cape,2023,Q1,Outpatient,943.3,5512,5199602.0,5451132.0,-251530.0,-4.84,FY2023/24
Torres and Cape,2023,Q1,Mental Health,343.1,5512,1891150.0,2029759.0,-138610.0,-7.33,FY2023/24
Torres and Cape,2023,Q1,Maternity,197.6,5512,1089048.0,1196300.0,-107252.0,-9.85,FY2023/24
Torres and Cape,2023,Q2,Admitted Acute,2106.9,5512,11613466.0,11865392.0,-251926.0,-2.17,FY2023/24
Torres and Cape,2023,Q2,Admitted Subacute,429.6,5512,2367913.0,2487965.0,-120052.0,-5.07,FY2023/24
Torres and Cape,2023,Q2,Emergency Department,1160.9,5512,6398606.0,6307826.0,90780.0,1.42,FY2023/24
Torres and Cape,2023,Q2,Outpatient,908.5,5512,5007818.0,5295093.0,-287275.0,-5.74,FY2023/24
Torres and Cape,2023,Q2,Mental Health,359.4,5512,1981144.0,1926398.0,54746.0,2.76,FY2023/24
Torres and Cape,2023,Q2,Maternity,204.8,5512,1129063.0,1247091.0,-118027.0,-10.45,FY2023/24
Torres and Cape,2023,Q3,Admitted Acute,1878.5,5512,10354422.0,10254837.0,99585.0,0.96,FY2023/24
Torres and Cape,2023,Q3,Admitted Subacute,479.1,5512,2640805.0,2590012.0,50793.0,1.92,FY2023/24
Torres and Cape,2023,Q3,Emergency Department,1150.7,5512,6342923.0,6556599.0,-213676.0,-3.37,FY2023/24
Torres and Cape,2023,Q3,Outpatient,855.0,5512,4712569.0,5174530.0,-461961.0,-9.8,FY2023/24
Torres and Cape,2023,Q3,Mental Health,343.5,5512,1893194.0,1964225.0,-71031.0,-3.75,FY2023/24
Torres and Cape,2023,Q3,Maternity,193.5,5512,1066795.0,1120990.0,-54195.0,-5.08,FY2023/24
Torres and Cape,2023,Q4,Admitted Acute,1873.4,5512,10326205.0,10496421.0,-170216.0,-1.65,FY2023/24
Torres and Cape,2023,Q4,Admitted Subacute,479.0,5512,2640026.0,2623876.0,16150.0,0.61,FY2023/24
Torres and Cape,2023,Q4,Emergency Department,1116.3,5512,6153100.0,6185602.0,-32503.0,-0.53,FY2023/24
Torres and Cape,2023,Q4,Outpatient,930.0,5512,5126085.0,4983828.0,142256.0,2.78,FY2023/24
Torres and Cape,2023,Q4,Mental Health,372.5,5512,2053478.0,2109218.0,-55740.0,-2.71,FY2023/24
Torres and Cape,2023,Q4,Maternity,189.6,5512,1045285.0,1006081.0,39204.0,3.75,FY2023/24
Torres and Cape,2024,Q1,Admitted Acute,1918.0,5678,10890413.0,11308186.0,-417773.0,-3.84,FY2024/25
Torres and Cape,2024,Q1,Admitted Subacute,443.7,5678,2519570.0,2748625.0,-229055.0,-9.09,FY2024/25
Torres and Cape,2024,Q1,Emergency Department,1101.4,5678,6253943.0,6205672.0,48272.0,0.77,FY2024/25
Torres and Cape,2024,Q1,Outpatient,928.3,5678,5271056.0,5640832.0,-369776.0,-7.02,FY2024/25
Torres and Cape,2024,Q1,Mental Health,335.5,5678,1904948.0,1863982.0,40965.0,2.15,FY2024/25
Torres and Cape,2024,Q1,Maternity,187.5,5678,1064558.0,1144600.0,-80042.0,-7.52,FY2024/25
Torres and Cape,2024,Q2,Admitted Acute,2078.1,5678,11799297.0,12161385.0,-362088.0,-3.07,FY2024/25
Torres and Cape,2024,Q2,Admitted Subacute,480.7,5678,2729500.0,2966868.0,-237368.0,-8.7,FY2024/25
Torres and Cape,2024,Q2,Emergency Department,1129.0,5678,6410236.0,7035914.0,-625678.0,-9.76,FY2024/25
Torres and Cape,2024,Q2,Outpatient,868.4,5678,4930557.0,4777840.0,152717.0,3.1,FY2024/25
Torres and Cape,2024,Q2,Mental Health,341.3,5678,1938014.0,1859921.0,78093.0,4.03,FY2024/25
Torres and Cape,2024,Q2,Maternity,203.5,5678,1155529.0,1281739.0,-126210.0,-10.92,FY2024/25
Torres and Cape,2024,Q3,Admitted Acute,1875.7,5678,10650493.0,10339059.0,311434.0,2.92,FY2024/25
Torres and Cape,2024,Q3,Admitted Subacute,452.1,5678,2567253.0,2846464.0,-279211.0,-10.88,FY2024/25
Torres and Cape,2024,Q3,Emergency Department,1081.0,5678,6137856.0,6360230.0,-222374.0,-3.62,FY2024/25
Torres and Cape,2024,Q3,Outpatient,844.4,5678,4794567.0,4675750.0,118817.0,2.48,FY2024/25
Torres and Cape,2024,Q3,Mental Health,382.0,5678,2168808.0,2416205.0,-247396.0,-11.41,FY2024/25
Torres and Cape,2024,Q3,Maternity,186.5,5678,1058720.0,1177094.0,-118373.0,-11.18,FY2024/25
Torres and Cape,2024,Q4,Admitted Acute,2070.1,5678,11753885.0,12900431.0,-1146546.0,-9.75,FY2024/25
Torres and Cape,2024,Q4,Admitted Subacute,452.3,5678,2568304.0,2665004.0,-96700.0,-3.77,FY2024/25
Torres and Cape,2024,Q4,Emergency Department,1111.8,5678,6312587.0,6712596.0,-400009.0,-6.34,FY2024/25
Torres and Cape,2024,Q4,Outpatient,858.7,5678,4875762.0,4656818.0,218944.0,4.49,FY2024/25
Torres and Cape,2024,Q4,Mental Health,343.5,5678,1950306.0,2086429.0,-136123.0,-6.98,FY2024/25
Torres and Cape,2024,Q4,Maternity,192.8,5678,1094946.0,1165552.0,-70606.0,-6.45,FY2024/25
Metro North,2019,Q1,Admitted Acute,45157.8,5012,226330938.0,218627340.0,7703599.0,3.4,FY2019/20
Metro North,2019,Q1,Admitted Subacute,9711.0,5012,48671404.0,49909484.0,-1238081.0,-2.54,FY2019/20
Metro North,2019,Q1,Emergency Department,24460.7,5012,122596797.0,120159016.0,2437780.0,1.99,FY2019/20
Metro North,2019,Q1,Outpatient,19482.5,5012,97646294.0,106676585.0,-9030290.0,-9.25,FY2019/20
Metro North,2019,Q1,Mental Health,7872.9,5012,39458806.0,42069091.0,-2610285.0,-6.62,FY2019/20
Metro North,2019,Q1,Maternity,4198.1,5012,21040884.0,22198849.0,-1157965.0,-5.5,FY2019/20
Metro North,2019,Q2,Admitted Acute,44479.0,5012,222928956.0,233407432.0,-10478476.0,-4.7,FY2019/20
Metro North,2019,Q2,Admitted Subacute,8739.9,5012,43804606.0,48546948.0,-4742343.0,-10.83,FY2019/20
Metro North,2019,Q2,Emergency Department,23800.5,5012,119288060.0,127042652.0,-7754592.0,-6.5,FY2019/20
Metro North,2019,Q2,Outpatient,18040.2,5012,90417491.0,96024327.0,-5606837.0,-6.2,FY2019/20
Metro North,2019,Q2,Mental Health,7225.2,5012,36212625.0,38411079.0,-2198454.0,-6.07,FY2019/20
Metro North,2019,Q2,Maternity,3935.6,5012,19725380.0,20945073.0,-1219693.0,-6.18,FY2019/20
Metro North,2019,Q3,Admitted Acute,45356.1,5012,227324574.0,217821508.0,9503066.0,4.18,FY2019/20
Metro North,2019,Q3,Admitted Subacute,10171.5,5012,50979495.0,51956994.0,-977499.0,-1.92,FY2019/20
Metro North,2019,Q3,Emergency Department,24470.3,5012,122645167.0,132825395.0,-10180227.0,-8.3,FY2019/20
Metro North,2019,Q3,Outpatient,19102.7,5012,95742518.0,102974560.0,-7232042.0,-7.55,FY2019/20
Metro North,2019,Q3,Mental Health,7795.1,5012,39069213.0,39799958.0,-730745.0,-1.87,FY2019/20
Metro North,2019,Q3,Maternity,4083.8,5012,20467837.0,21767357.0,-1299521.0,-6.35,FY2019/20
Metro North,2019,Q4,Admitted Acute,44068.7,5012,220872448.0,238451349.0,-17578901.0,-7.96,FY2019/20
Metro North,2019,Q4,Admitted Subacute,9900.3,5012,49620275.0,50813601.0,-1193326.0,-2.4,FY2019/20
Metro North,2019,Q4,Emergency Department,24274.7,5012,121664873.0,118067917.0,3596956.0,2.96,FY2019/20
Metro North,2019,Q4,Outpatient,19034.5,5012,95401090.0,90724430.0,4676659.0,4.9,FY2019/20
Metro North,2019,Q4,Mental Health,7143.7,5012,35804289.0,36244627.0,-440338.0,-1.23,FY2019/20
Metro North,2019,Q4,Maternity,4130.2,5012,20700703.0,22113100.0,-1412397.0,-6.82,FY2019/20
Metro North,2020,Q1,Admitted Acute,37208.5,5127,190767988.0,195780973.0,-5012985.0,-2.63,FY2020/21
Metro North,2020,Q1,Admitted Subacute,8166.0,5127,41866858.0,42430085.0,-563227.0,-1.35,FY2020/21
Metro North,2020,Q1,Emergency Department,19927.0,5127,102165594.0,98328592.0,3837002.0,3.76,FY2020/21
Metro North,2020,Q1,Outpatient,17330.0,5127,88850763.0,94501332.0,-5650569.0,-6.36,FY2020/21
Metro North,2020,Q1,Mental Health,6756.4,5127,34640317.0,35637750.0,-997433.0,-2.88,FY2020/21
Metro North,2020,Q1,Maternity,3715.5,5127,19049537.0,20892898.0,-1843361.0,-9.68,FY2020/21
Metro North,2020,Q2,Admitted Acute,37999.7,5127,194824273.0,200953623.0,-6129351.0,-3.15,FY2020/21
Metro North,2020,Q2,Admitted Subacute,7877.0,5127,40385170.0,40708741.0,-323571.0,-0.8,FY2020/21
Metro North,2020,Q2,Emergency Department,20436.8,5127,104779459.0,106644520.0,-1865061.0,-1.78,FY2020/21
Metro North,2020,Q2,Outpatient,17266.5,5127,88525253.0,92129332.0,-3604078.0,-4.07,FY2020/21
Metro North,2020,Q2,Mental Health,6744.2,5127,34577311.0,37344539.0,-2767228.0,-8.0,FY2020/21
Metro North,2020,Q2,Maternity,3978.1,5127,20395793.0,21865940.0,-1470148.0,-7.21,FY2020/21
Metro North,2020,Q3,Admitted Acute,40645.1,5127,208387579.0,198614106.0,9773474.0,4.69,FY2020/21
Metro North,2020,Q3,Admitted Subacute,8109.0,5127,41574816.0,39549527.0,2025289.0,4.87,FY2020/21
Metro North,2020,Q3,Emergency Department,21327.9,5127,109347887.0,120574109.0,-11226222.0,-10.27,FY2020/21
Metro North,2020,Q3,Outpatient,16348.1,5127,83816760.0,92835097.0,-9018337.0,-10.76,FY2020/21
Metro North,2020,Q3,Mental Health,6163.3,5127,31598997.0,35038678.0,-3439681.0,-10.89,FY2020/21
Metro North,2020,Q3,Maternity,3698.5,5127,18962015.0,18340848.0,621166.0,3.28,FY2020/21
Metro North,2020,Q4,Admitted Acute,37798.4,5127,193792205.0,192562015.0,1230190.0,0.63,FY2020/21
Metro North,2020,Q4,Admitted Subacute,8230.5,5127,42197797.0,42292290.0,-94493.0,-0.22,FY2020/21
Metro North,2020,Q4,Emergency Department,21846.4,5127,112006623.0,116672529.0,-4665907.0,-4.17,FY2020/21
Metro North,2020,Q4,Outpatient,16533.1,5127,84765275.0,89321980.0,-4556705.0,-5.38,FY2020/21
Metro North,2020,Q4,Mental Health,6859.0,5127,35166002.0,35037508.0,128494.0,0.37,FY2020/21
Metro North,2020,Q4,Maternity,3736.0,5127,19154463.0,18593633.0,560831.0,2.93,FY2020/21
Metro North,2021,Q1,Admitted Acute,39339.2,5234,205901260.0,219447511.0,-13546251.0,-6.58,FY2021/22
Metro North,2021,Q1,Admitted Subacute,8851.7,5234,46330041.0,48149782.0,-1819741.0,-3.93,FY2021/22
Metro North,2021,Q1,Emergency Department,23562.3,5234,123325030.0,119399480.0,3925550.0,3.18,FY2021/22
Metro North,2021,Q1,Outpatient,18855.2,5234,98688148.0,98058091.0,630057.0,0.64,FY2021/22
Metro North,2021,Q1,Mental Health,7791.8,5234,40782149.0,42095447.0,-1313298.0,-3.22,FY2021/22
Metro North,2021,Q1,Maternity,4348.4,5234,22759284.0,23750189.0,-990905.0,-4.35,FY2021/22
Metro North,2021,Q2,Admitted Acute,38425.6,5234,201119694.0,212711375.0,-11591681.0,-5.76,FY2021/22
Metro North,2021,Q2,Admitted Subacute,10000.8,5234,52344182.0,55080423.0,-2736240.0,-5.23,FY2021/22
Metro North,2021,Q2,Emergency Department,23964.1,5234,125428024.0,138010349.0,-12582325.0,-10.03,FY2021/22
Metro North,2021,Q2,Outpatient,17842.7,5234,93388707.0,92085713.0,1302994.0,1.4,FY2021/22
Metro North,2021,Q2,Mental Health,7383.3,5234,38644019.0,39412063.0,-768044.0,-1.99,FY2021/22
Metro North,2021,Q2,Maternity,4370.8,5234,22876860.0,25233267.0,-2356407.0,-10.3,FY2021/22
Metro North,2021,Q3,Admitted Acute,40481.8,5234,211881724.0,209819690.0,2062034.0,0.97,FY2021/22
Metro North,2021,Q3,Admitted Subacute,9745.8,5234,51009468.0,50842005.0,167463.0,0.33,FY2021/22
Metro North,2021,Q3,Emergency Department,23976.6,5234,125493428.0,128258739.0,-2765311.0,-2.2,FY2021/22
Metro North,2021,Q3,Outpatient,19154.4,5234,100254047.0,96869571.0,3384476.0,3.38,FY2021/22
Metro North,2021,Q3,Mental Health,7398.2,5234,38722257.0,39760033.0,-1037776.0,-2.68,FY2021/22
Metro North,2021,Q3,Maternity,4202.8,5234,21997687.0,21526110.0,471577.0,2.14,FY2021/22
Metro North,2021,Q4,Admitted Acute,43025.1,5234,225193364.0,246964046.0,-21770682.0,-9.67,FY2021/22
Metro North,2021,Q4,Admitted Subacute,8904.4,5234,46605778.0,45033834.0,1571944.0,3.37,FY2021/22
Metro North,2021,Q4,Emergency Department,21062.0,5234,110238280.0,116757238.0,-6518958.0,-5.91,FY2021/22
Metro North,2021,Q4,Outpatient,18973.9,5234,99309614.0,103573826.0,-4264212.0,-4.29,FY2021/22
Metro North,2021,Q4,Mental Health,6943.3,5234,36341325.0,36939286.0,-597961.0,-1.65,FY2021/22
Metro North,2021,Q4,Maternity,4208.1,5234,22025000.0,22783770.0,-758769.0,-3.45,FY2021/22
Metro North,2022,Q1,Admitted Acute,48673.8,5389,262302907.0,255271814.0,7031093.0,2.68,FY2022/23
Metro North,2022,Q1,Admitted Subacute,10475.9,5389,56454830.0,57512465.0,-1057636.0,-1.87,FY2022/23
Metro North,2022,Q1,Emergency Department,24547.2,5389,132284983.0,141808393.0,-9523410.0,-7.2,FY2022/23
Metro North,2022,Q1,Outpatient,20943.1,5389,112862212.0,126237910.0,-13375698.0,-11.85,FY2022/23
Metro North,2022,Q1,Mental Health,7431.5,5389,40048171.0,38754560.0,1293610.0,3.23,FY2022/23
Metro North,2022,Q1,Maternity,4677.1,5389,25204689.0,26422725.0,-1218036.0,-4.83,FY2022/23
Metro North,2022,Q2,Admitted Acute,43518.5,5389,234521394.0,225961666.0,8559728.0,3.65,FY2022/23
Metro North,2022,Q2,Admitted Subacute,9485.3,5389,51116168.0,56330654.0,-5214485.0,-10.2,FY2022/23
Metro North,2022,Q2,Emergency Department,23608.2,5389,127224737.0,127857446.0,-632710.0,-0.5,FY2022/23
Metro North,2022,Q2,Outpatient,19428.9,5389,104702421.0,105786025.0,-1083604.0,-1.03,FY2022/23
Metro North,2022,Q2,Mental Health,7356.9,5389,39646418.0,41162504.0,-1516086.0,-3.82,FY2022/23
Metro North,2022,Q2,Maternity,4202.6,5389,22648045.0,24597149.0,-1949104.0,-8.61,FY2022/23
Metro North,2022,Q3,Admitted Acute,43226.3,5389,232946725.0,242684370.0,-9737645.0,-4.18,FY2022/23
Metro North,2022,Q3,Admitted Subacute,10776.5,5389,58074723.0,61596906.0,-3522183.0,-6.06,FY2022/23
Metro North,2022,Q3,Emergency Department,24963.4,5389,134528021.0,135219056.0,-691035.0,-0.51,FY2022/23
Metro North,2022,Q3,Outpatient,19774.6,5389,106565441.0,113365679.0,-6800237.0,-6.38,FY2022/23
Metro North,2022,Q3,Mental Health,8525.9,5389,45946296.0,48818521.0,-2872225.0,-6.25,FY2022/23
Metro North,2022,Q3,Maternity,4556.7,5389,24556287.0,26378623.0,-1822336.0,-7.42,FY2022/23
Metro North,2022,Q4,Admitted Acute,44898.6,5389,241958800.0,232334695.0,9624105.0,3.98,FY2022/23
Metro North,2022,Q4,Admitted Subacute,10260.0,5389,55291179.0,61527819.0,-6236640.0,-11.28,FY2022/23
Metro North,2022,Q4,Emergency Department,23542.4,5389,126870067.0,135408528.0,-8538461.0,-6.73,FY2022/23
Metro North,2022,Q4,Outpatient,19345.3,5389,104251796.0,108535576.0,-4283780.0,-4.11,FY2022/23
Metro North,2022,Q4,Mental Health,7391.4,5389,39832084.0,40890146.0,-1058062.0,-2.66,FY2022/23
Metro North,2022,Q4,Maternity,4700.1,5389,25328582.0,25558747.0,-230165.0,-0.91,FY2022/23
Metro North,2023,Q1,Admitted Acute,47419.0,5512,261373679.0,283649642.0,-22275962.0,-8.52,FY2023/24
Metro North,2023,Q1,Admitted Subacute,11105.5,5512,61213418.0,60594498.0,618919.0,1.01,FY2023/24
Metro North,2023,Q1,Emergency Department,25000.7,5512,137803631.0,134484041.0,3319590.0,2.41,FY2023/24
Metro North,2023,Q1,Outpatient,22428.2,5512,123624223.0,136924973.0,-13300750.0,-10.76,FY2023/24
Metro North,2023,Q1,Mental Health,8136.7,5512,44849427.0,49026957.0,-4177530.0,-9.31,FY2023/24
Metro North,2023,Q1,Maternity,4635.5,5512,25550833.0,26981924.0,-1431091.0,-5.6,FY2023/24
Metro North,2023,Q2,Admitted Acute,43162.8,5512,237913397.0,256564848.0,-18651452.0,-7.84,FY2023/24
Metro North,2023,Q2,Admitted Subacute,9775.8,5512,53884282.0,58757118.0,-4872836.0,-9.04,FY2023/24
Metro North,2023,Q2,Emergency Department,26556.6,5512,146380053.0,156697885.0,-10317832.0,-7.05,FY2023/24
Metro North,2023,Q2,Outpatient,19247.1,5512,106089926.0,106252437.0,-162511.0,-0.15,FY2023/24
Metro North,2023,Q2,Mental Health,7778.6,5512,42875436.0,43356635.0,-481199.0,-1.12,FY2023/24
Metro North,2023,Q2,Maternity,4315.2,5512,23785303.0,26384628.0,-2599325.0,-10.93,FY2023/24
Metro North,2023,Q3,Admitted Acute,46597.7,5512,256846556.0,257344616.0,-498060.0,-0.19,FY2023/24
Metro North,2023,Q3,Admitted Subacute,10223.7,5512,56352812.0,57819362.0,-1466550.0,-2.6,FY2023/24
Metro North,2023,Q3,Emergency Department,25819.0,5512,142314197.0,147674533.0,-5360336.0,-3.77,FY2023/24
Metro North,2023,Q3,Outpatient,22185.1,5512,122284081.0,126500900.0,-4216819.0,-3.45,FY2023/24
Metro North,2023,Q3,Mental Health,8721.7,5512,48073766.0,52628382.0,-4554616.0,-9.47,FY2023/24
Metro North,2023,Q3,Maternity,4404.5,5512,24277775.0,26904659.0,-2626884.0,-10.82,FY2023/24
Metro North,2023,Q4,Admitted Acute,43364.2,5512,239023362.0,260288423.0,-21265060.0,-8.9,FY2023/24
Metro North,2023,Q4,Admitted Subacute,10196.5,5512,56202847.0,61781296.0,-5578449.0,-9.93,FY2023/24
Metro North,2023,Q4,Emergency Department,26906.4,5512,148307918.0,161211793.0,-12903874.0,-8.7,FY2023/24
Metro North,2023,Q4,Outpatient,21754.8,5512,119912222.0,120127519.0,-215297.0,-0.18,FY2023/24
Metro North,2023,Q4,Mental Health,7542.9,5512,41576339.0,42345777.0,-769438.0,-1.85,FY2023/24
Metro North,2023,Q4,Maternity,4378.7,5512,24135225.0,25779840.0,-1644615.0,-6.81,FY2023/24
Metro North,2024,Q1,Admitted Acute,46086.5,5678,261679226.0,291995742.0,-30316515.0,-11.59,FY2024/25
Metro North,2024,Q1,Admitted Subacute,10871.0,5678,61725785.0,67270100.0,-5544315.0,-8.98,FY2024/25
Metro North,2024,Q1,Emergency Department,24459.5,5678,138881254.0,152289193.0,-13407938.0,-9.65,FY2024/25
Metro North,2024,Q1,Outpatient,22700.7,5678,128894688.0,133122502.0,-4227814.0,-3.28,FY2024/25
Metro North,2024,Q1,Mental Health,8409.3,5678,47748134.0,51568828.0,-3820694.0,-8.0,FY2024/25
Metro North,2024,Q1,Maternity,4479.2,5678,25432773.0,26334014.0,-901242.0,-3.54,FY2024/25
Metro North,2024,Q2,Admitted Acute,46483.9,5678,263935542.0,257306425.0,6629116.0,2.51,FY2024/25
Metro North,2024,Q2,Admitted Subacute,10405.9,5678,59084848.0,56815357.0,2269491.0,3.84,FY2024/25
Metro North,2024,Q2,Emergency Department,24015.8,5678,136361860.0,132677126.0,3684733.0,2.7,FY2024/25
Metro North,2024,Q2,Outpatient,22838.0,5678,129674264.0,135304723.0,-5630459.0,-4.34,FY2024/25
Metro North,2024,Q2,Mental Health,8885.0,5678,50449216.0,51636015.0,-1186800.0,-2.35,FY2024/25
Metro North,2024,Q2,Maternity,4582.7,5678,26020758.0,26958653.0,-937895.0,-3.6,FY2024/25
Metro North,2024,Q3,Admitted Acute,46792.7,5678,265688998.0,257177119.0,8511879.0,3.2,FY2024/25
Metro North,2024,Q3,Admitted Subacute,10870.8,5678,61724377.0,60905078.0,819299.0,1.33,FY2024/25
Metro North,2024,Q3,Emergency Department,26484.7,5678,150380392.0,159483546.0,-9103155.0,-6.05,FY2024/25
Metro North,2024,Q3,Outpatient,20078.7,5678,114006794.0,109495481.0,4511313.0,3.96,FY2024/25
Metro North,2024,Q3,Mental Health,8640.2,5678,49059042.0,50440842.0,-1381801.0,-2.82,FY2024/25
Metro North,2024,Q3,Maternity,4391.0,5678,24931938.0,27902012.0,-2970074.0,-11.91,FY2024/25
Metro North,2024,Q4,Admitted Acute,43906.8,5678,249302930.0,266294418.0,-16991488.0,-6.82,FY2024/25
Metro North,2024,Q4,Admitted Subacute,11454.0,5678,65035743.0,64428349.0,607394.0,0.93,FY2024/25
Metro North,2024,Q4,Emergency Department,24500.0,5678,139110846.0,135025917.0,4084929.0,2.94,FY2024/25
Metro North,2024,Q4,Outpatient,20593.2,5678,116928428.0,113090579.0,3837850.0,3.28,FY2024/25
Metro North,2024,Q4,Mental Health,8523.0,5678,48393477.0,46486271.0,1907206.0,3.94,FY2024/25
Metro North,2024,Q4,Maternity,4732.1,5678,26868995.0,30078187.0,-3209192.0,-11.94,FY2024/25
Metro South,2019,Q1,Admitted Acute,40959.2,5012,205287383.0,216493467.0,-11206085.0,-5.46,FY2019/20
Metro South,2019,Q1,Admitted Subacute,8503.0,5012,42616936.0,45006139.0,-2389203.0,-5.61,FY2019/20
Metro South,2019,Q1,Emergency Department,21542.8,5012,107972545.0,110394820.0,-2422275.0,-2.24,FY2019/20
Metro South,2019,Q1,Outpatient,16513.0,5012,82763330.0,91099478.0,-8336147.0,-10.07,FY2019/20
Metro South,2019,Q1,Mental Health,6770.2,5012,33932066.0,33358133.0,573933.0,1.69,FY2019/20
Metro South,2019,Q1,Maternity,3817.5,5012,19133219.0,19523576.0,-390357.0,-2.04,FY2019/20
Metro South,2019,Q2,Admitted Acute,41043.8,5012,205711708.0,221081344.0,-15369636.0,-7.47,FY2019/20
Metro South,2019,Q2,Admitted Subacute,9153.1,5012,45875358.0,43667620.0,2207737.0,4.81,FY2019/20
Metro South,2019,Q2,Emergency Department,21162.2,5012,106065149.0,109441045.0,-3375895.0,-3.18,FY2019/20
Metro South,2019,Q2,Outpatient,16199.9,5012,81193858.0,80720356.0,473503.0,0.58,FY2019/20
Metro South,2019,Q2,Mental Health,7109.2,5012,35631493.0,34680441.0,951053.0,2.67,FY2019/20
Metro South,2019,Q2,Maternity,3922.0,5012,19657232.0,19393517.0,263715.0,1.34,FY2019/20
Metro South,2019,Q3,Admitted Acute,35955.6,5012,180209636.0,178588515.0,1621121.0,0.9,FY2019/20
Metro South,2019,Q3,Admitted Subacute,9443.1,5012,47328951.0,51411609.0,-4082657.0,-8.63,FY2019/20
Metro South,2019,Q3,Emergency Department,23027.3,5012,115412662.0,119213800.0,-3801138.0,-3.29,FY2019/20
Metro South,2019,Q3,Outpatient,16454.1,5012,82468146.0,86026903.0,-3558757.0,-4.32,FY2019/20
Metro South,2019,Q3,Mental Health,6775.2,5012,33957202.0,37133583.0,-3176381.0,-9.35,FY2019/20
Metro South,2019,Q3,Maternity,3649.2,5012,18289808.0,18893390.0,-603582.0,-3.3,FY2019/20
Metro South,2019,Q4,Admitted Acute,36816.3,5012,184523314.0,185481896.0,-958582.0,-0.52,FY2019/20
Metro South,2019,Q4,Admitted Subacute,9108.2,5012,45650546.0,47062201.0,-1411656.0,-3.09,FY2019/20
Metro South,2019,Q4,Emergency Department,21024.0,5012,105372532.0,107170289.0,-1797757.0,-1.71,FY2019/20
Metro South,2019,Q4,Outpatient,17436.1,5012,87389866.0,94682796.0,-7292930.0,-8.35,FY2019/20
Metro South,2019,Q4,Mental Health,7253.2,5012,36352820.0,40439128.0,-4086308.0,-11.24,FY2019/20
Metro South,2019,Q4,Maternity,4079.0,5012,20444087.0,20518078.0,-73991.0,-0.36,FY2019/20
Metro South,2020,Q1,Admitted Acute,36236.9,5127,185786650.0,190318457.0,-4531807.0,-2.44,FY2020/21
Metro South,2020,Q1,Admitted Subacute,7604.4,5127,38987569.0,42611392.0,-3623823.0,-9.29,FY2020/21
Metro South,2020,Q1,Emergency Department,17919.0,5127,91870831.0,101361046.0,-9490214.0,-10.33,FY2020/21
Metro South,2020,Q1,Outpatient,15732.5,5127,80660679.0,85365152.0,-4704474.0,-5.83,FY2020/21
Metro South,2020,Q1,Mental Health,6313.1,5127,32367320.0,35674290.0,-3306970.0,-10.22,FY2020/21
Metro South,2020,Q1,Maternity,3594.7,5127,18430151.0,19432175.0,-1002024.0,-5.44,FY2020/21
Metro South,2020,Q2,Admitted Acute,32738.9,5127,167852390.0,174252495.0,-6400105.0,-3.81,FY2020/21
Metro South,2020,Q2,Admitted Subacute,7472.0,5127,38309053.0,41196166.0,-2887114.0,-7.54,FY2020/21
Metro South,2020,Q2,Emergency Department,19385.7,5127,99390663.0,105914539.0,-6523876.0,-6.56,FY2020/21
Metro South,2020,Q2,Outpatient,14669.2,5127,75209203.0,72532856.0,2676346.0,3.56,FY2020/21
Metro South,2020,Q2,Mental Health,6369.2,5127,32655017.0,31422432.0,1232585.0,3.77,FY2020/21
Metro South,2020,Q2,Maternity,3276.5,5127,16798527.0,15993179.0,805348.0,4.79,FY2020/21
Metro South,2020,Q3,Admitted Acute,37747.4,5127,193530966.0,208118637.0,-14587672.0,-7.54,FY2020/21
Metro South,2020,Q3,Admitted Subacute,7729.2,5127,39627641.0,39643930.0,-16289.0,-0.04,FY2020/21
Metro South,2020,Q3,Emergency Department,18882.6,5127,96811253.0,104719870.0,-7908618.0,-8.17,FY2020/21
Metro South,2020,Q3,Outpatient,16238.8,5127,83256441.0,81714802.0,1541639.0,1.85,FY2020/21
Metro South,2020,Q3,Mental Health,5835.2,5127,29916829.0,28921414.0,995415.0,3.33,FY2020/21
Metro South,2020,Q3,Maternity,3608.0,5127,18498350.0,19977170.0,-1478820.0,-7.99,FY2020/21
Metro South,2020,Q4,Admitted Acute,33855.6,5127,173577500.0,165516672.0,8060827.0,4.64,FY2020/21
Metro South,2020,Q4,Admitted Subacute,7385.9,5127,37867555.0,42204761.0,-4337206.0,-11.45,FY2020/21
Metro South,2020,Q4,Emergency Department,18714.7,5127,95950091.0,103699782.0,-7749691.0,-8.08,FY2020/21
Metro South,2020,Q4,Outpatient,16145.8,5127,82779772.0,84015653.0,-1235880.0,-1.49,FY2020/21
Metro South,2020,Q4,Mental Health,5866.3,5127,30076298.0,29193128.0,883170.0,2.94,FY2020/21
Metro South,2020,Q4,Maternity,3582.5,5127,18367656.0,19868068.0,-1500412.0,-8.17,FY2020/21
Metro South,2021,Q1,Admitted Acute,39379.3,5234,206111199.0,214386844.0,-8275645.0,-4.02,FY2021/22
Metro South,2021,Q1,Admitted Subacute,8026.2,5234,42009051.0,46825099.0,-4816048.0,-11.46,FY2021/22
Metro South,2021,Q1,Emergency Department,22183.0,5234,116105873.0,116080300.0,25573.0,0.02,FY2021/22
Metro South,2021,Q1,Outpatient,18652.1,5234,97625017.0,102732746.0,-5107728.0,-5.23,FY2021/22
Metro South,2021,Q1,Mental Health,6825.1,5234,35722628.0,38479431.0,-2756802.0,-7.72,FY2021/22
Metro South,2021,Q1,Maternity,4041.3,5234,21152244.0,22455251.0,-1303007.0,-6.16,FY2021/22
Metro South,2021,Q2,Admitted Acute,36202.5,5234,189483813.0,190905980.0,-1422166.0,-0.75,FY2021/22
Metro South,2021,Q2,Admitted Subacute,9254.1,5234,48436174.0,47863884.0,572290.0,1.18,FY2021/22
Metro South,2021,Q2,Emergency Department,20738.1,5234,108543376.0,111089051.0,-2545675.0,-2.35,FY2021/22
Metro South,2021,Q2,Outpatient,17153.9,5234,89783571.0,94649816.0,-4866245.0,-5.42,FY2021/22
Metro South,2021,Q2,Mental Health,7213.8,5234,37757154.0,37414235.0,342919.0,0.91,FY2021/22
Metro South,2021,Q2,Maternity,3616.2,5234,18927124.0,18616151.0,310973.0,1.64,FY2021/22
Metro South,2021,Q3,Admitted Acute,40876.0,5234,213945110.0,226736425.0,-12791316.0,-5.98,FY2021/22
Metro South,2021,Q3,Admitted Subacute,8364.2,5234,43778462.0,47662093.0,-3883630.0,-8.87,FY2021/22
Metro South,2021,Q3,Emergency Department,22395.2,5234,117216733.0,128224256.0,-11007523.0,-9.39,FY2021/22
Metro South,2021,Q3,Outpatient,18482.9,5234,96739515.0,96050824.0,688691.0,0.71,FY2021/22
Metro South,2021,Q3,Mental Health,7011.2,5234,36696413.0,37734617.0,-1038204.0,-2.83,FY2021/22
Metro South,2021,Q3,Maternity,4059.9,5234,21249688.0,22818838.0,-1569150.0,-7.38,FY2021/22
Metro South,2021,Q4,Admitted Acute,40195.6,5234,210383805.0,223332405.0,-12948600.0,-6.15,FY2021/22
Metro South,2021,Q4,Admitted Subacute,8213.9,5234,42991671.0,44825462.0,-1833791.0,-4.27,FY2021/22
Metro South,2021,Q4,Emergency Department,22812.9,5234,119402784.0,132460192.0,-13057407.0,-10.94,FY2021/22
Metro South,2021,Q4,Outpatient,16055.8,5234,84035837.0,82188604.0,1847232.0,2.2,FY2021/22
Metro South,2021,Q4,Mental Health,6339.4,5234,33180162.0,35616136.0,-2435974.0,-7.34,FY2021/22
Metro South,2021,Q4,Maternity,4045.0,5234,21171636.0,20881519.0,290116.0,1.37,FY2021/22
Metro South,2022,Q1,Admitted Acute,41964.3,5389,226145396.0,247158717.0,-21013320.0,-9.29,FY2022/23
Metro South,2022,Q1,Admitted Subacute,9784.5,5389,52728629.0,54952740.0,-2224111.0,-4.22,FY2022/23
Metro South,2022,Q1,Emergency Department,23392.1,5389,126059912.0,130651177.0,-4591265.0,-3.64,FY2022/23
Metro South,2022,Q1,Outpatient,18255.1,5389,98376894.0,102907518.0,-4530624.0,-4.61,FY2022/23
Metro South,2022,Q1,Mental Health,7558.6,5389,40733336.0,44744139.0,-4010804.0,-9.85,FY2022/23
Metro South,2022,Q1,Maternity,4283.9,5389,23086068.0,24918886.0,-1832818.0,-7.94,FY2022/23
Metro South,2022,Q2,Admitted Acute,39644.8,5389,213645614.0,219726988.0,-6081373.0,-2.85,FY2022/23
Metro South,2022,Q2,Admitted Subacute,8692.6,5389,46844202.0,46466422.0,377779.0,0.81,FY2022/23
Metro South,2022,Q2,Emergency Department,23894.3,5389,128766156.0,144038812.0,-15272656.0,-11.86,FY2022/23
Metro South,2022,Q2,Outpatient,17656.3,5389,95149957.0,96886828.0,-1736871.0,-1.83,FY2022/23
Metro South,2022,Q2,Mental Health,7689.1,5389,41436712.0,40802153.0,634559.0,1.53,FY2022/23
Metro South,2022,Q2,Maternity,4229.5,5389,22792511.0,24493337.0,-1700826.0,-7.46,FY2022/23
Metro South,2022,Q3,Admitted Acute,42703.0,5389,230126631.0,225976114.0,4150517.0,1.8,FY2022/23
Metro South,2022,Q3,Admitted Subacute,9214.9,5389,49658864.0,53792696.0,-4133832.0,-8.32,FY2022/23
Metro South,2022,Q3,Emergency Department,23258.8,5389,125341745.0,119186091.0,6155654.0,4.91,FY2022/23
Metro South,2022,Q3,Outpatient,19654.1,5389,105915819.0,101255834.0,4659986.0,4.4,FY2022/23
Metro South,2022,Q3,Mental Health,7625.3,5389,41092967.0,40452809.0,640159.0,1.56,FY2022/23
Metro South,2022,Q3,Maternity,4499.8,5389,24249291.0,24553618.0,-304327.0,-1.25,FY2022/23
Metro South,2022,Q4,Admitted Acute,40764.1,5389,219677505.0,214253880.0,5423625.0,2.47,FY2022/23
Metro South,2022,Q4,Admitted Subacute,9139.7,5389,49253970.0,54131621.0,-4877652.0,-9.9,FY2022/23
Metro South,2022,Q4,Emergency Department,24889.9,5389,134131811.0,135823564.0,-1691754.0,-1.26,FY2022/23
Metro South,2022,Q4,Outpatient,18711.1,5389,100834258.0,108170158.0,-7335900.0,-7.28,FY2022/23
Metro South,2022,Q4,Mental Health,7790.2,5389,41981551.0,44114950.0,-2133399.0,-5.08,FY2022/23
Metro South,2022,Q4,Maternity,4119.7,5389,22201254.0,22648514.0,-447260.0,-2.01,FY2022/23
Metro South,2023,Q1,Admitted Acute,44242.7,5512,243865889.0,231806015.0,12059874.0,4.95,FY2023/24
Metro South,2023,Q1,Admitted Subacute,9837.2,5512,54222612.0,54788361.0,-565749.0,-1.04,FY2023/24
Metro South,2023,Q1,Emergency Department,24705.7,5512,136177564.0,131521436.0,4656128.0,3.42,FY2023/24
Metro South,2023,Q1,Outpatient,19577.4,5512,107910845.0,111338675.0,-3427830.0,-3.18,FY2023/24
Metro South,2023,Q1,Mental Health,7678.5,5512,42323679.0,40674119.0,1649561.0,3.9,FY2023/24
Metro South,2023,Q1,Maternity,4344.9,5512,23949094.0,25037637.0,-1088543.0,-4.55,FY2023/24
Metro South,2023,Q2,Admitted Acute,43316.4,5512,238759836.0,251316909.0,-12557073.0,-5.26,FY2023/24
Metro South,2023,Q2,Admitted Subacute,9925.0,5512,54706804.0,59457988.0,-4751184.0,-8.68,FY2023/24
Metro South,2023,Q2,Emergency Department,22726.0,5512,125265862.0,136572158.0,-11306296.0,-9.03,FY2023/24
Metro South,2023,Q2,Outpatient,19299.6,5512,106379462.0,102454050.0,3925412.0,3.69,FY2023/24
Metro South,2023,Q2,Mental Health,6977.2,5512,38458499.0,38720806.0,-262307.0,-0.68,FY2023/24
Metro South,2023,Q2,Maternity,4485.6,5512,24724370.0,26462635.0,-1738266.0,-7.03,FY2023/24
Metro South,2023,Q3,Admitted Acute,44881.1,5512,247384365.0,256769074.0,-9384709.0,-3.79,FY2023/24
Metro South,2023,Q3,Admitted Subacute,9560.1,5512,52695510.0,51381649.0,1313861.0,2.49,FY2023/24
Metro South,2023,Q3,Emergency Department,22946.4,5512,126480520.0,129488643.0,-3008123.0,-2.38,FY2023/24
Metro South,2023,Q3,Outpatient,18034.3,5512,99404891.0,98162730.0,1242160.0,1.25,FY2023/24
Metro South,2023,Q3,Mental Health,7625.5,5512,42031691.0,45186705.0,-3155013.0,-7.51,FY2023/24
Metro South,2023,Q3,Maternity,4632.1,5512,25531946.0,28305463.0,-2773517.0,-10.86,FY2023/24
Metro South,2023,Q4,Admitted Acute,43878.6,5512,241858664.0,247085755.0,-5227090.0,-2.16,FY2023/24
Metro South,2023,Q4,Admitted Subacute,9862.8,5512,54363822.0,58906505.0,-4542683.0,-8.36,FY2023/24
Metro South,2023,Q4,Emergency Department,22154.1,5512,122113635.0,124517299.0,-2403664.0,-1.97,FY2023/24
Metro South,2023,Q4,Outpatient,20354.6,5512,112194452.0,113905597.0,-1711145.0,-1.53,FY2023/24
Metro South,2023,Q4,Mental Health,7593.8,5512,41857207.0,43946752.0,-2089545.0,-4.99,FY2023/24
Metro South,2023,Q4,Maternity,4073.4,5512,22452716.0,22712719.0,-260003.0,-1.16,FY2023/24
Metro South,2024,Q1,Admitted Acute,42713.3,5678,242525943.0,231479720.0,11046222.0,4.55,FY2024/25
Metro South,2024,Q1,Admitted Subacute,9120.3,5678,51785267.0,56517845.0,-4732578.0,-9.14,FY2024/25
Metro South,2024,Q1,Emergency Department,23255.1,5678,132042324.0,137069623.0,-5027299.0,-3.81,FY2024/25
Metro South,2024,Q1,Outpatient,19107.9,5678,108494793.0,120420049.0,-11925256.0,-10.99,FY2024/25
Metro South,2024,Q1,Mental Health,7382.4,5678,41917387.0,42883233.0,-965846.0,-2.3,FY2024/25
Metro South,2024,Q1,Maternity,4649.2,5678,26397911.0,28856315.0,-2458403.0,-9.31,FY2024/25
Metro South,2024,Q2,Admitted Acute,41671.4,5678,236610391.0,257065208.0,-20454817.0,-8.64,FY2024/25
Metro South,2024,Q2,Admitted Subacute,9805.8,5678,55677509.0,57465020.0,-1787510.0,-3.21,FY2024/25
Metro South,2024,Q2,Emergency Department,22716.1,5678,128982108.0,124300348.0,4681759.0,3.63,FY2024/25
Metro South,2024,Q2,Outpatient,20463.8,5678,116193515.0,120190385.0,-3996871.0,-3.44,FY2024/25
Metro South,2024,Q2,Mental Health,7600.5,5678,43155901.0,46350145.0,-3194244.0,-7.4,FY2024/25
Metro South,2024,Q2,Maternity,4573.9,5678,25970548.0,25373599.0,596949.0,2.3,FY2024/25
Metro South,2024,Q3,Admitted Acute,44648.8,5678,253515776.0,246673434.0,6842342.0,2.7,FY2024/25
Metro South,2024,Q3,Admitted Subacute,10268.9,5678,58306939.0,61903449.0,-3596511.0,-6.17,FY2024/25
Metro South,2024,Q3,Emergency Department,25894.2,5678,147027489.0,141399698.0,5627791.0,3.83,FY2024/25
Metro South,2024,Q3,Outpatient,18344.5,5678,104159991.0,103948734.0,211257.0,0.2,FY2024/25
Metro South,2024,Q3,Mental Health,7385.4,5678,41934190.0,41598146.0,336044.0,0.8,FY2024/25
Metro South,2024,Q3,Maternity,4672.7,5678,26531538.0,26330505.0,201033.0,0.76,FY2024/25
Metro South,2024,Q4,Admitted Acute,42274.1,5678,240032266.0,259018268.0,-18986001.0,-7.91,FY2024/25
Metro South,2024,Q4,Admitted Subacute,9792.5,5678,55601753.0,60163365.0,-4561612.0,-8.2,FY2024/25
Metro South,2024,Q4,Emergency Department,22453.1,5678,127488865.0,131681604.0,-4192739.0,-3.29,FY2024/25
Metro South,2024,Q4,Outpatient,18270.4,5678,103739532.0,99657490.0,4082042.0,3.93,FY2024/25
Metro South,2024,Q4,Mental Health,8177.4,5678,46431467.0,45209006.0,1222461.0,2.63,FY2024/25
Metro South,2024,Q4,Maternity,4410.3,5678,25041452.0,25539433.0,-497981.0,-1.99,FY2024/25
Gold Coast,2019,Q1,Admitted Acute,27316.1,5012,136908284.0,151005958.0,-14097674.0,-10.3,FY2019/20
Gold Coast,2019,Q1,Admitted Subacute,5818.0,5012,29159806.0,30992332.0,-1832526.0,-6.28,FY2019/20
Gold Coast,2019,Q1,Emergency Department,16541.8,5012,82907521.0,86657311.0,-3749790.0,-4.52,FY2019/20
Gold Coast,2019,Q1,Outpatient,13480.6,5012,67564938.0,64786927.0,2778011.0,4.11,FY2019/20
Gold Coast,2019,Q1,Mental Health,4836.3,5012,24239706.0,24099766.0,139940.0,0.58,FY2019/20
Gold Coast,2019,Q1,Maternity,2903.4,5012,14551880.0,16251838.0,-1699958.0,-11.68,FY2019/20
Gold Coast,2019,Q2,Admitted Acute,26909.3,5012,134869184.0,143124484.0,-8255300.0,-6.12,FY2019/20
Gold Coast,2019,Q2,Admitted Subacute,5995.7,5012,30050360.0,31435866.0,-1385506.0,-4.61,FY2019/20
Gold Coast,2019,Q2,Emergency Department,15311.1,5012,76739382.0,85582898.0,-8843516.0,-11.52,FY2019/20
Gold Coast,2019,Q2,Outpatient,12818.8,5012,64247780.0,64852743.0,-604962.0,-0.94,FY2019/20
Gold Coast,2019,Q2,Mental Health,4597.5,5012,23042425.0,22482770.0,559655.0,2.43,FY2019/20
Gold Coast,2019,Q2,Maternity,2676.9,5012,13416833.0,13318412.0,98421.0,0.73,FY2019/20
Gold Coast,2019,Q3,Admitted Acute,29570.8,5012,148208649.0,154938488.0,-6729840.0,-4.54,FY2019/20
Gold Coast,2019,Q3,Admitted Subacute,6323.6,5012,31693773.0,30727452.0,966321.0,3.05,FY2019/20
Gold Coast,2019,Q3,Emergency Department,16287.4,5012,81632370.0,87581609.0,-5949239.0,-7.29,FY2019/20
Gold Coast,2019,Q3,Outpatient,11728.4,5012,58782838.0,62917151.0,-4134313.0,-7.03,FY2019/20
Gold Coast,2019,Q3,Mental Health,4934.1,5012,24729879.0,23836965.0,892914.0,3.61,FY2019/20
Gold Coast,2019,Q3,Maternity,2781.3,5012,13939969.0,14391602.0,-451632.0,-3.24,FY2019/20
Gold Coast,2019,Q4,Admitted Acute,26502.7,5012,132831382.0,147544939.0,-14713557.0,-11.08,FY2019/20
Gold Coast,2019,Q4,Admitted Subacute,6652.8,5012,33343709.0,35468830.0,-2125121.0,-6.37,FY2019/20
Gold Coast,2019,Q4,Emergency Department,15307.1,5012,76719166.0,78253561.0,-1534394.0,-2.0,FY2019/20
Gold Coast,2019,Q4,Outpatient,12904.4,5012,64676665.0,67439873.0,-2763208.0,-4.27,FY2019/20
Gold Coast,2019,Q4,Mental Health,4556.8,5012,22838792.0,23686693.0,-847900.0,-3.71,FY2019/20
Gold Coast,2019,Q4,Maternity,2937.3,5012,14721591.0,15134838.0,-413247.0,-2.81,FY2019/20
Gold Coast,2020,Q1,Admitted Acute,23445.5,5127,120204948.0,130262170.0,-10057223.0,-8.37,FY2020/21
Gold Coast,2020,Q1,Admitted Subacute,5411.1,5127,27742582.0,27575171.0,167411.0,0.6,FY2020/21
Gold Coast,2020,Q1,Emergency Department,13145.6,5127,67397494.0,67811083.0,-413589.0,-0.61,FY2020/21
Gold Coast,2020,Q1,Outpatient,11832.1,5127,60663101.0,62986230.0,-2323130.0,-3.83,FY2020/21
Gold Coast,2020,Q1,Mental Health,4211.1,5127,21590317.0,23732749.0,-2142431.0,-9.92,FY2020/21
Gold Coast,2020,Q1,Maternity,2679.0,5127,13735169.0,15081193.0,-1346024.0,-9.8,FY2020/21
Gold Coast,2020,Q2,Admitted Acute,24200.5,5127,124075891.0,127390044.0,-3314152.0,-2.67,FY2020/21
Gold Coast,2020,Q2,Admitted Subacute,6123.6,5127,31395494.0,33946130.0,-2550637.0,-8.12,FY2020/21
Gold Coast,2020,Q2,Emergency Department,12839.9,5127,65830251.0,63268452.0,2561799.0,3.89,FY2020/21
Gold Coast,2020,Q2,Outpatient,11299.6,5127,57933109.0,63991026.0,-6057917.0,-10.46,FY2020/21
Gold Coast,2020,Q2,Mental Health,4447.2,5127,22800634.0,23590177.0,-789543.0,-3.46,FY2020/21
Gold Coast,2020,Q2,Maternity,2366.2,5127,12131372.0,12879302.0,-747931.0,-6.17,FY2020/21
Gold Coast,2020,Q3,Admitted Acute,26557.6,5127,136160846.0,138158516.0,-1997670.0,-1.47,FY2020/21
Gold Coast,2020,Q3,Admitted Subacute,5933.2,5127,30419469.0,33886103.0,-3466634.0,-11.4,FY2020/21
Gold Coast,2020,Q3,Emergency Department,13232.4,5127,67842580.0,70486136.0,-2643556.0,-3.9,FY2020/21
Gold Coast,2020,Q3,Outpatient,10978.1,5127,56284846.0,61056971.0,-4772125.0,-8.48,FY2020/21
Gold Coast,2020,Q3,Mental Health,4474.7,5127,22941641.0,24269481.0,-1327839.0,-5.79,FY2020/21
Gold Coast,2020,Q3,Maternity,2646.0,5127,13565970.0,13800864.0,-234895.0,-1.73,FY2020/21
Gold Coast,2020,Q4,Admitted Acute,26933.4,5127,138087349.0,143695754.0,-5608405.0,-4.06,FY2020/21
Gold Coast,2020,Q4,Admitted Subacute,5371.6,5127,27540229.0,29421306.0,-1881076.0,-6.83,FY2020/21
Gold Coast,2020,Q4,Emergency Department,14542.6,5127,74559816.0,74846833.0,-287017.0,-0.38,FY2020/21
Gold Coast,2020,Q4,Outpatient,12014.7,5127,61599399.0,68008468.0,-6409070.0,-10.4,FY2020/21
Gold Coast,2020,Q4,Mental Health,4262.0,5127,21851448.0,24412409.0,-2560960.0,-11.72,FY2020/21
Gold Coast,2020,Q4,Maternity,2380.4,5127,12204377.0,12013289.0,191088.0,1.57,FY2020/21
Gold Coast,2021,Q1,Admitted Acute,26239.7,5234,137338684.0,151344243.0,-14005559.0,-10.2,FY2021/22
Gold Coast,2021,Q1,Admitted Subacute,6371.6,5234,33348981.0,32543861.0,805120.0,2.41,FY2021/22
Gold Coast,2021,Q1,Emergency Department,15054.7,5234,78796135.0,83098456.0,-4302321.0,-5.46,FY2021/22
Gold Coast,2021,Q1,Outpatient,11607.4,5234,60753028.0,66828986.0,-6075958.0,-10.0,FY2021/22
Gold Coast,2021,Q1,Mental Health,5071.2,5234,26542822.0,27495315.0,-952493.0,-3.59,FY2021/22
Gold Coast,2021,Q1,Maternity,2970.2,5234,15545777.0,15872539.0,-326762.0,-2.1,FY2021/22
Gold Coast,2021,Q2,Admitted Acute,29776.6,5234,155850827.0,165754586.0,-9903759.0,-6.35,FY2021/22
Gold Coast,2021,Q2,Admitted Subacute,6352.1,5234,33246807.0,32522437.0,724370.0,2.18,FY2021/22
Gold Coast,2021,Q2,Emergency Department,16128.6,5234,84417281.0,86331295.0,-1914014.0,-2.27,FY2021/22
Gold Coast,2021,Q2,Outpatient,11764.1,5234,61573377.0,58626677.0,2946700.0,4.79,FY2021/22
Gold Coast,2021,Q2,Mental Health,4882.5,5234,25555211.0,26568678.0,-1013467.0,-3.97,FY2021/22
Gold Coast,2021,Q2,Maternity,2860.6,5234,14972343.0,16489698.0,-1517355.0,-10.13,FY2021/22
Gold Coast,2021,Q3,Admitted Acute,25776.2,5234,134912824.0,144944186.0,-10031363.0,-7.44,FY2021/22
Gold Coast,2021,Q3,Admitted Subacute,5907.1,5234,30917800.0,33882511.0,-2964711.0,-9.59,FY2021/22
Gold Coast,2021,Q3,Emergency Department,15975.8,5234,83617087.0,87123565.0,-3506477.0,-4.19,FY2021/22
Gold Coast,2021,Q3,Outpatient,12854.5,5234,67280659.0,67512073.0,-231413.0,-0.34,FY2021/22
Gold Coast,2021,Q3,Mental Health,4814.0,5234,25196421.0,27455992.0,-2259572.0,-8.97,FY2021/22
Gold Coast,2021,Q3,Maternity,2745.6,5234,14370408.0,14525978.0,-155570.0,-1.08,FY2021/22
Gold Coast,2021,Q4,Admitted Acute,27610.4,5234,144512880.0,157634992.0,-13122112.0,-9.08,FY2021/22
Gold Coast,2021,Q4,Admitted Subacute,6054.1,5234,31687417.0,31039075.0,648341.0,2.05,FY2021/22
Gold Coast,2021,Q4,Emergency Department,15715.4,5234,82254463.0,89691607.0,-7437144.0,-9.04,FY2021/22
Gold Coast,2021,Q4,Outpatient,11641.6,5234,60931881.0,60370004.0,561877.0,0.92,FY2021/22
Gold Coast,2021,Q4,Mental Health,4559.3,5234,23863141.0,24081490.0,-218349.0,-0.92,FY2021/22
Gold Coast,2021,Q4,Maternity,2741.6,5234,14349777.0,15459022.0,-1109245.0,-7.73,FY2021/22
Gold Coast,2022,Q1,Admitted Acute,30827.9,5389,166131697.0,175361618.0,-9229921.0,-5.56,FY2022/23
Gold Coast,2022,Q1,Admitted Subacute,6612.5,5389,35634943.0,38950635.0,-3315692.0,-9.3,FY2022/23
Gold Coast,2022,Q1,Emergency Department,16478.9,5389,88805037.0,99146192.0,-10341155.0,-11.64,FY2022/23
Gold Coast,2022,Q1,Outpatient,13835.7,5389,74560657.0,72433069.0,2127588.0,2.85,FY2022/23
Gold Coast,2022,Q1,Mental Health,5416.0,5389,29186729.0,29340476.0,-153746.0,-0.53,FY2022/23
Gold Coast,2022,Q1,Maternity,3099.7,5389,16704473.0,16067013.0,637459.0,3.82,FY2022/23
Gold Coast,2022,Q2,Admitted Acute,28534.2,5389,153770960.0,168452294.0,-14681334.0,-9.55,FY2022/23
Gold Coast,2022,Q2,Admitted Subacute,6476.9,5389,34903862.0,38125383.0,-3221521.0,-9.23,FY2022/23
Gold Coast,2022,Q2,Emergency Department,15970.3,5389,86064197.0,91166937.0,-5102740.0,-5.93,FY2022/23
Gold Coast,2022,Q2,Outpatient,13965.8,5389,75261497.0,78057561.0,-2796063.0,-3.72,FY2022/23
Gold Coast,2022,Q2,Mental Health,5103.4,5389,27502308.0,27121388.0,380920.0,1.39,FY2022/23
Gold Coast,2022,Q2,Maternity,2785.2,5389,15009357.0,15034435.0,-25079.0,-0.17,FY2022/23
Gold Coast,2022,Q3,Admitted Acute,30837.6,5389,166183999.0,184383111.0,-18199112.0,-10.95,FY2022/23
Gold Coast,2022,Q3,Admitted Subacute,7174.7,5389,38664659.0,41766763.0,-3102105.0,-8.02,FY2022/23
Gold Coast,2022,Q3,Emergency Department,17319.0,5389,93332303.0,99216665.0,-5884362.0,-6.3,FY2022/23
Gold Coast,2022,Q3,Outpatient,13025.5,5389,70194385.0,77510266.0,-7315880.0,-10.42,FY2022/23
Gold Coast,2022,Q3,Mental Health,5411.4,5389,29161998.0,30482305.0,-1320307.0,-4.53,FY2022/23
Gold Coast,2022,Q3,Maternity,2822.7,5389,15211274.0,15606759.0,-395485.0,-2.6,FY2022/23
Gold Coast,2022,Q4,Admitted Acute,29909.1,5389,161180061.0,176810629.0,-15630568.0,-9.7,FY2022/23
Gold Coast,2022,Q4,Admitted Subacute,6823.0,5389,36769406.0,37308743.0,-539337.0,-1.47,FY2022/23
Gold Coast,2022,Q4,Emergency Department,17817.9,5389,96020926.0,93027233.0,2993692.0,3.12,FY2022/23
Gold Coast,2022,Q4,Outpatient,13377.1,5389,72089445.0,68999994.0,3089451.0,4.29,FY2022/23
Gold Coast,2022,Q4,Mental Health,5469.7,5389,29476166.0,32602792.0,-3126626.0,-10.61,FY2022/23
Gold Coast,2022,Q4,Maternity,2904.1,5389,15650012.0,17151131.0,-1501119.0,-9.59,FY2022/23
Gold Coast,2023,Q1,Admitted Acute,29776.1,5512,164125596.0,181331034.0,-17205438.0,-10.48,FY2023/24
Gold Coast,2023,Q1,Admitted Subacute,7211.6,5512,39750300.0,43201984.0,-3451684.0,-8.68,FY2023/24
Gold Coast,2023,Q1,Emergency Department,15633.6,5512,86172431.0,95968320.0,-9795889.0,-11.37,FY2023/24
Gold Coast,2023,Q1,Outpatient,14362.7,5512,79167013.0,79310122.0,-143109.0,-0.18,FY2023/24
Gold Coast,2023,Q1,Mental Health,5674.1,5512,31275474.0,31208500.0,66973.0,0.21,FY2023/24
Gold Coast,2023,Q1,Maternity,3263.7,5512,17989476.0,17434297.0,555179.0,3.09,FY2023/24
Gold Coast,2023,Q2,Admitted Acute,31803.8,5512,175302350.0,182650804.0,-7348454.0,-4.19,FY2023/24
Gold Coast,2023,Q2,Admitted Subacute,6482.6,5512,35732297.0,35415064.0,317233.0,0.89,FY2023/24
Gold Coast,2023,Q2,Emergency Department,15618.4,5512,86088730.0,88644753.0,-2556022.0,-2.97,FY2023/24
Gold Coast,2023,Q2,Outpatient,13419.3,5512,73967104.0,77792739.0,-3825636.0,-5.17,FY2023/24
Gold Coast,2023,Q2,Mental Health,5215.1,5512,28745840.0,28774191.0,-28351.0,-0.1,FY2023/24
Gold Coast,2023,Q2,Maternity,3199.8,5512,17637549.0,16900022.0,737527.0,4.18,FY2023/24
Gold Coast,2023,Q3,Admitted Acute,32785.5,5512,180713492.0,197860466.0,-17146974.0,-9.49,FY2023/24
Gold Coast,2023,Q3,Admitted Subacute,7116.1,5512,39223733.0,41218168.0,-1994435.0,-5.08,FY2023/24
Gold Coast,2023,Q3,Emergency Department,18003.3,5512,99234171.0,97398948.0,1835224.0,1.85,FY2023/24
Gold Coast,2023,Q3,Outpatient,12926.3,5512,71249887.0,70588455.0,661432.0,0.93,FY2023/24
Gold Coast,2023,Q3,Mental Health,5644.0,5512,31109972.0,29737834.0,1372138.0,4.41,FY2023/24
Gold Coast,2023,Q3,Maternity,3120.8,5512,17201889.0,19252774.0,-2050885.0,-11.92,FY2023/24
Gold Coast,2023,Q4,Admitted Acute,32552.9,5512,179431421.0,186365686.0,-6934265.0,-3.86,FY2023/24
Gold Coast,2023,Q4,Admitted Subacute,6446.2,5512,35531262.0,38776456.0,-3245194.0,-9.13,FY2023/24
Gold Coast,2023,Q4,Emergency Department,17208.3,5512,94851992.0,91962668.0,2889324.0,3.05,FY2023/24
Gold Coast,2023,Q4,Outpatient,12959.3,5512,71431871.0,78906256.0,-7474385.0,-10.46,FY2023/24
Gold Coast,2023,Q4,Mental Health,5535.9,5512,30513982.0,33290106.0,-2776124.0,-9.1,FY2023/24
Gold Coast,2023,Q4,Maternity,3266.8,5512,18006386.0,18856310.0,-849925.0,-4.72,FY2023/24
Gold Coast,2024,Q1,Admitted Acute,31587.9,5678,179356264.0,183512426.0,-4156162.0,-2.32,FY2024/25
Gold Coast,2024,Q1,Admitted Subacute,6879.9,5678,39064171.0,39997075.0,-932904.0,-2.39,FY2024/25
Gold Coast,2024,Q1,Emergency Department,18084.2,5678,102682056.0,108055098.0,-5373042.0,-5.23,FY2024/25
Gold Coast,2024,Q1,Outpatient,15065.2,5678,85540449.0,87711004.0,-2170555.0,-2.54,FY2024/25
Gold Coast,2024,Q1,Mental Health,5607.0,5678,31836279.0,33661207.0,-1824928.0,-5.73,FY2024/25
Gold Coast,2024,Q1,Maternity,3196.2,5678,18148111.0,19408456.0,-1260345.0,-6.94,FY2024/25
Gold Coast,2024,Q2,Admitted Acute,30176.7,5678,171343102.0,177700247.0,-6357145.0,-3.71,FY2024/25
Gold Coast,2024,Q2,Admitted Subacute,6638.7,5678,37694487.0,38273735.0,-579248.0,-1.54,FY2024/25
Gold Coast,2024,Q2,Emergency Department,17290.8,5678,98177237.0,104154083.0,-5976846.0,-6.09,FY2024/25
Gold Coast,2024,Q2,Outpatient,15196.8,5678,86287456.0,90783954.0,-4496498.0,-5.21,FY2024/25
Gold Coast,2024,Q2,Mental Health,5727.3,5678,32519892.0,33692730.0,-1172837.0,-3.61,FY2024/25
Gold Coast,2024,Q2,Maternity,3217.6,5678,18269467.0,17576296.0,693171.0,3.79,FY2024/25
Gold Coast,2024,Q3,Admitted Acute,30262.1,5678,171828394.0,173807003.0,-1978608.0,-1.15,FY2024/25
Gold Coast,2024,Q3,Admitted Subacute,7056.3,5678,40065714.0,38373350.0,1692364.0,4.22,FY2024/25
Gold Coast,2024,Q3,Emergency Department,16327.1,5678,92705540.0,92432840.0,272700.0,0.29,FY2024/25
Gold Coast,2024,Q3,Outpatient,15244.4,5678,86557908.0,87105733.0,-547824.0,-0.63,FY2024/25
Gold Coast,2024,Q3,Mental Health,5496.7,5678,31210037.0,30689972.0,520065.0,1.67,FY2024/25
Gold Coast,2024,Q3,Maternity,3205.8,5678,18202721.0,18161148.0,41572.0,0.23,FY2024/25
Gold Coast,2024,Q4,Admitted Acute,30023.2,5678,170471971.0,176918769.0,-6446798.0,-3.78,FY2024/25
Gold Coast,2024,Q4,Admitted Subacute,6526.7,5678,37058850.0,35254191.0,1804659.0,4.87,FY2024/25
Gold Coast,2024,Q4,Emergency Department,16546.3,5678,93949657.0,89838667.0,4110990.0,4.38,FY2024/25
Gold Coast,2024,Q4,Outpatient,13286.0,5678,75437922.0,76011726.0,-573804.0,-0.76,FY2024/25
Gold Coast,2024,Q4,Mental Health,5779.4,5678,32815323.0,34365790.0,-1550467.0,-4.72,FY2024/25
Gold Coast,2024,Q4,Maternity,3156.4,5678,17921951.0,17920036.0,1916.0,0.01,FY2024/25
Sunshine Coast,2019,Q1,Admitted Acute,22450.7,5012,112522871.0,114491184.0,-1968313.0,-1.75,FY2019/20
Sunshine Coast,2019,Q1,Admitted Subacute,4412.8,5012,22117165.0,23331426.0,-1214261.0,-5.49,FY2019/20
Sunshine Coast,2019,Q1,Emergency Department,10836.4,5012,54311903.0,54783761.0,-471858.0,-0.87,FY2019/20
Sunshine Coast,2019,Q1,Outpatient,9461.2,5012,47419569.0,52095984.0,-4676415.0,-9.86,FY2019/20
Sunshine Coast,2019,Q1,Mental Health,3671.2,5012,18400081.0,19676752.0,-1276671.0,-6.94,FY2019/20
Sunshine Coast,2019,Q1,Maternity,2265.6,5012,11355119.0,11041186.0,313933.0,2.76,FY2019/20
Sunshine Coast,2019,Q2,Admitted Acute,20243.1,5012,101458407.0,103191107.0,-1732700.0,-1.71,FY2019/20
Sunshine Coast,2019,Q2,Admitted Subacute,4665.9,5012,23385501.0,23850255.0,-464754.0,-1.99,FY2019/20
Sunshine Coast,2019,Q2,Emergency Department,12303.3,5012,61663965.0,66065881.0,-4401916.0,-7.14,FY2019/20
Sunshine Coast,2019,Q2,Outpatient,9613.2,5012,48181121.0,48306072.0,-124951.0,-0.26,FY2019/20
Sunshine Coast,2019,Q2,Mental Health,3865.4,5012,19373328.0,21550121.0,-2176793.0,-11.24,FY2019/20
Sunshine Coast,2019,Q2,Maternity,2207.9,5012,11066108.0,10515747.0,550361.0,4.97,FY2019/20
Sunshine Coast,2019,Q3,Admitted Acute,21458.3,5012,107549043.0,103106516.0,4442527.0,4.13,FY2019/20
Sunshine Coast,2019,Q3,Admitted Subacute,4541.8,5012,22763256.0,21855439.0,907817.0,3.99,FY2019/20
Sunshine Coast,2019,Q3,Emergency Department,11741.8,5012,58849972.0,62776459.0,-3926487.0,-6.67,FY2019/20
Sunshine Coast,2019,Q3,Outpatient,8867.1,5012,44441932.0,45119787.0,-677855.0,-1.53,FY2019/20
Sunshine Coast,2019,Q3,Mental Health,3649.3,5012,18290127.0,18523125.0,-232998.0,-1.27,FY2019/20
Sunshine Coast,2019,Q3,Maternity,1972.7,5012,9886994.0,10096807.0,-209813.0,-2.12,FY2019/20
Sunshine Coast,2019,Q4,Admitted Acute,21844.0,5012,109481919.0,105329412.0,4152507.0,3.79,FY2019/20
Sunshine Coast,2019,Q4,Admitted Subacute,4407.6,5012,22090972.0,22318754.0,-227783.0,-1.03,FY2019/20
Sunshine Coast,2019,Q4,Emergency Department,12366.3,5012,61979941.0,65925420.0,-3945479.0,-6.37,FY2019/20
Sunshine Coast,2019,Q4,Outpatient,9720.1,5012,48717387.0,49278923.0,-561536.0,-1.15,FY2019/20
Sunshine Coast,2019,Q4,Mental Health,3730.1,5012,18695124.0,17792566.0,902558.0,4.83,FY2019/20
Sunshine Coast,2019,Q4,Maternity,2145.7,5012,10754390.0,11886384.0,-1131994.0,-10.53,FY2019/20
Sunshine Coast,2020,Q1,Admitted Acute,19283.2,5127,98864857.0,108605889.0,-9741032.0,-9.85,FY2020/21
Sunshine Coast,2020,Q1,Admitted Subacute,4414.7,5127,22634064.0,21966244.0,667820.0,2.95,FY2020/21
Sunshine Coast,2020,Q1,Emergency Department,11088.9,5127,56853035.0,54652564.0,2200471.0,3.87,FY2020/21
Sunshine Coast,2020,Q1,Outpatient,8570.2,5127,43939547.0,42804295.0,1135252.0,2.58,FY2020/21
Sunshine Coast,2020,Q1,Mental Health,3055.9,5127,15667450.0,16008152.0,-340702.0,-2.17,FY2020/21
Sunshine Coast,2020,Q1,Maternity,1832.1,5127,9393087.0,9699491.0,-306403.0,-3.26,FY2020/21
Sunshine Coast,2020,Q2,Admitted Acute,19176.0,5127,98315205.0,94130481.0,4184724.0,4.26,FY2020/21
Sunshine Coast,2020,Q2,Admitted Subacute,4004.9,5127,20532976.0,21456327.0,-923352.0,-4.5,FY2020/21
Sunshine Coast,2020,Q2,Emergency Department,10156.7,5127,52073279.0,55924593.0,-3851313.0,-7.4,FY2020/21
Sunshine Coast,2020,Q2,Outpatient,8731.6,5127,44766908.0,48963928.0,-4197020.0,-9.38,FY2020/21
Sunshine Coast,2020,Q2,Mental Health,3416.9,5127,17518670.0,17923146.0,-404476.0,-2.31,FY2020/21
Sunshine Coast,2020,Q2,Maternity,1946.6,5127,9980328.0,9948538.0,31789.0,0.32,FY2020/21
Sunshine Coast,2020,Q3,Admitted Acute,18355.0,5127,94106036.0,102022939.0,-7916903.0,-8.41,FY2020/21
Sunshine Coast,2020,Q3,Admitted Subacute,4225.4,5127,21663692.0,23520804.0,-1857113.0,-8.57,FY2020/21
Sunshine Coast,2020,Q3,Emergency Department,10955.5,5127,56169077.0,61549266.0,-5380189.0,-9.58,FY2020/21
Sunshine Coast,2020,Q3,Outpatient,9092.1,5127,46615285.0,47699905.0,-1084621.0,-2.33,FY2020/21
Sunshine Coast,2020,Q3,Mental Health,3218.8,5127,16502692.0,17310891.0,-808199.0,-4.9,FY2020/21
Sunshine Coast,2020,Q3,Maternity,1855.2,5127,9511385.0,10007714.0,-496329.0,-5.22,FY2020/21
Sunshine Coast,2020,Q4,Admitted Acute,19565.1,5127,100310130.0,107033803.0,-6723673.0,-6.7,FY2020/21
Sunshine Coast,2020,Q4,Admitted Subacute,4176.4,5127,21412434.0,20949203.0,463232.0,2.16,FY2020/21
Sunshine Coast,2020,Q4,Emergency Department,10302.3,5127,52819890.0,51459303.0,1360587.0,2.58,FY2020/21
Sunshine Coast,2020,Q4,Outpatient,9055.9,5127,46429721.0,46838264.0,-408543.0,-0.88,FY2020/21
Sunshine Coast,2020,Q4,Mental Health,3131.6,5127,16055630.0,15322307.0,733323.0,4.57,FY2020/21
Sunshine Coast,2020,Q4,Maternity,1938.4,5127,9938150.0,10517279.0,-579130.0,-5.83,FY2020/21
Sunshine Coast,2021,Q1,Admitted Acute,20198.4,5234,105718386.0,101721282.0,3997104.0,3.78,FY2021/22
Sunshine Coast,2021,Q1,Admitted Subacute,4596.1,5234,24056210.0,24126141.0,-69931.0,-0.29,FY2021/22
Sunshine Coast,2021,Q1,Emergency Department,11722.9,5234,61357731.0,64608615.0,-3250884.0,-5.3,FY2021/22
Sunshine Coast,2021,Q1,Outpatient,9125.1,5234,47760654.0,47141759.0,618895.0,1.3,FY2021/22
Sunshine Coast,2021,Q1,Mental Health,3910.5,5234,20467346.0,21023654.0,-556308.0,-2.72,FY2021/22
Sunshine Coast,2021,Q1,Maternity,2135.1,5234,11175311.0,10883568.0,291743.0,2.61,FY2021/22
Sunshine Coast,2021,Q2,Admitted Acute,20679.2,5234,108234989.0,103329914.0,4905075.0,4.53,FY2021/22
Sunshine Coast,2021,Q2,Admitted Subacute,4667.6,5234,24430456.0,27212669.0,-2782213.0,-11.39,FY2021/22
Sunshine Coast,2021,Q2,Emergency Department,11188.6,5234,58561372.0,56021526.0,2539846.0,4.34,FY2021/22
Sunshine Coast,2021,Q2,Outpatient,8627.2,5234,45154632.0,45875199.0,-720566.0,-1.6,FY2021/22
Sunshine Coast,2021,Q2,Mental Health,3429.9,5234,17952193.0,17125851.0,826342.0,4.6,FY2021/22
Sunshine Coast,2021,Q2,Maternity,2157.7,5234,11293238.0,11608871.0,-315634.0,-2.79,FY2021/22
Sunshine Coast,2021,Q3,Admitted Acute,20028.1,5234,104826909.0,115625563.0,-10798654.0,-10.3,FY2021/22
Sunshine Coast,2021,Q3,Admitted Subacute,4377.1,5234,22909996.0,25487513.0,-2577517.0,-11.25,FY2021/22
Sunshine Coast,2021,Q3,Emergency Department,11060.5,5234,57890813.0,63739442.0,-5848629.0,-10.1,FY2021/22
Sunshine Coast,2021,Q3,Outpatient,9480.8,5234,49622383.0,54115206.0,-4492823.0,-9.05,FY2021/22
Sunshine Coast,2021,Q3,Mental Health,3908.1,5234,20455126.0,20435262.0,19863.0,0.1,FY2021/22
Sunshine Coast,2021,Q3,Maternity,2225.6,5234,11648933.0,11837785.0,-188852.0,-1.62,FY2021/22
Sunshine Coast,2021,Q4,Admitted Acute,20347.3,5234,106497877.0,107335569.0,-837692.0,-0.79,FY2021/22
Sunshine Coast,2021,Q4,Admitted Subacute,4694.5,5234,24570867.0,23986195.0,584672.0,2.38,FY2021/22
Sunshine Coast,2021,Q4,Emergency Department,11497.8,5234,60179582.0,62712529.0,-2532948.0,-4.21,FY2021/22
Sunshine Coast,2021,Q4,Outpatient,9718.0,5234,50863999.0,55529271.0,-4665271.0,-9.17,FY2021/22
Sunshine Coast,2021,Q4,Mental Health,3592.7,5234,18803981.0,18830244.0,-26263.0,-0.14,FY2021/22
Sunshine Coast,2021,Q4,Maternity,1992.9,5234,10430774.0,10254349.0,176426.0,1.69,FY2021/22
Sunshine Coast,2022,Q1,Admitted Acute,20977.2,5389,113046255.0,113975061.0,-928806.0,-0.82,FY2022/23
Sunshine Coast,2022,Q1,Admitted Subacute,4892.7,5389,26366519.0,29379974.0,-3013455.0,-11.43,FY2022/23
Sunshine Coast,2022,Q1,Emergency Department,12530.9,5389,67528990.0,68139256.0,-610266.0,-0.9,FY2022/23
Sunshine Coast,2022,Q1,Outpatient,10289.5,5389,55450342.0,53989971.0,1460371.0,2.63,FY2022/23
Sunshine Coast,2022,Q1,Mental Health,3915.3,5389,21099309.0,22290573.0,-1191264.0,-5.65,FY2022/23
Sunshine Coast,2022,Q1,Maternity,2253.5,5389,12144057.0,12366322.0,-222265.0,-1.83,FY2022/23
Sunshine Coast,2022,Q2,Admitted Acute,24358.8,5389,131269467.0,144350931.0,-13081463.0,-9.97,FY2022/23
Sunshine Coast,2022,Q2,Admitted Subacute,5179.7,5389,27913226.0,29219401.0,-1306176.0,-4.68,FY2022/23
Sunshine Coast,2022,Q2,Emergency Department,12656.0,5389,68202937.0,67126903.0,1076034.0,1.58,FY2022/23
Sunshine Coast,2022,Q2,Outpatient,9988.3,5389,53826986.0,51496714.0,2330271.0,4.33,FY2022/23
Sunshine Coast,2022,Q2,Mental Health,3935.2,5389,21206618.0,22103959.0,-897341.0,-4.23,FY2022/23
Sunshine Coast,2022,Q2,Maternity,2159.2,5389,11635731.0,12960865.0,-1325134.0,-11.39,FY2022/23
Sunshine Coast,2022,Q3,Admitted Acute,24054.0,5389,129626737.0,139058942.0,-9432205.0,-7.28,FY2022/23
Sunshine Coast,2022,Q3,Admitted Subacute,5106.5,5389,27518973.0,30212937.0,-2693963.0,-9.79,FY2022/23
Sunshine Coast,2022,Q3,Emergency Department,11682.5,5389,62957014.0,68269746.0,-5312732.0,-8.44,FY2022/23
Sunshine Coast,2022,Q3,Outpatient,9548.9,5389,51459204.0,55834050.0,-4374846.0,-8.5,FY2022/23
Sunshine Coast,2022,Q3,Mental Health,3808.9,5389,20526096.0,22560343.0,-2034247.0,-9.91,FY2022/23
Sunshine Coast,2022,Q3,Maternity,2417.9,5389,13029998.0,12708096.0,321902.0,2.47,FY2022/23
Sunshine Coast,2022,Q4,Admitted Acute,22440.2,5389,120930153.0,135050908.0,-14120754.0,-11.68,FY2022/23
Sunshine Coast,2022,Q4,Admitted Subacute,5065.9,5389,27300082.0,29942814.0,-2642732.0,-9.68,FY2022/23
Sunshine Coast,2022,Q4,Emergency Department,12592.5,5389,67861112.0,68798008.0,-936896.0,-1.38,FY2022/23
Sunshine Coast,2022,Q4,Outpatient,9810.6,5389,52869122.0,52052184.0,816938.0,1.55,FY2022/23
Sunshine Coast,2022,Q4,Mental Health,4116.1,5389,22181704.0,22530220.0,-348516.0,-1.57,FY2022/23
Sunshine Coast,2022,Q4,Maternity,2261.6,5389,12187615.0,12598281.0,-410666.0,-3.37,FY2022/23
Sunshine Coast,2023,Q1,Admitted Acute,23385.6,5512,128901556.0,141424099.0,-12522543.0,-9.71,FY2023/24
Sunshine Coast,2023,Q1,Admitted Subacute,5597.3,5512,30852223.0,31447341.0,-595118.0,-1.93,FY2023/24
Sunshine Coast,2023,Q1,Emergency Department,13370.8,5512,73699742.0,79593490.0,-5893748.0,-8.0,FY2023/24
Sunshine Coast,2023,Q1,Outpatient,10517.3,5512,57971321.0,64494719.0,-6523398.0,-11.25,FY2023/24
Sunshine Coast,2023,Q1,Mental Health,3848.8,5512,21214403.0,20547739.0,666664.0,3.14,FY2023/24
Sunshine Coast,2023,Q1,Maternity,2440.8,5512,13453824.0,13785534.0,-331710.0,-2.47,FY2023/24
Sunshine Coast,2023,Q2,Admitted Acute,24382.4,5512,134395772.0,148080666.0,-13684894.0,-10.18,FY2023/24
Sunshine Coast,2023,Q2,Admitted Subacute,4833.6,5512,26643022.0,29312360.0,-2669338.0,-10.02,FY2023/24
Sunshine Coast,2023,Q2,Emergency Department,12599.9,5512,69450886.0,72004839.0,-2553954.0,-3.68,FY2023/24
Sunshine Coast,2023,Q2,Outpatient,10605.5,5512,58457784.0,64741122.0,-6283337.0,-10.75,FY2023/24
Sunshine Coast,2023,Q2,Mental Health,3731.5,5512,20567831.0,21206738.0,-638907.0,-3.11,FY2023/24
Sunshine Coast,2023,Q2,Maternity,2379.4,5512,13115154.0,14070726.0,-955573.0,-7.29,FY2023/24
Sunshine Coast,2023,Q3,Admitted Acute,23811.6,5512,131249538.0,127686635.0,3562904.0,2.71,FY2023/24
Sunshine Coast,2023,Q3,Admitted Subacute,5030.7,5512,27729094.0,28033605.0,-304511.0,-1.1,FY2023/24
Sunshine Coast,2023,Q3,Emergency Department,13323.9,5512,73441116.0,73249374.0,191742.0,0.26,FY2023/24
Sunshine Coast,2023,Q3,Outpatient,9913.8,5512,54645111.0,60807230.0,-6162119.0,-11.28,FY2023/24
Sunshine Coast,2023,Q3,Mental Health,3724.8,5512,20531278.0,22987426.0,-2456147.0,-11.96,FY2023/24
Sunshine Coast,2023,Q3,Maternity,2375.4,5512,13092947.0,14282307.0,-1189360.0,-9.08,FY2023/24
Sunshine Coast,2023,Q4,Admitted Acute,22340.9,5512,123143114.0,117285639.0,5857475.0,4.76,FY2023/24
Sunshine Coast,2023,Q4,Admitted Subacute,5395.3,5512,29738961.0,32469134.0,-2730173.0,-9.18,FY2023/24
Sunshine Coast,2023,Q4,Emergency Department,13193.8,5512,72724445.0,70854303.0,1870142.0,2.57,FY2023/24
Sunshine Coast,2023,Q4,Outpatient,10816.5,5512,59620555.0,64432940.0,-4812385.0,-8.07,FY2023/24
Sunshine Coast,2023,Q4,Mental Health,4145.0,5512,22847483.0,24680758.0,-1833275.0,-8.02,FY2023/24
Sunshine Coast,2023,Q4,Maternity,2437.9,5512,13437443.0,14167267.0,-729824.0,-5.43,FY2023/24
Sunshine Coast,2024,Q1,Admitted Acute,22069.9,5678,125313039.0,129435428.0,-4122389.0,-3.29,FY2024/25
Sunshine Coast,2024,Q1,Admitted Subacute,4956.4,5678,28142529.0,28685182.0,-542653.0,-1.93,FY2024/25
Sunshine Coast,2024,Q1,Emergency Department,12800.6,5678,72681945.0,69863461.0,2818484.0,3.88,FY2024/25
Sunshine Coast,2024,Q1,Outpatient,10374.1,5678,58904104.0,57070400.0,1833704.0,3.11,FY2024/25
Sunshine Coast,2024,Q1,Mental Health,4338.3,5678,24632712.0,27369578.0,-2736866.0,-11.11,FY2024/25
Sunshine Coast,2024,Q1,Maternity,2200.8,5678,12496345.0,13900554.0,-1404209.0,-11.24,FY2024/25
Sunshine Coast,2024,Q2,Admitted Acute,23710.3,5678,134627308.0,134751995.0,-124687.0,-0.09,FY2024/25
Sunshine Coast,2024,Q2,Admitted Subacute,4955.7,5678,28138727.0,29126569.0,-987842.0,-3.51,FY2024/25
Sunshine Coast,2024,Q2,Emergency Department,13606.0,5678,77255140.0,82678813.0,-5423674.0,-7.02,FY2024/25
Sunshine Coast,2024,Q2,Outpatient,9866.2,5678,56020195.0,53913461.0,2106734.0,3.76,FY2024/25
Sunshine Coast,2024,Q2,Mental Health,4070.1,5678,23110174.0,23114781.0,-4608.0,-0.02,FY2024/25
Sunshine Coast,2024,Q2,Maternity,2261.3,5678,12839896.0,12811273.0,28623.0,0.22,FY2024/25
Sunshine Coast,2024,Q3,Admitted Acute,24772.2,5678,140656352.0,155842845.0,-15186493.0,-10.8,FY2024/25
Sunshine Coast,2024,Q3,Admitted Subacute,5234.9,5678,29723846.0,32816282.0,-3092435.0,-10.4,FY2024/25
Sunshine Coast,2024,Q3,Emergency Department,12622.6,5678,71671347.0,73892750.0,-2221402.0,-3.1,FY2024/25
Sunshine Coast,2024,Q3,Outpatient,10165.2,5678,57718149.0,61116648.0,-3398498.0,-5.89,FY2024/25
Sunshine Coast,2024,Q3,Mental Health,4451.2,5678,25274033.0,26603291.0,-1329258.0,-5.26,FY2024/25
Sunshine Coast,2024,Q3,Maternity,2308.8,5678,13109104.0,13897340.0,-788237.0,-6.01,FY2024/25
Sunshine Coast,2024,Q4,Admitted Acute,22199.6,5678,126049557.0,138789643.0,-12740086.0,-10.11,FY2024/25
Sunshine Coast,2024,Q4,Admitted Subacute,5318.2,5678,30197012.0,30993894.0,-796883.0,-2.64,FY2024/25
Sunshine Coast,2024,Q4,Emergency Department,13172.3,5678,74792109.0,78996417.0,-4204308.0,-5.62,FY2024/25
Sunshine Coast,2024,Q4,Outpatient,9902.8,5678,56228329.0,59941925.0,-3713596.0,-6.6,FY2024/25
Sunshine Coast,2024,Q4,Mental Health,3963.7,5678,22505677.0,24111951.0,-1606274.0,-7.14,FY2024/25
Sunshine Coast,2024,Q4,Maternity,2484.4,5678,14106526.0,15329180.0,-1222654.0,-8.67,FY2024/25
West Moreton,2019,Q1,Admitted Acute,14117.6,5012,70757422.0,73476551.0,-2719129.0,-3.84,FY2019/20
West Moreton,2019,Q1,Admitted Subacute,2970.0,5012,14885688.0,16103468.0,-1217781.0,-8.18,FY2019/20
West Moreton,2019,Q1,Emergency Department,7418.4,5012,37180902.0,38461346.0,-1280444.0,-3.44,FY2019/20
West Moreton,2019,Q1,Outpatient,6082.5,5012,30485732.0,29655021.0,830711.0,2.72,FY2019/20
West Moreton,2019,Q1,Mental Health,2500.8,5012,12533943.0,12023014.0,510928.0,4.08,FY2019/20
West Moreton,2019,Q1,Maternity,1455.7,5012,7295951.0,7325060.0,-29109.0,-0.4,FY2019/20
West Moreton,2019,Q2,Admitted Acute,12880.3,5012,64556072.0,66937672.0,-2381600.0,-3.69,FY2019/20
West Moreton,2019,Q2,Admitted Subacute,2921.6,5012,14643126.0,14598447.0,44679.0,0.31,FY2019/20
West Moreton,2019,Q2,Emergency Department,7955.0,5012,39870435.0,38301822.0,1568613.0,3.93,FY2019/20
West Moreton,2019,Q2,Outpatient,6642.1,5012,33289971.0,31647090.0,1642880.0,4.94,FY2019/20
West Moreton,2019,Q2,Mental Health,2350.8,5012,11781984.0,12676869.0,-894885.0,-7.6,FY2019/20
West Moreton,2019,Q2,Maternity,1358.8,5012,6810529.0,6587972.0,222556.0,3.27,FY2019/20
West Moreton,2019,Q3,Admitted Acute,13686.9,5012,68598863.0,68322194.0,276669.0,0.4,FY2019/20
West Moreton,2019,Q3,Admitted Subacute,3322.7,5012,16653507.0,16707949.0,-54443.0,-0.33,FY2019/20
West Moreton,2019,Q3,Emergency Department,8056.0,5012,40376496.0,44479485.0,-4102989.0,-10.16,FY2019/20
West Moreton,2019,Q3,Outpatient,6233.3,5012,31241239.0,34511895.0,-3270656.0,-10.47,FY2019/20
West Moreton,2019,Q3,Mental Health,2401.9,5012,12038366.0,13409456.0,-1371090.0,-11.39,FY2019/20
West Moreton,2019,Q3,Maternity,1308.0,5012,6555700.0,6993577.0,-437877.0,-6.68,FY2019/20
West Moreton,2019,Q4,Admitted Acute,13986.1,5012,70098551.0,71213139.0,-1114588.0,-1.59,FY2019/20
West Moreton,2019,Q4,Admitted Subacute,3216.9,5012,16123037.0,17246098.0,-1123061.0,-6.97,FY2019/20
West Moreton,2019,Q4,Emergency Department,7089.4,5012,35531950.0,34763821.0,768129.0,2.16,FY2019/20
West Moreton,2019,Q4,Outpatient,6514.8,5012,32651929.0,34718323.0,-2066394.0,-6.33,FY2019/20
West Moreton,2019,Q4,Mental Health,2632.7,5012,13195045.0,14242421.0,-1047376.0,-7.94,FY2019/20
West Moreton,2019,Q4,Maternity,1501.0,5012,7522877.0,8045205.0,-522328.0,-6.94,FY2019/20
West Moreton,2020,Q1,Admitted Acute,12220.0,5127,62651779.0,60641411.0,2010368.0,3.21,FY2020/21
West Moreton,2020,Q1,Admitted Subacute,2969.4,5127,15224213.0,16130136.0,-905922.0,-5.95,FY2020/21
West Moreton,2020,Q1,Emergency Department,6443.3,5127,33034878.0,33405152.0,-370274.0,-1.12,FY2020/21
West Moreton,2020,Q1,Outpatient,6097.9,5127,31264086.0,32360461.0,-1096375.0,-3.51,FY2020/21
West Moreton,2020,Q1,Mental Health,2186.1,5127,11208207.0,11519895.0,-311688.0,-2.78,FY2020/21
West Moreton,2020,Q1,Maternity,1204.0,5127,6172807.0,6251080.0,-78273.0,-1.27,FY2020/21
West Moreton,2020,Q2,Admitted Acute,12365.0,5127,63395151.0,60789633.0,2605518.0,4.11,FY2020/21
West Moreton,2020,Q2,Admitted Subacute,2962.9,5127,15190985.0,15507045.0,-316060.0,-2.08,FY2020/21
West Moreton,2020,Q2,Emergency Department,7303.4,5127,37444670.0,40985406.0,-3540737.0,-9.46,FY2020/21
West Moreton,2020,Q2,Outpatient,5420.7,5127,27792136.0,29508303.0,-1716167.0,-6.18,FY2020/21
West Moreton,2020,Q2,Mental Health,2200.1,5127,11279909.0,12403689.0,-1123780.0,-9.96,FY2020/21
West Moreton,2020,Q2,Maternity,1205.4,5127,6179911.0,6583016.0,-403105.0,-6.52,FY2020/21
West Moreton,2020,Q3,Admitted Acute,12845.7,5127,65859960.0,65873215.0,-13254.0,-0.02,FY2020/21
West Moreton,2020,Q3,Admitted Subacute,2676.1,5127,13720343.0,14554249.0,-833905.0,-6.08,FY2020/21
West Moreton,2020,Q3,Emergency Department,7210.5,5127,36968463.0,37103644.0,-135181.0,-0.37,FY2020/21
West Moreton,2020,Q3,Outpatient,5814.3,5127,29809835.0,30321737.0,-511902.0,-1.72,FY2020/21
West Moreton,2020,Q3,Mental Health,2285.3,5127,11716664.0,11527634.0,189030.0,1.61,FY2020/21
West Moreton,2020,Q3,Maternity,1341.6,5127,6878599.0,6870755.0,7844.0,0.11,FY2020/21
West Moreton,2020,Q4,Admitted Acute,12360.9,5127,63374151.0,60831303.0,2542848.0,4.01,FY2020/21
West Moreton,2020,Q4,Admitted Subacute,2664.7,5127,13661867.0,14176872.0,-515005.0,-3.77,FY2020/21
West Moreton,2020,Q4,Emergency Department,6687.1,5127,34284937.0,37440235.0,-3155299.0,-9.2,FY2020/21
West Moreton,2020,Q4,Outpatient,5241.4,5127,26872409.0,27260607.0,-388199.0,-1.44,FY2020/21
West Moreton,2020,Q4,Mental Health,2152.4,5127,11035293.0,10519787.0,515506.0,4.67,FY2020/21
West Moreton,2020,Q4,Maternity,1186.9,5127,6085259.0,6208907.0,-123648.0,-2.03,FY2020/21
West Moreton,2021,Q1,Admitted Acute,13802.2,5234,72240843.0,73593860.0,-1353017.0,-1.87,FY2021/22
West Moreton,2021,Q1,Admitted Subacute,3124.4,5234,16353318.0,17190157.0,-836838.0,-5.12,FY2021/22
West Moreton,2021,Q1,Emergency Department,7004.0,5234,36658806.0,37718106.0,-1059299.0,-2.89,FY2021/22
West Moreton,2021,Q1,Outpatient,6679.2,5234,34959108.0,36295787.0,-1336679.0,-3.82,FY2021/22
West Moreton,2021,Q1,Mental Health,2486.8,5234,13016130.0,13055398.0,-39268.0,-0.3,FY2021/22
West Moreton,2021,Q1,Maternity,1442.4,5234,7549397.0,8163893.0,-614496.0,-8.14,FY2021/22
West Moreton,2021,Q2,Admitted Acute,13865.1,5234,72569844.0,80982311.0,-8412467.0,-11.59,FY2021/22
West Moreton,2021,Q2,Admitted Subacute,2922.8,5234,15297834.0,14577017.0,720817.0,4.71,FY2021/22
West Moreton,2021,Q2,Emergency Department,7928.4,5234,41497288.0,45116534.0,-3619246.0,-8.72,FY2021/22
West Moreton,2021,Q2,Outpatient,5840.2,5234,30567846.0,30419564.0,148282.0,0.49,FY2021/22
West Moreton,2021,Q2,Mental Health,2231.5,5234,11679614.0,11678007.0,1606.0,0.01,FY2021/22
West Moreton,2021,Q2,Maternity,1442.2,5234,7548414.0,7835656.0,-287242.0,-3.81,FY2021/22
West Moreton,2021,Q3,Admitted Acute,13482.2,5234,70565613.0,71496774.0,-931161.0,-1.32,FY2021/22
West Moreton,2021,Q3,Admitted Subacute,2861.0,5234,14974471.0,14988937.0,-14467.0,-0.1,FY2021/22
West Moreton,2021,Q3,Emergency Department,7778.0,5234,40710007.0,45416616.0,-4706608.0,-11.56,FY2021/22
West Moreton,2021,Q3,Outpatient,6563.4,5234,34352780.0,32772935.0,1579845.0,4.6,FY2021/22
West Moreton,2021,Q3,Mental Health,2572.4,5234,13463704.0,14583127.0,-1119423.0,-8.31,FY2021/22
West Moreton,2021,Q3,Maternity,1443.8,5234,7556785.0,7767312.0,-210527.0,-2.79,FY2021/22
West Moreton,2021,Q4,Admitted Acute,13592.5,5234,71143155.0,71249562.0,-106407.0,-0.15,FY2021/22
West Moreton,2021,Q4,Admitted Subacute,2893.0,5234,15141992.0,14972402.0,169590.0,1.12,FY2021/22
West Moreton,2021,Q4,Emergency Department,7291.8,5234,38165146.0,39397616.0,-1232471.0,-3.23,FY2021/22
West Moreton,2021,Q4,Outpatient,6464.3,5234,33834049.0,34867601.0,-1033551.0,-3.05,FY2021/22
West Moreton,2021,Q4,Mental Health,2247.1,5234,11761208.0,13088157.0,-1326950.0,-11.28,FY2021/22
West Moreton,2021,Q4,Maternity,1479.7,5234,7744651.0,8391191.0,-646541.0,-8.35,FY2021/22
West Moreton,2022,Q1,Admitted Acute,16233.1,5389,87480271.0,91203606.0,-3723335.0,-4.26,FY2022/23
West Moreton,2022,Q1,Admitted Subacute,3637.0,5389,19599674.0,18871602.0,728072.0,3.71,FY2022/23
West Moreton,2022,Q1,Emergency Department,8099.6,5389,43648785.0,43138741.0,510044.0,1.17,FY2022/23
West Moreton,2022,Q1,Outpatient,6442.9,5389,34720814.0,33815868.0,904946.0,2.61,FY2022/23
West Moreton,2022,Q1,Mental Health,2685.3,5389,14471271.0,15669850.0,-1198579.0,-8.28,FY2022/23
West Moreton,2022,Q1,Maternity,1523.9,5389,8212051.0,8006615.0,205435.0,2.5,FY2022/23
West Moreton,2022,Q2,Admitted Acute,15799.2,5389,85141814.0,90089600.0,-4947787.0,-5.81,FY2022/23
West Moreton,2022,Q2,Admitted Subacute,3325.7,5389,17921972.0,19079770.0,-1157798.0,-6.46,FY2022/23
West Moreton,2022,Q2,Emergency Department,7959.5,5389,42893843.0,43266277.0,-372433.0,-0.87,FY2022/23
West Moreton,2022,Q2,Outpatient,7224.9,5389,38934920.0,38911004.0,23915.0,0.06,FY2022/23
West Moreton,2022,Q2,Mental Health,2621.1,5389,14125124.0,15556338.0,-1431214.0,-10.13,FY2022/23
West Moreton,2022,Q2,Maternity,1555.0,5389,8379999.0,8049614.0,330385.0,3.94,FY2022/23
West Moreton,2022,Q3,Admitted Acute,14200.7,5389,76527603.0,72803240.0,3724363.0,4.87,FY2022/23
West Moreton,2022,Q3,Admitted Subacute,3457.2,5389,18630761.0,19117108.0,-486346.0,-2.61,FY2022/23
West Moreton,2022,Q3,Emergency Department,7793.1,5389,41997197.0,46736530.0,-4739333.0,-11.28,FY2022/23
West Moreton,2022,Q3,Outpatient,6804.6,5389,36670201.0,36344638.0,325563.0,0.89,FY2022/23
West Moreton,2022,Q3,Mental Health,2634.0,5389,14194649.0,15124902.0,-930253.0,-6.55,FY2022/23
West Moreton,2022,Q3,Maternity,1403.0,5389,7560543.0,7535590.0,24952.0,0.33,FY2022/23
West Moreton,2022,Q4,Admitted Acute,15789.2,5389,85087853.0,87482483.0,-2394630.0,-2.81,FY2022/23
West Moreton,2022,Q4,Admitted Subacute,3411.5,5389,18384495.0,18817978.0,-433483.0,-2.36,FY2022/23
West Moreton,2022,Q4,Emergency Department,7673.4,5389,41352174.0,40449765.0,902409.0,2.18,FY2022/23
West Moreton,2022,Q4,Outpatient,6713.5,5389,36178992.0,35656622.0,522369.0,1.44,FY2022/23
West Moreton,2022,Q4,Mental Health,2444.1,5389,13171315.0,14401785.0,-1230470.0,-9.34,FY2022/23
West Moreton,2022,Q4,Maternity,1620.9,5389,8734875.0,9475892.0,-741017.0,-8.48,FY2022/23
West Moreton,2023,Q1,Admitted Acute,16271.7,5512,89689754.0,88894754.0,795000.0,0.89,FY2023/24
West Moreton,2023,Q1,Admitted Subacute,3720.4,5512,20506688.0,20167864.0,338824.0,1.65,FY2023/24
West Moreton,2023,Q1,Emergency Department,9081.8,5512,50058759.0,56021722.0,-5962963.0,-11.91,FY2023/24
West Moreton,2023,Q1,Outpatient,7164.8,5512,39492147.0,44104610.0,-4612463.0,-11.68,FY2023/24
West Moreton,2023,Q1,Mental Health,2725.0,5512,15020120.0,14931834.0,88287.0,0.59,FY2023/24
West Moreton,2023,Q1,Maternity,1524.5,5512,8402911.0,8830664.0,-427753.0,-5.09,FY2023/24
West Moreton,2023,Q2,Admitted Acute,14348.1,5512,79086578.0,83499479.0,-4412901.0,-5.58,FY2023/24
West Moreton,2023,Q2,Admitted Subacute,3731.8,5512,20569489.0,20205785.0,363704.0,1.77,FY2023/24
West Moreton,2023,Q2,Emergency Department,8866.5,5512,48872285.0,53971756.0,-5099471.0,-10.43,FY2023/24
West Moreton,2023,Q2,Outpatient,7422.0,5512,40909934.0,45541881.0,-4631948.0,-11.32,FY2023/24
West Moreton,2023,Q2,Mental Health,2704.3,5512,14905845.0,16637044.0,-1731200.0,-11.61,FY2023/24
West Moreton,2023,Q2,Maternity,1603.4,5512,8837948.0,8638954.0,198994.0,2.25,FY2023/24
West Moreton,2023,Q3,Admitted Acute,15343.1,5512,84571067.0,90670020.0,-6098952.0,-7.21,FY2023/24
West Moreton,2023,Q3,Admitted Subacute,3324.9,5512,18326989.0,19406533.0,-1079544.0,-5.89,FY2023/24
West Moreton,2023,Q3,Emergency Department,8695.8,5512,47931123.0,46860291.0,1070831.0,2.23,FY2023/24
West Moreton,2023,Q3,Outpatient,7002.2,5512,38595942.0,41729029.0,-3133086.0,-8.12,FY2023/24
West Moreton,2023,Q3,Mental Health,2694.5,5512,14852215.0,14140163.0,712052.0,4.79,FY2023/24
West Moreton,2023,Q3,Maternity,1419.0,5512,7821677.0,7905330.0,-83653.0,-1.07,FY2023/24
West Moreton,2023,Q4,Admitted Acute,16450.1,5512,90673184.0,89664449.0,1008734.0,1.11,FY2023/24
West Moreton,2023,Q4,Admitted Subacute,3539.5,5512,19509676.0,19270739.0,238937.0,1.22,FY2023/24
West Moreton,2023,Q4,Emergency Department,8228.3,5512,45354539.0,49625447.0,-4270908.0,-9.42,FY2023/24
West Moreton,2023,Q4,Outpatient,7183.8,5512,39596894.0,38259227.0,1337667.0,3.38,FY2023/24
West Moreton,2023,Q4,Mental Health,2664.3,5512,14685381.0,14023934.0,661446.0,4.5,FY2023/24
West Moreton,2023,Q4,Maternity,1535.3,5512,8462526.0,8992397.0,-529871.0,-6.26,FY2023/24
West Moreton,2024,Q1,Admitted Acute,14788.6,5678,83969822.0,83895126.0,74696.0,0.09,FY2024/25
West Moreton,2024,Q1,Admitted Subacute,3485.8,5678,19792505.0,21896850.0,-2104345.0,-10.63,FY2024/25
West Moreton,2024,Q1,Emergency Department,9346.2,5678,53067448.0,50819241.0,2248207.0,4.24,FY2024/25
West Moreton,2024,Q1,Outpatient,7383.5,5678,41923416.0,42476516.0,-553099.0,-1.32,FY2024/25
West Moreton,2024,Q1,Mental Health,2708.8,5678,15380703.0,16583859.0,-1203156.0,-7.82,FY2024/25
West Moreton,2024,Q1,Maternity,1680.4,5678,9541558.0,10606948.0,-1065390.0,-11.17,FY2024/25
West Moreton,2024,Q2,Admitted Acute,15944.3,5678,90532013.0,91501665.0,-969652.0,-1.07,FY2024/25
West Moreton,2024,Q2,Admitted Subacute,3706.8,5678,21047156.0,20892885.0,154271.0,0.73,FY2024/25
West Moreton,2024,Q2,Emergency Department,8751.3,5678,49689919.0,50234438.0,-544519.0,-1.1,FY2024/25
West Moreton,2024,Q2,Outpatient,7265.1,5678,41251349.0,40874634.0,376715.0,0.91,FY2024/25
West Moreton,2024,Q2,Mental Health,2620.2,5678,14877737.0,16456274.0,-1578537.0,-10.61,FY2024/25
West Moreton,2024,Q2,Maternity,1474.7,5678,8373088.0,8674627.0,-301539.0,-3.6,FY2024/25
West Moreton,2024,Q3,Admitted Acute,15046.5,5678,85434305.0,81728002.0,3706303.0,4.34,FY2024/25
West Moreton,2024,Q3,Admitted Subacute,3280.7,5678,18627659.0,18251152.0,376508.0,2.02,FY2024/25
West Moreton,2024,Q3,Emergency Department,9170.8,5678,52072051.0,51969020.0,103030.0,0.2,FY2024/25
West Moreton,2024,Q3,Outpatient,7598.3,5678,43143265.0,45251926.0,-2108661.0,-4.89,FY2024/25
West Moreton,2024,Q3,Mental Health,2728.3,5678,15491270.0,16244379.0,-753110.0,-4.86,FY2024/25
West Moreton,2024,Q3,Maternity,1579.2,5678,8966743.0,9675044.0,-708301.0,-7.9,FY2024/25
West Moreton,2024,Q4,Admitted Acute,15201.9,5678,86316332.0,87181098.0,-864766.0,-1.0,FY2024/25
West Moreton,2024,Q4,Admitted Subacute,3767.2,5678,21390170.0,23762289.0,-2372119.0,-11.09,FY2024/25
West Moreton,2024,Q4,Emergency Department,9206.6,5678,52274994.0,53388773.0,-1113779.0,-2.13,FY2024/25
West Moreton,2024,Q4,Outpatient,7405.4,5678,42048057.0,43350583.0,-1302526.0,-3.1,FY2024/25
West Moreton,2024,Q4,Mental Health,2755.2,5678,15643827.0,15405973.0,237855.0,1.52,FY2024/25
West Moreton,2024,Q4,Maternity,1598.0,5678,9073244.0,8906688.0,166557.0,1.84,FY2024/25
Darling Downs,2019,Q1,Admitted Acute,11676.6,5012,58523140.0,64103622.0,-5580482.0,-9.54,FY2019/20
Darling Downs,2019,Q1,Admitted Subacute,2573.5,5012,12898165.0,12409285.0,488880.0,3.79,FY2019/20
Darling Downs,2019,Q1,Emergency Department,6144.9,5012,30798099.0,34183837.0,-3385739.0,-10.99,FY2019/20
Darling Downs,2019,Q1,Outpatient,5406.0,5012,27094768.0,27625827.0,-531059.0,-1.96,FY2019/20
Darling Downs,2019,Q1,Mental Health,2204.5,5012,11048729.0,12066211.0,-1017482.0,-9.21,FY2019/20
Darling Downs,2019,Q1,Maternity,1167.8,5012,5852917.0,6250418.0,-397501.0,-6.79,FY2019/20
Darling Downs,2019,Q2,Admitted Acute,12520.6,5012,62753026.0,66599197.0,-3846172.0,-6.13,FY2019/20
Darling Downs,2019,Q2,Admitted Subacute,2549.5,5012,12778039.0,14041789.0,-1263750.0,-9.89,FY2019/20
Darling Downs,2019,Q2,Emergency Department,6641.3,5012,33286115.0,33220219.0,65896.0,0.2,FY2019/20
Darling Downs,2019,Q2,Outpatient,5335.4,5012,26741011.0,25574757.0,1166253.0,4.36,FY2019/20
Darling Downs,2019,Q2,Mental Health,1975.0,5012,9898516.0,10691812.0,-793296.0,-8.01,FY2019/20
Darling Downs,2019,Q2,Maternity,1104.0,5012,5533259.0,5648441.0,-115181.0,-2.08,FY2019/20
Darling Downs,2019,Q3,Admitted Acute,12043.2,5012,60360616.0,57903206.0,2457410.0,4.07,FY2019/20
Darling Downs,2019,Q3,Admitted Subacute,2904.4,5012,14556701.0,14388445.0,168256.0,1.16,FY2019/20
Darling Downs,2019,Q3,Emergency Department,6393.2,5012,32042888.0,32096407.0,-53519.0,-0.17,FY2019/20
Darling Downs,2019,Q3,Outpatient,5167.1,5012,25897405.0,24609023.0,1288382.0,4.97,FY2019/20
Darling Downs,2019,Q3,Mental Health,2177.1,5012,10911424.0,12159295.0,-1247871.0,-11.44,FY2019/20
Darling Downs,2019,Q3,Maternity,1147.1,5012,5749087.0,6109658.0,-360571.0,-6.27,FY2019/20
Darling Downs,2019,Q4,Admitted Acute,12464.4,5012,62471778.0,68358638.0,-5886860.0,-9.42,FY2019/20
Darling Downs,2019,Q4,Admitted Subacute,2666.6,5012,13364878.0,13384902.0,-20024.0,-0.15,FY2019/20
Darling Downs,2019,Q4,Emergency Department,6415.5,5012,32154544.0,34442200.0,-2287655.0,-7.11,FY2019/20
Darling Downs,2019,Q4,Outpatient,5673.7,5012,28436572.0,27892704.0,543867.0,1.91,FY2019/20
Darling Downs,2019,Q4,Mental Health,2056.6,5012,10307861.0,11372970.0,-1065110.0,-10.33,FY2019/20
Darling Downs,2019,Q4,Maternity,1258.9,5012,6309532.0,7050435.0,-740903.0,-11.74,FY2019/20
Darling Downs,2020,Q1,Admitted Acute,11264.3,5127,57752155.0,58724885.0,-972730.0,-1.68,FY2020/21
Darling Downs,2020,Q1,Admitted Subacute,2470.7,5127,12667373.0,13457467.0,-790095.0,-6.24,FY2020/21
Darling Downs,2020,Q1,Emergency Department,5551.7,5127,28463433.0,29674964.0,-1211531.0,-4.26,FY2020/21
Darling Downs,2020,Q1,Outpatient,5033.9,5127,25808957.0,25252635.0,556322.0,2.16,FY2020/21
Darling Downs,2020,Q1,Mental Health,1979.3,5127,10147623.0,10647306.0,-499683.0,-4.92,FY2020/21
Darling Downs,2020,Q1,Maternity,1160.7,5127,5950999.0,5696366.0,254633.0,4.28,FY2020/21
Darling Downs,2020,Q2,Admitted Acute,10417.6,5127,53410945.0,56202423.0,-2791478.0,-5.23,FY2020/21
Darling Downs,2020,Q2,Admitted Subacute,2356.1,5127,12079862.0,12942993.0,-863132.0,-7.15,FY2020/21
Darling Downs,2020,Q2,Emergency Department,6199.9,5127,31786916.0,30751544.0,1035373.0,3.26,FY2020/21
Darling Downs,2020,Q2,Outpatient,4881.6,5127,25027949.0,25941754.0,-913805.0,-3.65,FY2020/21
Darling Downs,2020,Q2,Mental Health,1854.6,5127,9508445.0,10541036.0,-1032591.0,-10.86,FY2020/21
Darling Downs,2020,Q2,Maternity,1139.1,5127,5840262.0,6240470.0,-400207.0,-6.85,FY2020/21
Darling Downs,2020,Q3,Admitted Acute,11195.2,5127,57397685.0,59033045.0,-1635360.0,-2.85,FY2020/21
Darling Downs,2020,Q3,Admitted Subacute,2599.4,5127,13327362.0,14234705.0,-907343.0,-6.81,FY2020/21
Darling Downs,2020,Q3,Emergency Department,6171.3,5127,31640292.0,34693183.0,-3052891.0,-9.65,FY2020/21
Darling Downs,2020,Q3,Outpatient,4694.7,5127,24069869.0,26168811.0,-2098942.0,-8.72,FY2020/21
Darling Downs,2020,Q3,Mental Health,1801.8,5127,9238013.0,9318459.0,-80446.0,-0.87,FY2020/21
Darling Downs,2020,Q3,Maternity,1053.9,5127,5403501.0,6032195.0,-628694.0,-11.63,FY2020/21
Darling Downs,2020,Q4,Admitted Acute,11441.5,5127,58660393.0,62719627.0,-4059233.0,-6.92,FY2020/21
Darling Downs,2020,Q4,Admitted Subacute,2523.9,5127,12939911.0,13529355.0,-589444.0,-4.56,FY2020/21
Darling Downs,2020,Q4,Emergency Department,6379.1,5127,32705437.0,33829326.0,-1123889.0,-3.44,FY2020/21
Darling Downs,2020,Q4,Outpatient,4777.7,5127,24495186.0,23949336.0,545851.0,2.23,FY2020/21
Darling Downs,2020,Q4,Mental Health,1980.9,5127,10156284.0,10916537.0,-760253.0,-7.49,FY2020/21
Darling Downs,2020,Q4,Maternity,1062.4,5127,5446782.0,5197771.0,249011.0,4.57,FY2020/21
Darling Downs,2021,Q1,Admitted Acute,12486.4,5234,65353888.0,62213049.0,3140839.0,4.81,FY2021/22
Darling Downs,2021,Q1,Admitted Subacute,2751.8,5234,14402682.0,16058180.0,-1655498.0,-11.49,FY2021/22
Darling Downs,2021,Q1,Emergency Department,6449.2,5234,33755250.0,33415857.0,339393.0,1.01,FY2021/22
Darling Downs,2021,Q1,Outpatient,5504.5,5234,28810592.0,31372193.0,-2561601.0,-8.89,FY2021/22
Darling Downs,2021,Q1,Mental Health,2088.1,5234,10929104.0,12179349.0,-1250246.0,-11.44,FY2021/22
Darling Downs,2021,Q1,Maternity,1099.4,5234,5754466.0,5960564.0,-206098.0,-3.58,FY2021/22
Darling Downs,2021,Q2,Admitted Acute,12258.0,5234,64158262.0,70359086.0,-6200824.0,-9.66,FY2021/22
Darling Downs,2021,Q2,Admitted Subacute,2528.1,5234,13232283.0,14370268.0,-1137984.0,-8.6,FY2021/22
Darling Downs,2021,Q2,Emergency Department,6569.1,5234,34382853.0,34981600.0,-598747.0,-1.74,FY2021/22
Darling Downs,2021,Q2,Outpatient,5015.7,5234,26252375.0,28801487.0,-2549113.0,-9.71,FY2021/22
Darling Downs,2021,Q2,Mental Health,1959.0,5234,10253620.0,10280935.0,-27315.0,-0.27,FY2021/22
Darling Downs,2021,Q2,Maternity,1144.6,5234,5990903.0,6578853.0,-587950.0,-9.81,FY2021/22
Darling Downs,2021,Q3,Admitted Acute,12171.3,5234,63704475.0,69147120.0,-5442645.0,-8.54,FY2021/22
Darling Downs,2021,Q3,Admitted Subacute,2558.5,5234,13391207.0,14144176.0,-752969.0,-5.62,FY2021/22
Darling Downs,2021,Q3,Emergency Department,6589.0,5234,34486715.0,37645049.0,-3158334.0,-9.16,FY2021/22
Darling Downs,2021,Q3,Outpatient,5676.1,5234,29708697.0,28284660.0,1424037.0,4.79,FY2021/22
Darling Downs,2021,Q3,Mental Health,2130.4,5234,11150569.0,10691300.0,459269.0,4.12,FY2021/22
Darling Downs,2021,Q3,Maternity,1193.7,5234,6247611.0,6240723.0,6888.0,0.11,FY2021/22
Darling Downs,2021,Q4,Admitted Acute,11477.8,5234,60074983.0,60675910.0,-600927.0,-1.0,FY2021/22
Darling Downs,2021,Q4,Admitted Subacute,2716.6,5234,14218774.0,14315298.0,-96524.0,-0.68,FY2021/22
Darling Downs,2021,Q4,Emergency Department,6756.7,5234,35364755.0,36028539.0,-663784.0,-1.88,FY2021/22
Darling Downs,2021,Q4,Outpatient,4961.7,5234,25969566.0,28131251.0,-2161685.0,-8.32,FY2021/22
Darling Downs,2021,Q4,Mental Health,2001.7,5234,10476639.0,10723578.0,-246938.0,-2.36,FY2021/22
Darling Downs,2021,Q4,Maternity,1219.5,5234,6383085.0,6424687.0,-41602.0,-0.65,FY2021/22
Darling Downs,2022,Q1,Admitted Acute,11984.8,5389,64586048.0,65462260.0,-876212.0,-1.36,FY2022/23
Darling Downs,2022,Q1,Admitted Subacute,3108.9,5389,16753872.0,17743940.0,-990068.0,-5.91,FY2022/23
Darling Downs,2022,Q1,Emergency Department,7289.7,5389,39283995.0,41542352.0,-2258357.0,-5.75,FY2022/23
Darling Downs,2022,Q1,Outpatient,5525.4,5389,29776509.0,30405293.0,-628783.0,-2.11,FY2022/23
Darling Downs,2022,Q1,Mental Health,2348.1,5389,12654124.0,12239491.0,414633.0,3.28,FY2022/23
Darling Downs,2022,Q1,Maternity,1244.1,5389,6704718.0,6684431.0,20287.0,0.3,FY2022/23
Darling Downs,2022,Q2,Admitted Acute,12759.7,5389,68761954.0,76783908.0,-8021954.0,-11.67,FY2022/23
Darling Downs,2022,Q2,Admitted Subacute,2701.6,5389,14559182.0,15115040.0,-555857.0,-3.82,FY2022/23
Darling Downs,2022,Q2,Emergency Department,6731.0,5389,36273439.0,40445429.0,-4171990.0,-11.5,FY2022/23
Darling Downs,2022,Q2,Outpatient,5445.8,5389,29347612.0,29893835.0,-546223.0,-1.86,FY2022/23
Darling Downs,2022,Q2,Mental Health,2343.4,5389,12628712.0,13509871.0,-881159.0,-6.98,FY2022/23
Darling Downs,2022,Q2,Maternity,1274.1,5389,6865862.0,6927031.0,-61169.0,-0.89,FY2022/23
Darling Downs,2022,Q3,Admitted Acute,12688.7,5389,68379253.0,68032363.0,346890.0,0.51,FY2022/23
Darling Downs,2022,Q3,Admitted Subacute,2765.7,5389,14904124.0,15382795.0,-478672.0,-3.21,FY2022/23
Darling Downs,2022,Q3,Emergency Department,6832.2,5389,36818939.0,36777278.0,41661.0,0.11,FY2022/23
Darling Downs,2022,Q3,Outpatient,5950.6,5389,32067757.0,35744368.0,-3676611.0,-11.47,FY2022/23
Darling Downs,2022,Q3,Mental Health,2294.9,5389,12367398.0,11910874.0,456524.0,3.69,FY2022/23
Darling Downs,2022,Q3,Maternity,1202.4,5389,6479736.0,7203794.0,-724058.0,-11.17,FY2022/23
Darling Downs,2022,Q4,Admitted Acute,12481.6,5389,67263387.0,64952983.0,2310404.0,3.43,FY2022/23
Darling Downs,2022,Q4,Admitted Subacute,2948.5,5389,15889447.0,16779578.0,-890131.0,-5.6,FY2022/23
Darling Downs,2022,Q4,Emergency Department,7263.6,5389,39143447.0,38965671.0,177776.0,0.45,FY2022/23
Darling Downs,2022,Q4,Outpatient,5354.6,5389,28856127.0,32147244.0,-3291117.0,-11.41,FY2022/23
Darling Downs,2022,Q4,Mental Health,2167.5,5389,11680779.0,12439148.0,-758368.0,-6.49,FY2022/23
Darling Downs,2022,Q4,Maternity,1332.6,5389,7181642.0,7567305.0,-385663.0,-5.37,FY2022/23
Darling Downs,2023,Q1,Admitted Acute,12804.9,5512,70580391.0,70304165.0,276226.0,0.39,FY2023/24
Darling Downs,2023,Q1,Admitted Subacute,3016.4,5512,16626463.0,18243158.0,-1616695.0,-9.72,FY2023/24
Darling Downs,2023,Q1,Emergency Department,7778.9,5512,42877440.0,41505532.0,1371907.0,3.2,FY2023/24
Darling Downs,2023,Q1,Outpatient,5611.9,5512,30933064.0,34354420.0,-3421357.0,-11.06,FY2023/24
Darling Downs,2023,Q1,Mental Health,2397.4,5512,13214598.0,14537497.0,-1322900.0,-10.01,FY2023/24
Darling Downs,2023,Q1,Maternity,1257.2,5512,6929664.0,7275383.0,-345718.0,-4.99,FY2023/24
Darling Downs,2023,Q2,Admitted Acute,13624.8,5512,75099935.0,80027919.0,-4927984.0,-6.56,FY2023/24
Darling Downs,2023,Q2,Admitted Subacute,2926.4,5512,16130062.0,15365773.0,764289.0,4.74,FY2023/24
Darling Downs,2023,Q2,Emergency Department,7356.3,5512,40548074.0,40265343.0,282731.0,0.7,FY2023/24
Darling Downs,2023,Q2,Outpatient,5892.7,5512,32480682.0,36144138.0,-3663456.0,-11.28,FY2023/24
Darling Downs,2023,Q2,Mental Health,2272.7,5512,12527031.0,13689117.0,-1162086.0,-9.28,FY2023/24
Darling Downs,2023,Q2,Maternity,1254.2,5512,6913259.0,7357908.0,-444649.0,-6.43,FY2023/24
Darling Downs,2023,Q3,Admitted Acute,14207.4,5512,78311402.0,75752329.0,2559074.0,3.27,FY2023/24
Darling Downs,2023,Q3,Admitted Subacute,2736.4,5512,15082781.0,15440380.0,-357599.0,-2.37,FY2023/24
Darling Downs,2023,Q3,Emergency Department,6786.8,5512,37408807.0,40297715.0,-2888908.0,-7.72,FY2023/24
Darling Downs,2023,Q3,Outpatient,6334.0,5512,34912937.0,35743291.0,-830354.0,-2.38,FY2023/24
Darling Downs,2023,Q3,Mental Health,2220.8,5512,12241159.0,12533093.0,-291934.0,-2.38,FY2023/24
Darling Downs,2023,Q3,Maternity,1367.2,5512,7535963.0,7170765.0,365199.0,4.85,FY2023/24
Darling Downs,2023,Q4,Admitted Acute,13388.9,5512,73799765.0,77804109.0,-4004345.0,-5.43,FY2023/24
Darling Downs,2023,Q4,Admitted Subacute,3035.4,5512,16731287.0,16583111.0,148176.0,0.89,FY2023/24
Darling Downs,2023,Q4,Emergency Department,7508.6,5512,41387644.0,39961283.0,1426361.0,3.45,FY2023/24
Darling Downs,2023,Q4,Outpatient,5654.2,5512,31165876.0,34256593.0,-3090717.0,-9.92,FY2023/24
Darling Downs,2023,Q4,Mental Health,2398.2,5512,13219055.0,12588992.0,630063.0,4.77,FY2023/24
Darling Downs,2023,Q4,Maternity,1266.9,5512,6982916.0,6888291.0,94625.0,1.36,FY2023/24
Darling Downs,2024,Q1,Admitted Acute,13004.9,5678,73842059.0,73257611.0,584448.0,0.79,FY2024/25
Darling Downs,2024,Q1,Admitted Subacute,2824.9,5678,16039713.0,16489144.0,-449431.0,-2.8,FY2024/25
Darling Downs,2024,Q1,Emergency Department,7701.5,5678,43729045.0,46052999.0,-2323954.0,-5.31,FY2024/25
Darling Downs,2024,Q1,Outpatient,6243.0,5678,35447932.0,34164552.0,1283380.0,3.62,FY2024/25
Darling Downs,2024,Q1,Mental Health,2533.2,5678,14383302.0,15714385.0,-1331083.0,-9.25,FY2024/25
Darling Downs,2024,Q1,Maternity,1415.9,5678,8039477.0,8762285.0,-722807.0,-8.99,FY2024/25
Darling Downs,2024,Q2,Admitted Acute,14434.7,5678,81959969.0,85445167.0,-3485198.0,-4.25,FY2024/25
Darling Downs,2024,Q2,Admitted Subacute,2891.8,5678,16419851.0,17320532.0,-900682.0,-5.49,FY2024/25
Darling Downs,2024,Q2,Emergency Department,7713.5,5678,43797498.0,47101843.0,-3304344.0,-7.54,FY2024/25
Darling Downs,2024,Q2,Outpatient,6095.8,5678,34612228.0,33284433.0,1327795.0,3.84,FY2024/25
Darling Downs,2024,Q2,Mental Health,2313.8,5678,13137647.0,14537205.0,-1399558.0,-10.65,FY2024/25
Darling Downs,2024,Q2,Maternity,1368.2,5678,7768872.0,8091408.0,-322536.0,-4.15,FY2024/25
Darling Downs,2024,Q3,Admitted Acute,13000.7,5678,73818109.0,74750898.0,-932789.0,-1.26,FY2024/25
Darling Downs,2024,Q3,Admitted Subacute,3229.6,5678,18337886.0,19498650.0,-1160765.0,-6.33,FY2024/25
Darling Downs,2024,Q3,Emergency Department,7766.4,5678,44097709.0,45298874.0,-1201165.0,-2.72,FY2024/25
Darling Downs,2024,Q3,Outpatient,6201.6,5678,35212686.0,34938915.0,273771.0,0.78,FY2024/25
Darling Downs,2024,Q3,Mental Health,2440.2,5678,13855252.0,14169659.0,-314407.0,-2.27,FY2024/25
Darling Downs,2024,Q3,Maternity,1337.6,5678,7594835.0,8053448.0,-458613.0,-6.04,FY2024/25
Darling Downs,2024,Q4,Admitted Acute,14442.4,5678,82003755.0,78795857.0,3207898.0,3.91,FY2024/25
Darling Downs,2024,Q4,Admitted Subacute,3195.3,5678,18143057.0,18137707.0,5350.0,0.03,FY2024/25
Darling Downs,2024,Q4,Emergency Department,7358.4,5678,41780861.0,39847462.0,1933398.0,4.63,FY2024/25
Darling Downs,2024,Q4,Outpatient,5881.6,5678,33395820.0,34579612.0,-1183792.0,-3.54,FY2024/25
Darling Downs,2024,Q4,Mental Health,2194.7,5678,12461703.0,12878999.0,-417296.0,-3.35,FY2024/25
Darling Downs,2024,Q4,Maternity,1442.3,5678,8189129.0,7926396.0,262733.0,3.21,FY2024/25
Central Queensland,2019,Q1,Admitted Acute,11465.4,5012,57464663.0,58593504.0,-1128840.0,-1.96,FY2019/20
Central Queensland,2019,Q1,Admitted Subacute,2536.4,5012,12712681.0,12639459.0,73222.0,0.58,FY2019/20
Central Queensland,2019,Q1,Emergency Department,5720.4,5012,28670587.0,28019153.0,651435.0,2.27,FY2019/20
Central Queensland,2019,Q1,Outpatient,4609.8,5012,23104466.0,22678418.0,426048.0,1.84,FY2019/20
Central Queensland,2019,Q1,Mental Health,1975.6,5012,9901605.0,10890650.0,-989046.0,-9.99,FY2019/20
Central Queensland,2019,Q1,Maternity,1155.3,5012,5790294.0,6175191.0,-384897.0,-6.65,FY2019/20
Central Queensland,2019,Q2,Admitted Acute,10314.4,5012,51695573.0,51652245.0,43328.0,0.08,FY2019/20
Central Queensland,2019,Q2,Admitted Subacute,2399.7,5012,12027214.0,11936922.0,90292.0,0.75,FY2019/20
Central Queensland,2019,Q2,Emergency Department,6064.5,5012,30395402.0,31642955.0,-1247553.0,-4.1,FY2019/20
Central Queensland,2019,Q2,Outpatient,4836.7,5012,24241308.0,24487216.0,-245908.0,-1.01,FY2019/20
Central Queensland,2019,Q2,Mental Health,2026.2,5012,10155290.0,11010160.0,-854870.0,-8.42,FY2019/20
Central Queensland,2019,Q2,Maternity,1066.2,5012,5343654.0,5906577.0,-562922.0,-10.53,FY2019/20
Central Queensland,2019,Q3,Admitted Acute,11797.0,5012,59126336.0,59454264.0,-327928.0,-0.55,FY2019/20
Central Queensland,2019,Q3,Admitted Subacute,2417.4,5012,12115770.0,12551426.0,-435656.0,-3.6,FY2019/20
Central Queensland,2019,Q3,Emergency Department,6477.0,5012,32462749.0,35675727.0,-3212978.0,-9.9,FY2019/20
Central Queensland,2019,Q3,Outpatient,4635.2,5012,23231792.0,23621255.0,-389463.0,-1.68,FY2019/20
Central Queensland,2019,Q3,Mental Health,1941.4,5012,9730489.0,10076238.0,-345749.0,-3.55,FY2019/20
Central Queensland,2019,Q3,Maternity,1046.1,5012,5243153.0,5746490.0,-503337.0,-9.6,FY2019/20
Central Queensland,2019,Q4,Admitted Acute,11311.4,5012,56692816.0,61933751.0,-5240935.0,-9.24,FY2019/20
Central Queensland,2019,Q4,Admitted Subacute,2617.1,5012,13116758.0,14129641.0,-1012883.0,-7.72,FY2019/20
Central Queensland,2019,Q4,Emergency Department,5991.2,5012,30027673.0,31642950.0,-1615277.0,-5.38,FY2019/20
Central Queensland,2019,Q4,Outpatient,4681.0,5012,23461219.0,24974930.0,-1513711.0,-6.45,FY2019/20
Central Queensland,2019,Q4,Mental Health,1826.2,5012,9152965.0,9775105.0,-622140.0,-6.8,FY2019/20
Central Queensland,2019,Q4,Maternity,1052.4,5012,5274675.0,5116349.0,158326.0,3.0,FY2019/20
Central Queensland,2020,Q1,Admitted Acute,9390.6,5127,48145772.0,45754789.0,2390983.0,4.97,FY2020/21
Central Queensland,2020,Q1,Admitted Subacute,2310.6,5127,11846354.0,12729004.0,-882650.0,-7.45,FY2020/21
Central Queensland,2020,Q1,Emergency Department,5470.1,5127,28045402.0,27412464.0,632938.0,2.26,FY2020/21
Central Queensland,2020,Q1,Outpatient,4167.4,5127,21366249.0,20367418.0,998831.0,4.67,FY2020/21
Central Queensland,2020,Q1,Mental Health,1643.5,5127,8426171.0,9280967.0,-854797.0,-10.14,FY2020/21
Central Queensland,2020,Q1,Maternity,951.2,5127,4876641.0,4926510.0,-49869.0,-1.02,FY2020/21
Central Queensland,2020,Q2,Admitted Acute,9295.5,5127,47657916.0,47076557.0,581359.0,1.22,FY2020/21
Central Queensland,2020,Q2,Admitted Subacute,2239.3,5127,11480978.0,12093120.0,-612142.0,-5.33,FY2020/21
Central Queensland,2020,Q2,Emergency Department,5234.8,5127,26838604.0,25760080.0,1078524.0,4.02,FY2020/21
Central Queensland,2020,Q2,Outpatient,4387.1,5127,22492434.0,22263339.0,229095.0,1.02,FY2020/21
Central Queensland,2020,Q2,Mental Health,1658.4,5127,8502810.0,9465129.0,-962320.0,-11.32,FY2020/21
Central Queensland,2020,Q2,Maternity,1010.7,5127,5181669.0,5413131.0,-231462.0,-4.47,FY2020/21
Central Queensland,2020,Q3,Admitted Acute,9788.3,5127,50184569.0,51334827.0,-1150257.0,-2.29,FY2020/21
Central Queensland,2020,Q3,Admitted Subacute,2247.1,5127,11520681.0,12308616.0,-787935.0,-6.84,FY2020/21
Central Queensland,2020,Q3,Emergency Department,5633.6,5127,28883473.0,28282349.0,601124.0,2.08,FY2020/21
Central Queensland,2020,Q3,Outpatient,4465.0,5127,22891955.0,23350547.0,-458592.0,-2.0,FY2020/21
Central Queensland,2020,Q3,Mental Health,1839.3,5127,9430031.0,9970761.0,-540729.0,-5.73,FY2020/21
Central Queensland,2020,Q3,Maternity,997.4,5127,5113465.0,4958103.0,155362.0,3.04,FY2020/21
Central Queensland,2020,Q4,Admitted Acute,10089.7,5127,51729903.0,50174109.0,1555794.0,3.01,FY2020/21
Central Queensland,2020,Q4,Admitted Subacute,2174.3,5127,11147644.0,10860961.0,286682.0,2.57,FY2020/21
Central Queensland,2020,Q4,Emergency Department,5624.8,5127,28838382.0,28407620.0,430763.0,1.49,FY2020/21
Central Queensland,2020,Q4,Outpatient,4387.6,5127,22495461.0,24795953.0,-2300492.0,-10.23,FY2020/21
Central Queensland,2020,Q4,Mental Health,1654.2,5127,8481106.0,8789198.0,-308092.0,-3.63,FY2020/21
Central Queensland,2020,Q4,Maternity,979.4,5127,5021303.0,4785709.0,235594.0,4.69,FY2020/21
Central Queensland,2021,Q1,Admitted Acute,11365.6,5234,59487320.0,57211204.0,2276115.0,3.83,FY2021/22
Central Queensland,2021,Q1,Admitted Subacute,2432.8,5234,12733079.0,13310082.0,-577003.0,-4.53,FY2021/22
Central Queensland,2021,Q1,Emergency Department,6094.1,5234,31896261.0,34035460.0,-2139199.0,-6.71,FY2021/22
Central Queensland,2021,Q1,Outpatient,4692.8,5234,24562021.0,23375587.0,1186434.0,4.83,FY2021/22
Central Queensland,2021,Q1,Mental Health,1967.9,5234,10299994.0,10722928.0,-422934.0,-4.11,FY2021/22
Central Queensland,2021,Q1,Maternity,1144.1,5234,5988155.0,6524909.0,-536754.0,-8.96,FY2021/22
Central Queensland,2021,Q2,Admitted Acute,11453.4,5234,59947089.0,61893337.0,-1946248.0,-3.25,FY2021/22
Central Queensland,2021,Q2,Admitted Subacute,2377.8,5234,12445396.0,13497840.0,-1052444.0,-8.46,FY2021/22
Central Queensland,2021,Q2,Emergency Department,5924.8,5234,31010485.0,30427028.0,583457.0,1.88,FY2021/22
Central Queensland,2021,Q2,Outpatient,5163.1,5234,27023847.0,29727182.0,-2703335.0,-10.0,FY2021/22
Central Queensland,2021,Q2,Mental Health,1889.7,5234,9890864.0,9523606.0,367258.0,3.71,FY2021/22
Central Queensland,2021,Q2,Maternity,1066.2,5234,5580564.0,6063849.0,-483285.0,-8.66,FY2021/22
Central Queensland,2021,Q3,Admitted Acute,11554.9,5234,60478502.0,59546550.0,931952.0,1.54,FY2021/22
Central Queensland,2021,Q3,Admitted Subacute,2273.6,5234,11899896.0,13079765.0,-1179870.0,-9.91,FY2021/22
Central Queensland,2021,Q3,Emergency Department,5865.7,5234,30700999.0,31993492.0,-1292493.0,-4.21,FY2021/22
Central Queensland,2021,Q3,Outpatient,5251.5,5234,27486555.0,26423265.0,1063290.0,3.87,FY2021/22
Central Queensland,2021,Q3,Mental Health,1945.1,5234,10180460.0,9799690.0,380770.0,3.74,FY2021/22
Central Queensland,2021,Q3,Maternity,1064.1,5234,5569329.0,6051903.0,-482574.0,-8.66,FY2021/22
Central Queensland,2021,Q4,Admitted Acute,10741.4,5234,56220662.0,62940212.0,-6719550.0,-11.95,FY2021/22
Central Queensland,2021,Q4,Admitted Subacute,2465.9,5234,12906565.0,12965904.0,-59339.0,-0.46,FY2021/22
Central Queensland,2021,Q4,Emergency Department,5703.9,5234,29854421.0,30140680.0,-286259.0,-0.96,FY2021/22
Central Queensland,2021,Q4,Outpatient,4786.0,5234,25049970.0,24090088.0,959882.0,3.83,FY2021/22
Central Queensland,2021,Q4,Mental Health,1860.3,5234,9736947.0,10018545.0,-281598.0,-2.89,FY2021/22
Central Queensland,2021,Q4,Maternity,1124.4,5234,5885069.0,6247848.0,-362779.0,-6.16,FY2021/22
Central Queensland,2022,Q1,Admitted Acute,12220.0,5389,65853497.0,62654454.0,3199043.0,4.86,FY2022/23
Central Queensland,2022,Q1,Admitted Subacute,2540.4,5389,13690410.0,14545873.0,-855463.0,-6.25,FY2022/23
Central Queensland,2022,Q1,Emergency Department,6487.1,5389,34958924.0,33242556.0,1716368.0,4.91,FY2022/23
Central Queensland,2022,Q1,Outpatient,5580.5,5389,30073297.0,32520590.0,-2447294.0,-8.14,FY2022/23
Central Queensland,2022,Q1,Mental Health,2085.4,5389,11238256.0,10803322.0,434934.0,3.87,FY2022/23
Central Queensland,2022,Q1,Maternity,1232.9,5389,6644231.0,6971335.0,-327104.0,-4.92,FY2022/23
Central Queensland,2022,Q2,Admitted Acute,12358.5,5389,66599786.0,71781048.0,-5181263.0,-7.78,FY2022/23
Central Queensland,2022,Q2,Admitted Subacute,2789.6,5389,15033224.0,15605409.0,-572185.0,-3.81,FY2022/23
Central Queensland,2022,Q2,Emergency Department,6129.5,5389,33031723.0,35148950.0,-2117227.0,-6.41,FY2022/23
Central Queensland,2022,Q2,Outpatient,5423.8,5389,29228973.0,31455726.0,-2226752.0,-7.62,FY2022/23
Central Queensland,2022,Q2,Mental Health,1960.1,5389,10562831.0,10384803.0,178028.0,1.69,FY2022/23
Central Queensland,2022,Q2,Maternity,1256.4,5389,6770554.0,7295246.0,-524692.0,-7.75,FY2022/23
Central Queensland,2022,Q3,Admitted Acute,12597.4,5389,67887218.0,73249059.0,-5361841.0,-7.9,FY2022/23
Central Queensland,2022,Q3,Admitted Subacute,2702.0,5389,14560992.0,15452162.0,-891170.0,-6.12,FY2022/23
Central Queensland,2022,Q3,Emergency Department,6908.7,5389,37230858.0,39032725.0,-1801867.0,-4.84,FY2022/23
Central Queensland,2022,Q3,Outpatient,5434.0,5389,29283653.0,28598446.0,685207.0,2.34,FY2022/23
Central Queensland,2022,Q3,Mental Health,2060.7,5389,11105330.0,11902554.0,-797224.0,-7.18,FY2022/23
Central Queensland,2022,Q3,Maternity,1139.2,5389,6138946.0,6043075.0,95871.0,1.56,FY2022/23
Central Queensland,2022,Q4,Admitted Acute,11472.8,5389,61826705.0,61273672.0,553033.0,0.89,FY2022/23
Central Queensland,2022,Q4,Admitted Subacute,2539.3,5389,13684090.0,13988214.0,-304124.0,-2.22,FY2022/23
Central Queensland,2022,Q4,Emergency Department,6928.1,5389,37335783.0,38687343.0,-1351561.0,-3.62,FY2022/23
Central Queensland,2022,Q4,Outpatient,5055.5,5389,27244334.0,26238615.0,1005720.0,3.69,FY2022/23
Central Queensland,2022,Q4,Mental Health,2134.3,5389,11501863.0,11675263.0,-173400.0,-1.51,FY2022/23
Central Queensland,2022,Q4,Maternity,1243.4,5389,6700631.0,7116853.0,-416222.0,-6.21,FY2022/23
Central Queensland,2023,Q1,Admitted Acute,12673.5,5512,69856461.0,69593160.0,263301.0,0.38,FY2023/24
Central Queensland,2023,Q1,Admitted Subacute,2806.3,5512,15468279.0,15389244.0,79035.0,0.51,FY2023/24
Central Queensland,2023,Q1,Emergency Department,7122.5,5512,39259331.0,41543581.0,-2284250.0,-5.82,FY2023/24
Central Queensland,2023,Q1,Outpatient,5292.1,5512,29170136.0,29048118.0,122018.0,0.42,FY2023/24
Central Queensland,2023,Q1,Mental Health,2012.8,5512,11094476.0,11849887.0,-755411.0,-6.81,FY2023/24
Central Queensland,2023,Q1,Maternity,1155.5,5512,6369355.0,6695476.0,-326121.0,-5.12,FY2023/24
Central Queensland,2023,Q2,Admitted Acute,11644.3,5512,64183566.0,68197267.0,-4013701.0,-6.25,FY2023/24
Central Queensland,2023,Q2,Admitted Subacute,2859.7,5512,15762599.0,17059298.0,-1296699.0,-8.23,FY2023/24
Central Queensland,2023,Q2,Emergency Department,6932.8,5512,38213343.0,37522171.0,691172.0,1.81,FY2023/24
Central Queensland,2023,Q2,Outpatient,5086.4,5512,28036242.0,29965733.0,-1929491.0,-6.88,FY2023/24
Central Queensland,2023,Q2,Mental Health,2072.9,5512,11425803.0,11694296.0,-268493.0,-2.35,FY2023/24
Central Queensland,2023,Q2,Maternity,1119.2,5512,6169198.0,6132973.0,36226.0,0.59,FY2023/24
Central Queensland,2023,Q3,Admitted Acute,11197.2,5512,61718953.0,67857617.0,-6138665.0,-9.95,FY2023/24
Central Queensland,2023,Q3,Admitted Subacute,2610.7,5512,14390308.0,15034236.0,-643928.0,-4.47,FY2023/24
Central Queensland,2023,Q3,Emergency Department,6164.1,5512,33976548.0,36129440.0,-2152892.0,-6.34,FY2023/24
Central Queensland,2023,Q3,Outpatient,5290.8,5512,29163008.0,32156481.0,-2993474.0,-10.26,FY2023/24
Central Queensland,2023,Q3,Mental Health,2249.0,5512,12396457.0,12462151.0,-65694.0,-0.53,FY2023/24
Central Queensland,2023,Q3,Maternity,1287.6,5512,7097395.0,7944446.0,-847051.0,-11.93,FY2023/24
Central Queensland,2023,Q4,Admitted Acute,12730.0,5512,70167786.0,76737465.0,-6569679.0,-9.36,FY2023/24
Central Queensland,2023,Q4,Admitted Subacute,2613.2,5512,14403783.0,15095732.0,-691949.0,-4.8,FY2023/24
Central Queensland,2023,Q4,Emergency Department,6194.2,5512,34142508.0,32986308.0,1156200.0,3.39,FY2023/24
Central Queensland,2023,Q4,Outpatient,5879.6,5512,32408549.0,32587726.0,-179176.0,-0.55,FY2023/24
Central Queensland,2023,Q4,Mental Health,2201.6,5512,12135135.0,13192506.0,-1057371.0,-8.71,FY2023/24
Central Queensland,2023,Q4,Maternity,1279.3,5512,7051575.0,7894921.0,-843346.0,-11.96,FY2023/24
Central Queensland,2024,Q1,Admitted Acute,11863.2,5678,67359040.0,64453147.0,2905893.0,4.31,FY2024/25
Central Queensland,2024,Q1,Admitted Subacute,2744.8,5678,15585036.0,15150427.0,434609.0,2.79,FY2024/25
Central Queensland,2024,Q1,Emergency Department,6286.2,5678,35692883.0,36095234.0,-402350.0,-1.13,FY2024/25
Central Queensland,2024,Q1,Outpatient,5821.6,5678,33054822.0,34583631.0,-1528809.0,-4.63,FY2024/25
Central Queensland,2024,Q1,Mental Health,2100.8,5678,11928073.0,12658526.0,-730453.0,-6.12,FY2024/25
Central Queensland,2024,Q1,Maternity,1184.4,5678,6725248.0,6405428.0,319820.0,4.76,FY2024/25
Central Queensland,2024,Q2,Admitted Acute,12898.4,5678,73237227.0,77341172.0,-4103945.0,-5.6,FY2024/25
Central Queensland,2024,Q2,Admitted Subacute,2901.2,5678,16473189.0,15758573.0,714616.0,4.34,FY2024/25
Central Queensland,2024,Q2,Emergency Department,7173.4,5678,40730413.0,42983598.0,-2253184.0,-5.53,FY2024/25
Central Queensland,2024,Q2,Outpatient,5625.2,5678,31940086.0,33734620.0,-1794534.0,-5.62,FY2024/25
Central Queensland,2024,Q2,Mental Health,2291.9,5678,13013415.0,13661212.0,-647797.0,-4.98,FY2024/25
Central Queensland,2024,Q2,Maternity,1253.5,5678,7117533.0,7960359.0,-842826.0,-11.84,FY2024/25
Central Queensland,2024,Q3,Admitted Acute,12883.3,5678,73151523.0,74994206.0,-1842683.0,-2.52,FY2024/25
Central Queensland,2024,Q3,Admitted Subacute,2876.8,5678,16334302.0,16598414.0,-264112.0,-1.62,FY2024/25
Central Queensland,2024,Q3,Emergency Department,6511.0,5678,36969432.0,38872057.0,-1902625.0,-5.15,FY2024/25
Central Queensland,2024,Q3,Outpatient,5950.3,5678,33785578.0,37432856.0,-3647279.0,-10.8,FY2024/25
Central Queensland,2024,Q3,Mental Health,2110.8,5678,11985379.0,12461260.0,-475881.0,-3.97,FY2024/25
Central Queensland,2024,Q3,Maternity,1180.4,5678,6702333.0,7501635.0,-799302.0,-11.93,FY2024/25
Central Queensland,2024,Q4,Admitted Acute,13327.6,5678,75674189.0,80246160.0,-4571971.0,-6.04,FY2024/25
Central Queensland,2024,Q4,Admitted Subacute,2920.0,5678,16579712.0,17766272.0,-1186561.0,-7.16,FY2024/25
Central Queensland,2024,Q4,Emergency Department,6907.7,5678,39221917.0,37616531.0,1605386.0,4.09,FY2024/25
Central Queensland,2024,Q4,Outpatient,5528.4,5678,31390511.0,33421906.0,-2031395.0,-6.47,FY2024/25
Central Queensland,2024,Q4,Mental Health,2227.1,5678,12645699.0,12815542.0,-169842.0,-1.34,FY2024/25
Central Queensland,2024,Q4,Maternity,1325.0,5678,7523095.0,7360977.0,162117.0,2.15,FY2024/25
Wide Bay,2019,Q1,Admitted Acute,9500.5,5012,47616738.0,50828500.0,-3211762.0,-6.75,FY2019/20
Wide Bay,2019,Q1,Admitted Subacute,2204.9,5012,11051061.0,11717094.0,-666032.0,-6.03,FY2019/20
Wide Bay,2019,Q1,Emergency Department,5037.1,5012,25246150.0,24654257.0,591893.0,2.34,FY2019/20
Wide Bay,2019,Q1,Outpatient,4368.0,5012,21892332.0,23028136.0,-1135804.0,-5.19,FY2019/20
Wide Bay,2019,Q1,Mental Health,1577.2,5012,7904970.0,8457319.0,-552349.0,-6.99,FY2019/20
Wide Bay,2019,Q1,Maternity,943.2,5012,4727249.0,5027520.0,-300272.0,-6.35,FY2019/20
Wide Bay,2019,Q2,Admitted Acute,10012.8,5012,50184143.0,49122941.0,1061202.0,2.11,FY2019/20
Wide Bay,2019,Q2,Admitted Subacute,1973.0,5012,9888914.0,10704230.0,-815316.0,-8.24,FY2019/20
Wide Bay,2019,Q2,Emergency Department,5316.7,5012,26647336.0,28484369.0,-1837033.0,-6.89,FY2019/20
Wide Bay,2019,Q2,Outpatient,4506.3,5012,22585566.0,24538717.0,-1953151.0,-8.65,FY2019/20
Wide Bay,2019,Q2,Mental Health,1785.1,5012,8946945.0,9314745.0,-367800.0,-4.11,FY2019/20
Wide Bay,2019,Q2,Maternity,948.3,5012,4752636.0,4839708.0,-87072.0,-1.83,FY2019/20
Wide Bay,2019,Q3,Admitted Acute,8973.6,5012,44975735.0,47105032.0,-2129297.0,-4.73,FY2019/20
Wide Bay,2019,Q3,Admitted Subacute,2061.2,5012,10330926.0,11432433.0,-1101507.0,-10.66,FY2019/20
Wide Bay,2019,Q3,Emergency Department,5294.5,5012,26536272.0,27883859.0,-1347587.0,-5.08,FY2019/20
Wide Bay,2019,Q3,Outpatient,4175.8,5012,20928952.0,20067478.0,861474.0,4.12,FY2019/20
Wide Bay,2019,Q3,Mental Health,1537.9,5012,7708175.0,7877500.0,-169325.0,-2.2,FY2019/20
Wide Bay,2019,Q3,Maternity,886.9,5012,4444912.0,4681221.0,-236309.0,-5.32,FY2019/20
Wide Bay,2019,Q4,Admitted Acute,10079.1,5012,50516344.0,55572803.0,-5056460.0,-10.01,FY2019/20
Wide Bay,2019,Q4,Admitted Subacute,2191.9,5012,10985770.0,10830974.0,154796.0,1.41,FY2019/20
Wide Bay,2019,Q4,Emergency Department,5528.5,5012,27708668.0,30497155.0,-2788486.0,-10.06,FY2019/20
Wide Bay,2019,Q4,Outpatient,4067.5,5012,20386365.0,21922732.0,-1536366.0,-7.54,FY2019/20
Wide Bay,2019,Q4,Mental Health,1605.7,5012,8047840.0,8743566.0,-695727.0,-8.64,FY2019/20
Wide Bay,2019,Q4,Maternity,1025.6,5012,5140208.0,4909435.0,230773.0,4.49,FY2019/20
Wide Bay,2020,Q1,Admitted Acute,9113.8,5127,46726476.0,49336018.0,-2609542.0,-5.58,FY2020/21
Wide Bay,2020,Q1,Admitted Subacute,2074.1,5127,10633685.0,10942611.0,-308926.0,-2.91,FY2020/21
Wide Bay,2020,Q1,Emergency Department,4974.9,5127,25506341.0,24501569.0,1004771.0,3.94,FY2020/21
Wide Bay,2020,Q1,Outpatient,3754.4,5127,19248924.0,18505777.0,743147.0,3.86,FY2020/21
Wide Bay,2020,Q1,Mental Health,1613.6,5127,8273056.0,9008411.0,-735355.0,-8.89,FY2020/21
Wide Bay,2020,Q1,Maternity,905.2,5127,4641143.0,5149135.0,-507992.0,-10.95,FY2020/21
Wide Bay,2020,Q2,Admitted Acute,8000.2,5127,41016822.0,41654699.0,-637877.0,-1.56,FY2020/21
Wide Bay,2020,Q2,Admitted Subacute,1795.7,5127,9206534.0,9076122.0,130412.0,1.42,FY2020/21
Wide Bay,2020,Q2,Emergency Department,4508.9,5127,23116988.0,23804678.0,-687689.0,-2.97,FY2020/21
Wide Bay,2020,Q2,Outpatient,3713.3,5127,19037885.0,18412801.0,625085.0,3.28,FY2020/21
Wide Bay,2020,Q2,Mental Health,1419.8,5127,7279291.0,7097577.0,181714.0,2.5,FY2020/21
Wide Bay,2020,Q2,Maternity,921.8,5127,4725867.0,5099588.0,-373720.0,-7.91,FY2020/21
Wide Bay,2020,Q3,Admitted Acute,9210.3,5127,47221309.0,48390314.0,-1169005.0,-2.48,FY2020/21
Wide Bay,2020,Q3,Admitted Subacute,1859.7,5127,9534452.0,10351649.0,-817196.0,-8.57,FY2020/21
Wide Bay,2020,Q3,Emergency Department,4581.9,5127,23491570.0,23512599.0,-21029.0,-0.09,FY2020/21
Wide Bay,2020,Q3,Outpatient,3691.0,5127,18923833.0,18394825.0,529008.0,2.8,FY2020/21
Wide Bay,2020,Q3,Mental Health,1441.1,5127,7388739.0,7465614.0,-76875.0,-1.04,FY2020/21
Wide Bay,2020,Q3,Maternity,880.8,5127,4515632.0,4337879.0,177753.0,3.94,FY2020/21
Wide Bay,2020,Q4,Admitted Acute,8172.1,5127,41898323.0,45565852.0,-3667529.0,-8.75,FY2020/21
Wide Bay,2020,Q4,Admitted Subacute,1819.1,5127,9326557.0,9403498.0,-76941.0,-0.82,FY2020/21
Wide Bay,2020,Q4,Emergency Department,4987.9,5127,25573112.0,24967984.0,605129.0,2.37,FY2020/21
Wide Bay,2020,Q4,Outpatient,3598.6,5127,18450084.0,19047340.0,-597256.0,-3.24,FY2020/21
Wide Bay,2020,Q4,Mental Health,1452.2,5127,7445271.0,7786111.0,-340840.0,-4.58,FY2020/21
Wide Bay,2020,Q4,Maternity,898.6,5127,4606881.0,4483947.0,122933.0,2.67,FY2020/21
Wide Bay,2021,Q1,Admitted Acute,9497.6,5234,49710271.0,51496683.0,-1786413.0,-3.59,FY2021/22
Wide Bay,2021,Q1,Admitted Subacute,1989.6,5234,10413409.0,10997390.0,-583981.0,-5.61,FY2021/22
Wide Bay,2021,Q1,Emergency Department,4970.3,5234,26014542.0,26871249.0,-856707.0,-3.29,FY2021/22
Wide Bay,2021,Q1,Outpatient,3937.4,5234,20608423.0,21188124.0,-579700.0,-2.81,FY2021/22
Wide Bay,2021,Q1,Mental Health,1590.1,5234,8322458.0,9069855.0,-747397.0,-8.98,FY2021/22
Wide Bay,2021,Q1,Maternity,871.2,5234,4559788.0,4656288.0,-96500.0,-2.12,FY2021/22
Wide Bay,2021,Q2,Admitted Acute,9314.1,5234,48750194.0,52321196.0,-3571002.0,-7.33,FY2021/22
Wide Bay,2021,Q2,Admitted Subacute,2134.8,5234,11173483.0,11882174.0,-708690.0,-6.34,FY2021/22
Wide Bay,2021,Q2,Emergency Department,5385.7,5234,28188635.0,30910938.0,-2722303.0,-9.66,FY2021/22
Wide Bay,2021,Q2,Outpatient,4093.8,5234,21426797.0,22315234.0,-888438.0,-4.15,FY2021/22
Wide Bay,2021,Q2,Mental Health,1730.2,5234,9055763.0,10126215.0,-1070452.0,-11.82,FY2021/22
Wide Bay,2021,Q2,Maternity,996.1,5234,5213521.0,5282075.0,-68555.0,-1.31,FY2021/22
Wide Bay,2021,Q3,Admitted Acute,8919.2,5234,46682970.0,48232692.0,-1549722.0,-3.32,FY2021/22
Wide Bay,2021,Q3,Admitted Subacute,2191.3,5234,11469157.0,11856089.0,-386932.0,-3.37,FY2021/22
Wide Bay,2021,Q3,Emergency Department,5143.2,5234,26919493.0,29409524.0,-2490031.0,-9.25,FY2021/22
Wide Bay,2021,Q3,Outpatient,4125.9,5234,21594739.0,23671399.0,-2076660.0,-9.62,FY2021/22
Wide Bay,2021,Q3,Mental Health,1616.4,5234,8460341.0,8509408.0,-49067.0,-0.58,FY2021/22
Wide Bay,2021,Q3,Maternity,930.7,5234,4871532.0,5259384.0,-387852.0,-7.96,FY2021/22
Wide Bay,2021,Q4,Admitted Acute,8815.4,5234,46139873.0,45373548.0,766325.0,1.66,FY2021/22
Wide Bay,2021,Q4,Admitted Subacute,2262.1,5234,11839829.0,11601062.0,238767.0,2.02,FY2021/22
Wide Bay,2021,Q4,Emergency Department,5213.0,5234,27284627.0,28607480.0,-1322853.0,-4.85,FY2021/22
Wide Bay,2021,Q4,Outpatient,4212.4,5234,22047808.0,23362005.0,-1314197.0,-5.96,FY2021/22
Wide Bay,2021,Q4,Mental Health,1570.0,5234,8217148.0,8578313.0,-361165.0,-4.4,FY2021/22
Wide Bay,2021,Q4,Maternity,918.5,5234,4807287.0,5107663.0,-300376.0,-6.25,FY2021/22
Wide Bay,2022,Q1,Admitted Acute,9626.3,5389,51875911.0,54316629.0,-2440718.0,-4.7,FY2022/23
Wide Bay,2022,Q1,Admitted Subacute,2182.1,5389,11759348.0,11728413.0,30935.0,0.26,FY2022/23
Wide Bay,2022,Q1,Emergency Department,5364.1,5389,28907024.0,28360174.0,546851.0,1.89,FY2022/23
Wide Bay,2022,Q1,Outpatient,4835.1,5389,26056463.0,26019210.0,37253.0,0.14,FY2022/23
Wide Bay,2022,Q1,Mental Health,1909.3,5389,10289345.0,11471462.0,-1182117.0,-11.49,FY2022/23
Wide Bay,2022,Q1,Maternity,1032.9,5389,5566266.0,5423269.0,142996.0,2.57,FY2022/23
Wide Bay,2022,Q2,Admitted Acute,10007.5,5389,53930481.0,58547712.0,-4617230.0,-8.56,FY2022/23
Wide Bay,2022,Q2,Admitted Subacute,2249.1,5389,12120177.0,11693461.0,426716.0,3.52,FY2022/23
Wide Bay,2022,Q2,Emergency Department,5667.9,5389,30544354.0,33405460.0,-2861106.0,-9.37,FY2022/23
Wide Bay,2022,Q2,Outpatient,4813.2,5389,25938441.0,25413730.0,524710.0,2.02,FY2022/23
Wide Bay,2022,Q2,Mental Health,1836.6,5389,9897381.0,9773522.0,123859.0,1.25,FY2022/23
Wide Bay,2022,Q2,Maternity,975.2,5389,5255380.0,5773520.0,-518140.0,-9.86,FY2022/23
Wide Bay,2022,Q3,Admitted Acute,9803.5,5389,52830841.0,52553587.0,277254.0,0.52,FY2022/23
Wide Bay,2022,Q3,Admitted Subacute,2114.2,5389,11393573.0,12510300.0,-1116727.0,-9.8,FY2022/23
Wide Bay,2022,Q3,Emergency Department,5879.8,5389,31686404.0,33481309.0,-1794905.0,-5.66,FY2022/23
Wide Bay,2022,Q3,Outpatient,4779.6,5389,25757509.0,25135420.0,622089.0,2.42,FY2022/23
Wide Bay,2022,Q3,Mental Health,1775.3,5389,9566931.0,9659800.0,-92869.0,-0.97,FY2022/23
Wide Bay,2022,Q3,Maternity,954.9,5389,5145811.0,5313782.0,-167971.0,-3.26,FY2022/23
Wide Bay,2022,Q4,Admitted Acute,10900.0,5389,58740039.0,56203059.0,2536979.0,4.32,FY2022/23
Wide Bay,2022,Q4,Admitted Subacute,2221.1,5389,11969740.0,11793569.0,176171.0,1.47,FY2022/23
Wide Bay,2022,Q4,Emergency Department,5381.5,5389,29001159.0,32029862.0,-3028703.0,-10.44,FY2022/23
Wide Bay,2022,Q4,Outpatient,4572.1,5389,24639296.0,25360510.0,-721214.0,-2.93,FY2022/23
Wide Bay,2022,Q4,Mental Health,1861.7,5389,10032696.0,9794557.0,238139.0,2.37,FY2022/23
Wide Bay,2022,Q4,Maternity,1019.2,5389,5492303.0,5619161.0,-126858.0,-2.31,FY2022/23
Wide Bay,2023,Q1,Admitted Acute,10612.0,5512,58493535.0,65508361.0,-7014826.0,-11.99,FY2023/24
Wide Bay,2023,Q1,Admitted Subacute,2452.6,5512,13518823.0,13757257.0,-238434.0,-1.76,FY2023/24
Wide Bay,2023,Q1,Emergency Department,6048.7,5512,33340532.0,32641062.0,699470.0,2.1,FY2023/24
Wide Bay,2023,Q1,Outpatient,4349.2,5512,23972905.0,23607468.0,365438.0,1.52,FY2023/24
Wide Bay,2023,Q1,Mental Health,1782.1,5512,9822684.0,10184146.0,-361462.0,-3.68,FY2023/24
Wide Bay,2023,Q1,Maternity,1064.2,5512,5866144.0,6480933.0,-614789.0,-10.48,FY2023/24
Wide Bay,2023,Q2,Admitted Acute,10466.5,5512,57691215.0,59722919.0,-2031703.0,-3.52,FY2023/24
Wide Bay,2023,Q2,Admitted Subacute,2182.1,5512,12027467.0,11497477.0,529991.0,4.41,FY2023/24
Wide Bay,2023,Q2,Emergency Department,5794.5,5512,31939541.0,32721752.0,-782211.0,-2.45,FY2023/24
Wide Bay,2023,Q2,Outpatient,4957.7,5512,27326839.0,26706944.0,619895.0,2.27,FY2023/24
Wide Bay,2023,Q2,Mental Health,1689.8,5512,9313939.0,9559236.0,-245297.0,-2.63,FY2023/24
Wide Bay,2023,Q2,Maternity,1001.1,5512,5518099.0,5288736.0,229363.0,4.16,FY2023/24
Wide Bay,2023,Q3,Admitted Acute,10825.5,5512,59670312.0,57818791.0,1851521.0,3.1,FY2023/24
Wide Bay,2023,Q3,Admitted Subacute,2392.0,5512,13184703.0,13155412.0,29290.0,0.22,FY2023/24
Wide Bay,2023,Q3,Emergency Department,5447.2,5512,30025225.0,30462325.0,-437100.0,-1.46,FY2023/24
Wide Bay,2023,Q3,Outpatient,4929.3,5512,27170345.0,27622891.0,-452547.0,-1.67,FY2023/24
Wide Bay,2023,Q3,Mental Health,1902.1,5512,10484514.0,10183951.0,300563.0,2.87,FY2023/24
Wide Bay,2023,Q3,Maternity,1090.6,5512,6011428.0,5952989.0,58439.0,0.97,FY2023/24
Wide Bay,2023,Q4,Admitted Acute,10746.6,5512,59235266.0,61970921.0,-2735654.0,-4.62,FY2023/24
Wide Bay,2023,Q4,Admitted Subacute,2512.7,5512,13849971.0,14069421.0,-219450.0,-1.58,FY2023/24
Wide Bay,2023,Q4,Emergency Department,5348.5,5512,29481183.0,28103127.0,1378056.0,4.67,FY2023/24
Wide Bay,2023,Q4,Outpatient,4948.4,5512,27275737.0,28345084.0,-1069347.0,-3.92,FY2023/24
Wide Bay,2023,Q4,Mental Health,1909.3,5512,10523987.0,10417193.0,106794.0,1.01,FY2023/24
Wide Bay,2023,Q4,Maternity,1019.1,5512,5617268.0,5365152.0,252116.0,4.49,FY2023/24
Wide Bay,2024,Q1,Admitted Acute,11476.7,5678,65164429.0,69304817.0,-4140388.0,-6.35,FY2024/25
Wide Bay,2024,Q1,Admitted Subacute,2571.4,5678,14600200.0,14529161.0,71039.0,0.49,FY2024/25
Wide Bay,2024,Q1,Emergency Department,5983.0,5678,33971227.0,36191077.0,-2219850.0,-6.53,FY2024/25
Wide Bay,2024,Q1,Outpatient,4669.0,5678,26510466.0,29007183.0,-2496718.0,-9.42,FY2024/25
Wide Bay,2024,Q1,Mental Health,2004.1,5678,11379425.0,12522208.0,-1142783.0,-10.04,FY2024/25
Wide Bay,2024,Q1,Maternity,1109.6,5678,6300482.0,6282645.0,17837.0,0.28,FY2024/25
Wide Bay,2024,Q2,Admitted Acute,10314.1,5678,58563252.0,65226067.0,-6662815.0,-11.38,FY2024/25
Wide Bay,2024,Q2,Admitted Subacute,2216.3,5678,12583978.0,13486608.0,-902630.0,-7.17,FY2024/25
Wide Bay,2024,Q2,Emergency Department,6072.1,5678,34477381.0,36403192.0,-1925811.0,-5.59,FY2024/25
Wide Bay,2024,Q2,Outpatient,5186.5,5678,29449025.0,29537947.0,-88921.0,-0.3,FY2024/25
Wide Bay,2024,Q2,Mental Health,1822.4,5678,10347724.0,9969201.0,378523.0,3.66,FY2024/25
Wide Bay,2024,Q2,Maternity,1059.0,5678,6012823.0,5979020.0,33803.0,0.56,FY2024/25
Wide Bay,2024,Q3,Admitted Acute,10419.7,5678,59163007.0,64598739.0,-5435732.0,-9.19,FY2024/25
Wide Bay,2024,Q3,Admitted Subacute,2572.2,5678,14605180.0,14336074.0,269106.0,1.84,FY2024/25
Wide Bay,2024,Q3,Emergency Department,5758.2,5678,32695171.0,36221908.0,-3526736.0,-10.79,FY2024/25
Wide Bay,2024,Q3,Outpatient,4472.2,5678,25393076.0,24522126.0,870950.0,3.43,FY2024/25
Wide Bay,2024,Q3,Mental Health,1769.4,5678,10046669.0,10560919.0,-514251.0,-5.12,FY2024/25
Wide Bay,2024,Q3,Maternity,1009.0,5678,5728993.0,6385381.0,-656388.0,-11.46,FY2024/25
Wide Bay,2024,Q4,Admitted Acute,10596.4,5678,60166256.0,62287601.0,-2121345.0,-3.53,FY2024/25
Wide Bay,2024,Q4,Admitted Subacute,2307.2,5678,13100363.0,13494203.0,-393839.0,-3.01,FY2024/25
Wide Bay,2024,Q4,Emergency Department,6030.4,5678,34240638.0,36901140.0,-2660501.0,-7.77,FY2024/25
Wide Bay,2024,Q4,Outpatient,5004.7,5678,28416837.0,29787708.0,-1370871.0,-4.82,FY2024/25
Wide Bay,2024,Q4,Mental Health,1991.3,5678,11306699.0,12312535.0,-1005836.0,-8.9,FY2024/25
Wide Bay,2024,Q4,Maternity,1112.7,5678,6317940.0,6061766.0,256174.0,4.05,FY2024/25
South West,2019,Q1,Admitted Acute,1381.7,5012,6924833.0,6828689.0,96144.0,1.39,FY2019/20
South West,2019,Q1,Admitted Subacute,346.3,5012,1735807.0,1770356.0,-34549.0,-1.99,FY2019/20
South West,2019,Q1,Emergency Department,812.1,5012,4070334.0,4478913.0,-408579.0,-10.04,FY2019/20
South West,2019,Q1,Outpatient,717.7,5012,3597217.0,3973341.0,-376124.0,-10.46,FY2019/20
South West,2019,Q1,Mental Health,254.7,5012,1276471.0,1362606.0,-86136.0,-6.75,FY2019/20
South West,2019,Q1,Maternity,144.5,5012,724330.0,711585.0,12746.0,1.76,FY2019/20
South West,2019,Q2,Admitted Acute,1424.3,5012,7138651.0,7196890.0,-58239.0,-0.82,FY2019/20
South West,2019,Q2,Admitted Subacute,333.7,5012,1672593.0,1825236.0,-152643.0,-9.13,FY2019/20
South West,2019,Q2,Emergency Department,774.8,5012,3883426.0,4174440.0,-291014.0,-7.49,FY2019/20
South West,2019,Q2,Outpatient,678.4,5012,3400126.0,3396559.0,3568.0,0.1,FY2019/20
South West,2019,Q2,Mental Health,262.2,5012,1314138.0,1315440.0,-1301.0,-0.1,FY2019/20
South West,2019,Q2,Maternity,152.3,5012,763358.0,781490.0,-18132.0,-2.38,FY2019/20
South West,2019,Q3,Admitted Acute,1419.5,5012,7114320.0,6899604.0,214716.0,3.02,FY2019/20
South West,2019,Q3,Admitted Subacute,340.0,5012,1704188.0,1880419.0,-176230.0,-10.34,FY2019/20
South West,2019,Q3,Emergency Department,804.4,5012,4031665.0,4332467.0,-300803.0,-7.46,FY2019/20
South West,2019,Q3,Outpatient,692.1,5012,3468983.0,3844897.0,-375914.0,-10.84,FY2019/20
South West,2019,Q3,Mental Health,276.0,5012,1383218.0,1447292.0,-64075.0,-4.63,FY2019/20
South West,2019,Q3,Maternity,153.8,5012,770689.0,849858.0,-79170.0,-10.27,FY2019/20
South West,2019,Q4,Admitted Acute,1475.9,5012,7397133.0,7438225.0,-41092.0,-0.56,FY2019/20
South West,2019,Q4,Admitted Subacute,311.1,5012,1559152.0,1700277.0,-141125.0,-9.05,FY2019/20
South West,2019,Q4,Emergency Department,864.7,5012,4334024.0,4194283.0,139741.0,3.22,FY2019/20
South West,2019,Q4,Outpatient,683.3,5012,3424703.0,3523597.0,-98895.0,-2.89,FY2019/20
South West,2019,Q4,Mental Health,246.5,5012,1235387.0,1379552.0,-144165.0,-11.67,FY2019/20
South West,2019,Q4,Maternity,143.2,5012,717481.0,689808.0,27673.0,3.86,FY2019/20
South West,2020,Q1,Admitted Acute,1373.5,5127,7042101.0,7574536.0,-532435.0,-7.56,FY2020/21
South West,2020,Q1,Admitted Subacute,281.7,5127,1444026.0,1533530.0,-89504.0,-6.2,FY2020/21
South West,2020,Q1,Emergency Department,748.0,5127,3834969.0,3710544.0,124425.0,3.24,FY2020/21
South West,2020,Q1,Outpatient,576.9,5127,2958015.0,3095728.0,-137712.0,-4.66,FY2020/21
South West,2020,Q1,Mental Health,229.1,5127,1174392.0,1303004.0,-128612.0,-10.95,FY2020/21
South West,2020,Q1,Maternity,142.2,5127,729060.0,814510.0,-85450.0,-11.72,FY2020/21
South West,2020,Q2,Admitted Acute,1301.0,5127,6670091.0,7436171.0,-766080.0,-11.49,FY2020/21
South West,2020,Q2,Admitted Subacute,301.1,5127,1543614.0,1557628.0,-14013.0,-0.91,FY2020/21
South West,2020,Q2,Emergency Department,690.6,5127,3540772.0,3395494.0,145278.0,4.1,FY2020/21
South West,2020,Q2,Outpatient,627.6,5127,3217474.0,3307074.0,-89600.0,-2.78,FY2020/21
South West,2020,Q2,Mental Health,226.4,5127,1160827.0,1223947.0,-63120.0,-5.44,FY2020/21
South West,2020,Q2,Maternity,129.9,5127,666253.0,698365.0,-32112.0,-4.82,FY2020/21
South West,2020,Q3,Admitted Acute,1322.5,5127,6780568.0,7390845.0,-610277.0,-9.0,FY2020/21
South West,2020,Q3,Admitted Subacute,320.0,5127,1640873.0,1691986.0,-51112.0,-3.11,FY2020/21
South West,2020,Q3,Emergency Department,726.4,5127,3724191.0,3767522.0,-43332.0,-1.16,FY2020/21
South West,2020,Q3,Outpatient,638.6,5127,3274264.0,3293223.0,-18960.0,-0.58,FY2020/21
South West,2020,Q3,Mental Health,225.8,5127,1157436.0,1116227.0,41208.0,3.56,FY2020/21
South West,2020,Q3,Maternity,134.6,5127,689986.0,712040.0,-22054.0,-3.2,FY2020/21
South West,2020,Q4,Admitted Acute,1426.8,5127,7315203.0,7224572.0,90631.0,1.24,FY2020/21
South West,2020,Q4,Admitted Subacute,298.6,5127,1531067.0,1664927.0,-133860.0,-8.74,FY2020/21
South West,2020,Q4,Emergency Department,782.7,5127,4012810.0,4074543.0,-61733.0,-1.54,FY2020/21
South West,2020,Q4,Outpatient,604.9,5127,3101158.0,3105992.0,-4833.0,-0.16,FY2020/21
South West,2020,Q4,Mental Health,253.2,5127,1297961.0,1259242.0,38719.0,2.98,FY2020/21
South West,2020,Q4,Maternity,144.7,5127,741825.0,790976.0,-49151.0,-6.63,FY2020/21
South West,2021,Q1,Admitted Acute,1488.0,5234,7788081.0,7441917.0,346164.0,4.44,FY2021/22
South West,2021,Q1,Admitted Subacute,331.8,5234,1736703.0,1770251.0,-33548.0,-1.93,FY2021/22
South West,2021,Q1,Emergency Department,770.1,5234,4030898.0,4279160.0,-248262.0,-6.16,FY2021/22
South West,2021,Q1,Outpatient,716.4,5234,3749888.0,3920778.0,-170890.0,-4.56,FY2021/22
South West,2021,Q1,Mental Health,268.0,5234,1402659.0,1348848.0,53811.0,3.84,FY2021/22
South West,2021,Q1,Maternity,146.1,5234,764686.0,741578.0,23108.0,3.02,FY2021/22
South West,2021,Q2,Admitted Acute,1507.2,5234,7888785.0,8752938.0,-864153.0,-10.95,FY2021/22
South West,2021,Q2,Admitted Subacute,341.7,5234,1788641.0,1722562.0,66079.0,3.69,FY2021/22
South West,2021,Q2,Emergency Department,795.3,5234,4162811.0,4344363.0,-181552.0,-4.36,FY2021/22
South West,2021,Q2,Outpatient,655.9,5234,3433019.0,3747894.0,-314875.0,-9.17,FY2021/22
South West,2021,Q2,Mental Health,272.1,5234,1424338.0,1501269.0,-76930.0,-5.4,FY2021/22
South West,2021,Q2,Maternity,145.1,5234,759205.0,754199.0,5005.0,0.66,FY2021/22
South West,2021,Q3,Admitted Acute,1387.1,5234,7260288.0,7335306.0,-75018.0,-1.03,FY2021/22
South West,2021,Q3,Admitted Subacute,328.5,5234,1719289.0,1830854.0,-111565.0,-6.49,FY2021/22
South West,2021,Q3,Emergency Department,834.9,5234,4369766.0,4203358.0,166408.0,3.81,FY2021/22
South West,2021,Q3,Outpatient,655.1,5234,3428584.0,3363107.0,65478.0,1.91,FY2021/22
South West,2021,Q3,Mental Health,244.9,5234,1281603.0,1397769.0,-116166.0,-9.06,FY2021/22
South West,2021,Q3,Maternity,137.2,5234,718099.0,733367.0,-15268.0,-2.13,FY2021/22
South West,2021,Q4,Admitted Acute,1401.9,5234,7337566.0,8067552.0,-729986.0,-9.95,FY2021/22
South West,2021,Q4,Admitted Subacute,336.2,5234,1759423.0,1740658.0,18765.0,1.07,FY2021/22
South West,2021,Q4,Emergency Department,814.6,5234,4263571.0,4580578.0,-317008.0,-7.44,FY2021/22
South West,2021,Q4,Outpatient,715.1,5234,3742616.0,3695743.0,46873.0,1.25,FY2021/22
South West,2021,Q4,Mental Health,275.1,5234,1439854.0,1596556.0,-156702.0,-10.88,FY2021/22
South West,2021,Q4,Maternity,157.9,5234,826523.0,874478.0,-47955.0,-5.8,FY2021/22
South West,2022,Q1,Admitted Acute,1646.0,5389,8870260.0,9034766.0,-164506.0,-1.85,FY2022/23
South West,2022,Q1,Admitted Subacute,377.5,5389,2034155.0,2116172.0,-82017.0,-4.03,FY2022/23
South West,2022,Q1,Emergency Department,912.1,5389,4915056.0,5027305.0,-112249.0,-2.28,FY2022/23
South West,2022,Q1,Outpatient,752.5,5389,4055232.0,4420852.0,-365620.0,-9.02,FY2022/23
South West,2022,Q1,Mental Health,266.2,5389,1434682.0,1566096.0,-131414.0,-9.16,FY2022/23
South West,2022,Q1,Maternity,162.3,5389,874579.0,956434.0,-81855.0,-9.36,FY2022/23
South West,2022,Q2,Admitted Acute,1594.8,5389,8594247.0,8718321.0,-124074.0,-1.44,FY2022/23
South West,2022,Q2,Admitted Subacute,386.9,5389,2085041.0,2069817.0,15223.0,0.73,FY2022/23
South West,2022,Q2,Emergency Department,935.7,5389,5042588.0,5205381.0,-162792.0,-3.23,FY2022/23
South West,2022,Q2,Outpatient,727.3,5389,3919212.0,3928773.0,-9561.0,-0.24,FY2022/23
South West,2022,Q2,Mental Health,285.5,5389,1538481.0,1546613.0,-8132.0,-0.53,FY2022/23
South West,2022,Q2,Maternity,149.4,5389,804918.0,801891.0,3027.0,0.38,FY2022/23
South West,2022,Q3,Admitted Acute,1485.1,5389,8003451.0,8934415.0,-930964.0,-11.63,FY2022/23
South West,2022,Q3,Admitted Subacute,389.8,5389,2100897.0,2136983.0,-36086.0,-1.72,FY2022/23
South West,2022,Q3,Emergency Department,919.3,5389,4954004.0,4997535.0,-43531.0,-0.88,FY2022/23
South West,2022,Q3,Outpatient,745.5,5389,4017440.0,4366648.0,-349208.0,-8.69,FY2022/23
South West,2022,Q3,Mental Health,302.4,5389,1629410.0,1658798.0,-29388.0,-1.8,FY2022/23
South West,2022,Q3,Maternity,168.6,5389,908365.0,904012.0,4353.0,0.48,FY2022/23
South West,2022,Q4,Admitted Acute,1739.0,5389,9371502.0,8943982.0,427520.0,4.56,FY2022/23
South West,2022,Q4,Admitted Subacute,368.8,5389,1987584.0,2111044.0,-123461.0,-6.21,FY2022/23
South West,2022,Q4,Emergency Department,913.6,5389,4923168.0,4777766.0,145401.0,2.95,FY2022/23
South West,2022,Q4,Outpatient,776.5,5389,4184765.0,4104422.0,80343.0,1.92,FY2022/23
South West,2022,Q4,Mental Health,287.7,5389,1550576.0,1531744.0,18832.0,1.21,FY2022/23
South West,2022,Q4,Maternity,156.3,5389,842172.0,878300.0,-36127.0,-4.29,FY2022/23
South West,2023,Q1,Admitted Acute,1628.1,5512,8974303.0,8770033.0,204270.0,2.28,FY2023/24
South West,2023,Q1,Admitted Subacute,351.7,5512,1938590.0,1979465.0,-40874.0,-2.11,FY2023/24
South West,2023,Q1,Emergency Department,944.9,5512,5208054.0,5742682.0,-534628.0,-10.27,FY2023/24
South West,2023,Q1,Outpatient,693.1,5512,3820336.0,3884623.0,-64287.0,-1.68,FY2023/24
South West,2023,Q1,Mental Health,270.3,5512,1489791.0,1419504.0,70287.0,4.72,FY2023/24
South West,2023,Q1,Maternity,169.3,5512,933013.0,981918.0,-48905.0,-5.24,FY2023/24
South West,2023,Q2,Admitted Acute,1561.0,5512,8604436.0,8516225.0,88211.0,1.03,FY2023/24
South West,2023,Q2,Admitted Subacute,343.0,5512,1890386.0,2064190.0,-173804.0,-9.19,FY2023/24
South West,2023,Q2,Emergency Department,976.4,5512,5382055.0,5236891.0,145164.0,2.7,FY2023/24
South West,2023,Q2,Outpatient,710.6,5512,3916823.0,4299221.0,-382398.0,-9.76,FY2023/24
South West,2023,Q2,Mental Health,308.5,5512,1700191.0,1736467.0,-36276.0,-2.13,FY2023/24
South West,2023,Q2,Maternity,153.1,5512,844088.0,807536.0,36552.0,4.33,FY2023/24
South West,2023,Q3,Admitted Acute,1669.5,5512,9202409.0,9356938.0,-154528.0,-1.68,FY2023/24
South West,2023,Q3,Admitted Subacute,343.3,5512,1892005.0,1985002.0,-92998.0,-4.92,FY2023/24
South West,2023,Q3,Emergency Department,836.5,5512,4611015.0,4997663.0,-386648.0,-8.39,FY2023/24
South West,2023,Q3,Outpatient,719.5,5512,3965907.0,3794754.0,171153.0,4.32,FY2023/24
South West,2023,Q3,Mental Health,292.8,5512,1614089.0,1642508.0,-28418.0,-1.76,FY2023/24
South West,2023,Q3,Maternity,177.5,5512,978426.0,1020022.0,-41597.0,-4.25,FY2023/24
South West,2023,Q4,Admitted Acute,1590.7,5512,8767735.0,9386778.0,-619043.0,-7.06,FY2023/24
South West,2023,Q4,Admitted Subacute,357.7,5512,1971514.0,2176002.0,-204488.0,-10.37,FY2023/24
South West,2023,Q4,Emergency Department,889.3,5512,4901875.0,5114997.0,-213122.0,-4.35,FY2023/24
South West,2023,Q4,Outpatient,689.1,5512,3798364.0,3883601.0,-85238.0,-2.24,FY2023/24
South West,2023,Q4,Mental Health,304.1,5512,1676228.0,1821993.0,-145765.0,-8.7,FY2023/24
South West,2023,Q4,Maternity,157.7,5512,869364.0,859308.0,10056.0,1.16,FY2023/24
South West,2024,Q1,Admitted Acute,1773.2,5678,10068073.0,11157114.0,-1089041.0,-10.82,FY2024/25
South West,2024,Q1,Admitted Subacute,355.1,5678,2016290.0,2069742.0,-53452.0,-2.65,FY2024/25
South West,2024,Q1,Emergency Department,904.0,5678,5132838.0,5635944.0,-503106.0,-9.8,FY2024/25
South West,2024,Q1,Outpatient,708.8,5678,4024415.0,3967636.0,56779.0,1.41,FY2024/25
South West,2024,Q1,Mental Health,307.2,5678,1744518.0,1672504.0,72014.0,4.13,FY2024/25
South West,2024,Q1,Maternity,168.5,5678,957018.0,981095.0,-24077.0,-2.52,FY2024/25
South West,2024,Q2,Admitted Acute,1642.8,5678,9327752.0,9487045.0,-159293.0,-1.71,FY2024/25
South West,2024,Q2,Admitted Subacute,381.5,5678,2166193.0,2117308.0,48886.0,2.26,FY2024/25
South West,2024,Q2,Emergency Department,938.8,5678,5330599.0,5793954.0,-463354.0,-8.69,FY2024/25
South West,2024,Q2,Outpatient,791.0,5678,4491210.0,4384153.0,107057.0,2.38,FY2024/25
South West,2024,Q2,Mental Health,278.7,5678,1582683.0,1575703.0,6980.0,0.44,FY2024/25
South West,2024,Q2,Maternity,165.0,5678,936864.0,955075.0,-18210.0,-1.94,FY2024/25
South West,2024,Q3,Admitted Acute,1736.0,5678,9857112.0,9459236.0,397876.0,4.04,FY2024/25
South West,2024,Q3,Admitted Subacute,351.4,5678,1995356.0,2028529.0,-33172.0,-1.66,FY2024/25
South West,2024,Q3,Emergency Department,957.4,5678,5436139.0,5343094.0,93045.0,1.71,FY2024/25
South West,2024,Q3,Outpatient,776.6,5678,4409352.0,4383649.0,25703.0,0.58,FY2024/25
South West,2024,Q3,Mental Health,313.6,5678,1780366.0,1962439.0,-182073.0,-10.23,FY2024/25
South West,2024,Q3,Maternity,163.3,5678,927085.0,916979.0,10106.0,1.09,FY2024/25
South West,2024,Q4,Admitted Acute,1663.6,5678,9445649.0,9359602.0,86046.0,0.91,FY2024/25
South West,2024,Q4,Admitted Subacute,390.2,5678,2215327.0,2415662.0,-200334.0,-9.04,FY2024/25
South West,2024,Q4,Emergency Department,953.8,5678,5415842.0,5904024.0,-488182.0,-9.01,FY2024/25
South West,2024,Q4,Outpatient,746.9,5678,4240669.0,4141326.0,99342.0,2.34,FY2024/25
South West,2024,Q4,Mental Health,306.6,5678,1740623.0,1760259.0,-19635.0,-1.13,FY2024/25
South West,2024,Q4,Maternity,173.4,5678,984419.0,980491.0,3928.0,0.4,FY2024/25
