HHS,Year,Quarter,Category,Actual_Revenue,Budgeted_Revenue,Variance,Variance_Pct,FY
Cairns and Hinterland,2019,Q1,Car Parking,168385.0,184974.0,-16589.0,-8.97,FY2019/20
Cairns and Hinterland,2019,Q1,Cafeteria & Food Services,95419.0,104740.0,-9321.0,-8.9,FY2019/20
Cairns and Hinterland,2019,Q1,Private Patient Fees,405695.0,429535.0,-23840.0,-5.55,FY2019/20
Cairns and Hinterland,2019,Q1,Pharmacy Retail,129575.0,131591.0,-2016.0,-1.53,FY2019/20
Cairns and Hinterland,2019,Q1,Medical Imaging (Private),101824.0,97536.0,4288.0,4.4,FY2019/20
Cairns and Hinterland,2019,Q1,Accommodation Fees,41277.0,42263.0,-986.0,-2.33,FY2019/20
Cairns and Hinterland,2019,Q1,Equipment Hire,30535.0,30092.0,443.0,1.47,FY2019/20
Cairns and Hinterland,2019,Q1,Research Grants,69835.0,70732.0,-897.0,-1.27,FY2019/20
Cairns and Hinterland,2019,Q1,Other Commercial,22550.0,21204.0,1346.0,6.35,FY2019/20
Cairns and Hinterland,2019,Q2,Car Parking,206718.0,214536.0,-7818.0,-3.64,FY2019/20
Cairns and Hinterland,2019,Q2,Cafeteria & Food Services,112069.0,113328.0,-1259.0,-1.11,FY2019/20
Cairns and Hinterland,2019,Q2,Private Patient Fees,388419.0,350835.0,37583.0,10.71,FY2019/20
Cairns and Hinterland,2019,Q2,Pharmacy Retail,134336.0,121981.0,12355.0,10.13,FY2019/20
Cairns and Hinterland,2019,Q2,Medical Imaging (Private),102359.0,112430.0,-10071.0,-8.96,FY2019/20
Cairns and Hinterland,2019,Q2,Accommodation Fees,39544.0,37253.0,2291.0,6.15,FY2019/20
Cairns and Hinterland,2019,Q2,Equipment Hire,33187.0,31548.0,1639.0,5.2,FY2019/20
Cairns and Hinterland,2019,Q2,Research Grants,79187.0,72897.0,6290.0,8.63,FY2019/20
Cairns and Hinterland,2019,Q2,Other Commercial,18933.0,20747.0,-1814.0,-8.74,FY2019/20
Cairns and Hinterland,2019,Q3,Car Parking,195010.0,208540.0,-13529.0,-6.49,FY2019/20
Cairns and Hinterland,2019,Q3,Cafeteria & Food Services,99615.0,103131.0,-3516.0,-3.41,FY2019/20
Cairns and Hinterland,2019,Q3,Private Patient Fees,372233.0,379912.0,-7679.0,-2.02,FY2019/20
Cairns and Hinterland,2019,Q3,Pharmacy Retail,130267.0,132231.0,-1963.0,-1.48,FY2019/20
Cairns and Hinterland,2019,Q3,Medical Imaging (Private),92006.0,87883.0,4123.0,4.69,FY2019/20
Cairns and Hinterland,2019,Q3,Accommodation Fees,44282.0,41857.0,2424.0,5.79,FY2019/20
Cairns and Hinterland,2019,Q3,Equipment Hire,32640.0,30900.0,1741.0,5.63,FY2019/20
Cairns and Hinterland,2019,Q3,Research Grants,74990.0,78695.0,-3706.0,-4.71,FY2019/20
Cairns and Hinterland,2019,Q3,Other Commercial,19396.0,17689.0,1707.0,9.65,FY2019/20
Cairns and Hinterland,2019,Q4,Car Parking,170620.0,174237.0,-3617.0,-2.08,FY2019/20
Cairns and Hinterland,2019,Q4,Cafeteria & Food Services,112722.0,102464.0,10258.0,10.01,FY2019/20
Cairns and Hinterland,2019,Q4,Private Patient Fees,384455.0,372254.0,12201.0,3.28,FY2019/20
Cairns and Hinterland,2019,Q4,Pharmacy Retail,124157.0,134806.0,-10649.0,-7.9,FY2019/20
Cairns and Hinterland,2019,Q4,Medical Imaging (Private),89825.0,89203.0,623.0,0.7,FY2019/20
Cairns and Hinterland,2019,Q4,Accommodation Fees,36745.0,33670.0,3075.0,9.13,FY2019/20
Cairns and Hinterland,2019,Q4,Equipment Hire,29392.0,26617.0,2776.0,10.43,FY2019/20
Cairns and Hinterland,2019,Q4,Research Grants,75095.0,73990.0,1105.0,1.49,FY2019/20
Cairns and Hinterland,2019,Q4,Other Commercial,21040.0,19671.0,1369.0,6.96,FY2019/20
Cairns and Hinterland,2020,Q1,Car Parking,137529.0,142036.0,-4506.0,-3.17,FY2020/21
Cairns and Hinterland,2020,Q1,Cafeteria & Food Services,89312.0,81281.0,8031.0,9.88,FY2020/21
Cairns and Hinterland,2020,Q1,Private Patient Fees,307535.0,312264.0,-4729.0,-1.51,FY2020/21
Cairns and Hinterland,2020,Q1,Pharmacy Retail,97887.0,97892.0,-5.0,-0.01,FY2020/21
Cairns and Hinterland,2020,Q1,Medical Imaging (Private),64834.0,59516.0,5318.0,8.94,FY2020/21
Cairns and Hinterland,2020,Q1,Accommodation Fees,32914.0,31867.0,1047.0,3.29,FY2020/21
Cairns and Hinterland,2020,Q1,Equipment Hire,26516.0,26020.0,495.0,1.9,FY2020/21
Cairns and Hinterland,2020,Q1,Research Grants,51423.0,53632.0,-2208.0,-4.12,FY2020/21
Cairns and Hinterland,2020,Q1,Other Commercial,15271.0,15349.0,-78.0,-0.51,FY2020/21
Cairns and Hinterland,2020,Q2,Car Parking,151478.0,163604.0,-12126.0,-7.41,FY2020/21
Cairns and Hinterland,2020,Q2,Cafeteria & Food Services,85974.0,89006.0,-3032.0,-3.41,FY2020/21
Cairns and Hinterland,2020,Q2,Private Patient Fees,293313.0,319472.0,-26159.0,-8.19,FY2020/21
Cairns and Hinterland,2020,Q2,Pharmacy Retail,91684.0,82536.0,9148.0,11.08,FY2020/21
Cairns and Hinterland,2020,Q2,Medical Imaging (Private),68349.0,64492.0,3856.0,5.98,FY2020/21
Cairns and Hinterland,2020,Q2,Accommodation Fees,33384.0,34277.0,-893.0,-2.6,FY2020/21
Cairns and Hinterland,2020,Q2,Equipment Hire,24643.0,22258.0,2384.0,10.71,FY2020/21
Cairns and Hinterland,2020,Q2,Research Grants,59326.0,57232.0,2094.0,3.66,FY2020/21
Cairns and Hinterland,2020,Q2,Other Commercial,16705.0,16894.0,-189.0,-1.12,FY2020/21
Cairns and Hinterland,2020,Q3,Car Parking,139154.0,128984.0,10170.0,7.88,FY2020/21
Cairns and Hinterland,2020,Q3,Cafeteria & Food Services,72520.0,77328.0,-4808.0,-6.22,FY2020/21
Cairns and Hinterland,2020,Q3,Private Patient Fees,309426.0,318695.0,-9270.0,-2.91,FY2020/21
Cairns and Hinterland,2020,Q3,Pharmacy Retail,87232.0,85523.0,1709.0,2.0,FY2020/21
Cairns and Hinterland,2020,Q3,Medical Imaging (Private),76279.0,80548.0,-4269.0,-5.3,FY2020/21
Cairns and Hinterland,2020,Q3,Accommodation Fees,29191.0,26272.0,2919.0,11.11,FY2020/21
Cairns and Hinterland,2020,Q3,Equipment Hire,25329.0,24603.0,726.0,2.95,FY2020/21
Cairns and Hinterland,2020,Q3,Research Grants,52924.0,47768.0,5156.0,10.79,FY2020/21
Cairns and Hinterland,2020,Q3,Other Commercial,16223.0,17363.0,-1139.0,-6.56,FY2020/21
Cairns and Hinterland,2020,Q4,Car Parking,160495.0,162605.0,-2110.0,-1.3,FY2020/21
Cairns and Hinterland,2020,Q4,Cafeteria & Food Services,80619.0,73928.0,6690.0,9.05,FY2020/21
Cairns and Hinterland,2020,Q4,Private Patient Fees,284488.0,277659.0,6829.0,2.46,FY2020/21
Cairns and Hinterland,2020,Q4,Pharmacy Retail,98887.0,96686.0,2201.0,2.28,FY2020/21
Cairns and Hinterland,2020,Q4,Medical Imaging (Private),67799.0,62307.0,5492.0,8.81,FY2020/21
Cairns and Hinterland,2020,Q4,Accommodation Fees,30709.0,28231.0,2477.0,8.77,FY2020/21
Cairns and Hinterland,2020,Q4,Equipment Hire,22233.0,24400.0,-2167.0,-8.88,FY2020/21
Cairns and Hinterland,2020,Q4,Research Grants,55484.0,55837.0,-354.0,-0.63,FY2020/21
Cairns and Hinterland,2020,Q4,Other Commercial,17509.0,19244.0,-1735.0,-9.02,FY2020/21
Cairns and Hinterland,2021,Q1,Car Parking,178087.0,189216.0,-11129.0,-5.88,FY2021/22
Cairns and Hinterland,2021,Q1,Cafeteria & Food Services,92982.0,89369.0,3612.0,4.04,FY2021/22
Cairns and Hinterland,2021,Q1,Private Patient Fees,331611.0,343052.0,-11441.0,-3.34,FY2021/22
Cairns and Hinterland,2021,Q1,Pharmacy Retail,121504.0,117014.0,4490.0,3.84,FY2021/22
Cairns and Hinterland,2021,Q1,Medical Imaging (Private),79624.0,81733.0,-2108.0,-2.58,FY2021/22
Cairns and Hinterland,2021,Q1,Accommodation Fees,35343.0,35898.0,-555.0,-1.55,FY2021/22
Cairns and Hinterland,2021,Q1,Equipment Hire,30454.0,31676.0,-1222.0,-3.86,FY2021/22
Cairns and Hinterland,2021,Q1,Research Grants,72039.0,77411.0,-5372.0,-6.94,FY2021/22
Cairns and Hinterland,2021,Q1,Other Commercial,19402.0,20296.0,-893.0,-4.4,FY2021/22
Cairns and Hinterland,2021,Q2,Car Parking,179615.0,168358.0,11257.0,6.69,FY2021/22
Cairns and Hinterland,2021,Q2,Cafeteria & Food Services,85968.0,82263.0,3705.0,4.5,FY2021/22
Cairns and Hinterland,2021,Q2,Private Patient Fees,334897.0,342741.0,-7844.0,-2.29,FY2021/22
Cairns and Hinterland,2021,Q2,Pharmacy Retail,126191.0,118525.0,7666.0,6.47,FY2021/22
Cairns and Hinterland,2021,Q2,Medical Imaging (Private),79464.0,86830.0,-7366.0,-8.48,FY2021/22
Cairns and Hinterland,2021,Q2,Accommodation Fees,35154.0,35003.0,151.0,0.43,FY2021/22
Cairns and Hinterland,2021,Q2,Equipment Hire,29701.0,29947.0,-246.0,-0.82,FY2021/22
Cairns and Hinterland,2021,Q2,Research Grants,61161.0,55743.0,5419.0,9.72,FY2021/22
Cairns and Hinterland,2021,Q2,Other Commercial,17565.0,17866.0,-301.0,-1.68,FY2021/22
Cairns and Hinterland,2021,Q3,Car Parking,176479.0,167081.0,9398.0,5.62,FY2021/22
Cairns and Hinterland,2021,Q3,Cafeteria & Food Services,100219.0,106634.0,-6415.0,-6.02,FY2021/22
Cairns and Hinterland,2021,Q3,Private Patient Fees,302183.0,302070.0,113.0,0.04,FY2021/22
Cairns and Hinterland,2021,Q3,Pharmacy Retail,121703.0,115674.0,6029.0,5.21,FY2021/22
Cairns and Hinterland,2021,Q3,Medical Imaging (Private),83282.0,85175.0,-1893.0,-2.22,FY2021/22
Cairns and Hinterland,2021,Q3,Accommodation Fees,42510.0,45145.0,-2635.0,-5.84,FY2021/22
Cairns and Hinterland,2021,Q3,Equipment Hire,29684.0,31051.0,-1367.0,-4.4,FY2021/22
Cairns and Hinterland,2021,Q3,Research Grants,65705.0,67557.0,-1852.0,-2.74,FY2021/22
Cairns and Hinterland,2021,Q3,Other Commercial,19245.0,18051.0,1193.0,6.61,FY2021/22
Cairns and Hinterland,2021,Q4,Car Parking,183075.0,185142.0,-2067.0,-1.12,FY2021/22
Cairns and Hinterland,2021,Q4,Cafeteria & Food Services,93720.0,101430.0,-7710.0,-7.6,FY2021/22
Cairns and Hinterland,2021,Q4,Private Patient Fees,300500.0,289428.0,11072.0,3.83,FY2021/22
Cairns and Hinterland,2021,Q4,Pharmacy Retail,104033.0,109579.0,-5546.0,-5.06,FY2021/22
Cairns and Hinterland,2021,Q4,Medical Imaging (Private),91545.0,88457.0,3088.0,3.49,FY2021/22
Cairns and Hinterland,2021,Q4,Accommodation Fees,40440.0,39599.0,842.0,2.13,FY2021/22
Cairns and Hinterland,2021,Q4,Equipment Hire,30893.0,30610.0,283.0,0.92,FY2021/22
Cairns and Hinterland,2021,Q4,Research Grants,66478.0,72258.0,-5780.0,-8.0,FY2021/22
Cairns and Hinterland,2021,Q4,Other Commercial,18242.0,16857.0,1385.0,8.21,FY2021/22
Cairns and Hinterland,2022,Q1,Car Parking,208188.0,227730.0,-19541.0,-8.58,FY2022/23
Cairns and Hinterland,2022,Q1,Cafeteria & Food Services,110036.0,100398.0,9638.0,9.6,FY2022/23
Cairns and Hinterland,2022,Q1,Private Patient Fees,381458.0,381911.0,-453.0,-0.12,FY2022/23
Cairns and Hinterland,2022,Q1,Pharmacy Retail,124995.0,128947.0,-3952.0,-3.07,FY2022/23
Cairns and Hinterland,2022,Q1,Medical Imaging (Private),114212.0,113109.0,1102.0,0.97,FY2022/23
Cairns and Hinterland,2022,Q1,Accommodation Fees,43763.0,42894.0,869.0,2.03,FY2022/23
Cairns and Hinterland,2022,Q1,Equipment Hire,30867.0,33233.0,-2366.0,-7.12,FY2022/23
Cairns and Hinterland,2022,Q1,Research Grants,77730.0,75977.0,1752.0,2.31,FY2022/23
Cairns and Hinterland,2022,Q1,Other Commercial,23541.0,23268.0,273.0,1.17,FY2022/23
Cairns and Hinterland,2022,Q2,Car Parking,211307.0,192773.0,18534.0,9.61,FY2022/23
Cairns and Hinterland,2022,Q2,Cafeteria & Food Services,121895.0,132634.0,-10739.0,-8.1,FY2022/23
Cairns and Hinterland,2022,Q2,Private Patient Fees,410926.0,448284.0,-37359.0,-8.33,FY2022/23
Cairns and Hinterland,2022,Q2,Pharmacy Retail,124652.0,124089.0,563.0,0.45,FY2022/23
Cairns and Hinterland,2022,Q2,Medical Imaging (Private),104517.0,106225.0,-1709.0,-1.61,FY2022/23
Cairns and Hinterland,2022,Q2,Accommodation Fees,44272.0,42838.0,1434.0,3.35,FY2022/23
Cairns and Hinterland,2022,Q2,Equipment Hire,30962.0,30292.0,670.0,2.21,FY2022/23
Cairns and Hinterland,2022,Q2,Research Grants,72928.0,76346.0,-3418.0,-4.48,FY2022/23
Cairns and Hinterland,2022,Q2,Other Commercial,21088.0,19226.0,1862.0,9.68,FY2022/23
Cairns and Hinterland,2022,Q3,Car Parking,206612.0,210548.0,-3935.0,-1.87,FY2022/23
Cairns and Hinterland,2022,Q3,Cafeteria & Food Services,123478.0,125380.0,-1901.0,-1.52,FY2022/23
Cairns and Hinterland,2022,Q3,Private Patient Fees,382046.0,405199.0,-23153.0,-5.71,FY2022/23
Cairns and Hinterland,2022,Q3,Pharmacy Retail,137347.0,125790.0,11557.0,9.19,FY2022/23
Cairns and Hinterland,2022,Q3,Medical Imaging (Private),103636.0,112094.0,-8457.0,-7.54,FY2022/23
Cairns and Hinterland,2022,Q3,Accommodation Fees,44216.0,42414.0,1801.0,4.25,FY2022/23
Cairns and Hinterland,2022,Q3,Equipment Hire,31098.0,28930.0,2168.0,7.49,FY2022/23
Cairns and Hinterland,2022,Q3,Research Grants,78072.0,79566.0,-1494.0,-1.88,FY2022/23
Cairns and Hinterland,2022,Q3,Other Commercial,20390.0,22183.0,-1793.0,-8.08,FY2022/23
Cairns and Hinterland,2022,Q4,Car Parking,216542.0,220294.0,-3752.0,-1.7,FY2022/23
Cairns and Hinterland,2022,Q4,Cafeteria & Food Services,122296.0,112027.0,10268.0,9.17,FY2022/23
Cairns and Hinterland,2022,Q4,Private Patient Fees,394555.0,404820.0,-10266.0,-2.54,FY2022/23
Cairns and Hinterland,2022,Q4,Pharmacy Retail,146762.0,155082.0,-8320.0,-5.37,FY2022/23
Cairns and Hinterland,2022,Q4,Medical Imaging (Private),96565.0,105080.0,-8515.0,-8.1,FY2022/23
Cairns and Hinterland,2022,Q4,Accommodation Fees,41256.0,44351.0,-3095.0,-6.98,FY2022/23
Cairns and Hinterland,2022,Q4,Equipment Hire,37852.0,35408.0,2444.0,6.9,FY2022/23
Cairns and Hinterland,2022,Q4,Research Grants,83581.0,75896.0,7685.0,10.13,FY2022/23
Cairns and Hinterland,2022,Q4,Other Commercial,22157.0,22230.0,-72.0,-0.32,FY2022/23
Cairns and Hinterland,2023,Q1,Car Parking,213722.0,232356.0,-18634.0,-8.02,FY2023/24
Cairns and Hinterland,2023,Q1,Cafeteria & Food Services,121295.0,120841.0,454.0,0.38,FY2023/24
Cairns and Hinterland,2023,Q1,Private Patient Fees,437980.0,477444.0,-39465.0,-8.27,FY2023/24
Cairns and Hinterland,2023,Q1,Pharmacy Retail,123743.0,135685.0,-11942.0,-8.8,FY2023/24
Cairns and Hinterland,2023,Q1,Medical Imaging (Private),94419.0,100356.0,-5937.0,-5.92,FY2023/24
Cairns and Hinterland,2023,Q1,Accommodation Fees,44136.0,40889.0,3247.0,7.94,FY2023/24
Cairns and Hinterland,2023,Q1,Equipment Hire,34440.0,35431.0,-992.0,-2.8,FY2023/24
Cairns and Hinterland,2023,Q1,Research Grants,79206.0,72150.0,7056.0,9.78,FY2023/24
Cairns and Hinterland,2023,Q1,Other Commercial,23852.0,25772.0,-1920.0,-7.45,FY2023/24
Cairns and Hinterland,2023,Q2,Car Parking,203787.0,192226.0,11562.0,6.01,FY2023/24
Cairns and Hinterland,2023,Q2,Cafeteria & Food Services,114875.0,104498.0,10376.0,9.93,FY2023/24
Cairns and Hinterland,2023,Q2,Private Patient Fees,439038.0,467693.0,-28655.0,-6.13,FY2023/24
Cairns and Hinterland,2023,Q2,Pharmacy Retail,142728.0,138535.0,4193.0,3.03,FY2023/24
Cairns and Hinterland,2023,Q2,Medical Imaging (Private),112374.0,113604.0,-1229.0,-1.08,FY2023/24
Cairns and Hinterland,2023,Q2,Accommodation Fees,50237.0,51557.0,-1321.0,-2.56,FY2023/24
Cairns and Hinterland,2023,Q2,Equipment Hire,37329.0,38065.0,-736.0,-1.93,FY2023/24
Cairns and Hinterland,2023,Q2,Research Grants,79856.0,87170.0,-7314.0,-8.39,FY2023/24
Cairns and Hinterland,2023,Q2,Other Commercial,23526.0,24020.0,-494.0,-2.06,FY2023/24
Cairns and Hinterland,2023,Q3,Car Parking,195599.0,200515.0,-4915.0,-2.45,FY2023/24
Cairns and Hinterland,2023,Q3,Cafeteria & Food Services,118482.0,111014.0,7468.0,6.73,FY2023/24
Cairns and Hinterland,2023,Q3,Private Patient Fees,364589.0,372198.0,-7610.0,-2.04,FY2023/24
Cairns and Hinterland,2023,Q3,Pharmacy Retail,148622.0,149317.0,-696.0,-0.47,FY2023/24
Cairns and Hinterland,2023,Q3,Medical Imaging (Private),97958.0,101220.0,-3262.0,-3.22,FY2023/24
Cairns and Hinterland,2023,Q3,Accommodation Fees,41897.0,41409.0,487.0,1.18,FY2023/24
Cairns and Hinterland,2023,Q3,Equipment Hire,32121.0,30094.0,2027.0,6.74,FY2023/24
Cairns and Hinterland,2023,Q3,Research Grants,75710.0,73995.0,1715.0,2.32,FY2023/24
Cairns and Hinterland,2023,Q3,Other Commercial,20786.0,20362.0,425.0,2.09,FY2023/24
Cairns and Hinterland,2023,Q4,Car Parking,210253.0,209551.0,702.0,0.34,FY2023/24
Cairns and Hinterland,2023,Q4,Cafeteria & Food Services,113203.0,120882.0,-7678.0,-6.35,FY2023/24
Cairns and Hinterland,2023,Q4,Private Patient Fees,372978.0,373403.0,-425.0,-0.11,FY2023/24
Cairns and Hinterland,2023,Q4,Pharmacy Retail,125084.0,114356.0,10728.0,9.38,FY2023/24
Cairns and Hinterland,2023,Q4,Medical Imaging (Private),106690.0,108099.0,-1409.0,-1.3,FY2023/24
Cairns and Hinterland,2023,Q4,Accommodation Fees,50819.0,51407.0,-588.0,-1.14,FY2023/24
Cairns and Hinterland,2023,Q4,Equipment Hire,38800.0,35298.0,3502.0,9.92,FY2023/24
Cairns and Hinterland,2023,Q4,Research Grants,73670.0,66952.0,6718.0,10.03,FY2023/24
Cairns and Hinterland,2023,Q4,Other Commercial,21536.0,21714.0,-178.0,-0.82,FY2023/24
Cairns and Hinterland,2024,Q1,Car Parking,222801.0,202552.0,20249.0,10.0,FY2024/25
Cairns and Hinterland,2024,Q1,Cafeteria & Food Services,132401.0,141462.0,-9061.0,-6.4,FY2024/25
Cairns and Hinterland,2024,Q1,Private Patient Fees,398167.0,364497.0,33670.0,9.24,FY2024/25
Cairns and Hinterland,2024,Q1,Pharmacy Retail,132149.0,122290.0,9860.0,8.06,FY2024/25
Cairns and Hinterland,2024,Q1,Medical Imaging (Private),97908.0,98272.0,-363.0,-0.37,FY2024/25
Cairns and Hinterland,2024,Q1,Accommodation Fees,44922.0,43647.0,1275.0,2.92,FY2024/25
Cairns and Hinterland,2024,Q1,Equipment Hire,40095.0,41573.0,-1478.0,-3.56,FY2024/25
Cairns and Hinterland,2024,Q1,Research Grants,92741.0,86111.0,6630.0,7.7,FY2024/25
Cairns and Hinterland,2024,Q1,Other Commercial,23243.0,23498.0,-254.0,-1.08,FY2024/25
Cairns and Hinterland,2024,Q2,Car Parking,193412.0,174233.0,19179.0,11.01,FY2024/25
Cairns and Hinterland,2024,Q2,Cafeteria & Food Services,124492.0,128023.0,-3531.0,-2.76,FY2024/25
Cairns and Hinterland,2024,Q2,Private Patient Fees,409637.0,408789.0,848.0,0.21,FY2024/25
Cairns and Hinterland,2024,Q2,Pharmacy Retail,140607.0,127222.0,13386.0,10.52,FY2024/25
Cairns and Hinterland,2024,Q2,Medical Imaging (Private),103387.0,96710.0,6677.0,6.9,FY2024/25
Cairns and Hinterland,2024,Q2,Accommodation Fees,43229.0,47178.0,-3949.0,-8.37,FY2024/25
Cairns and Hinterland,2024,Q2,Equipment Hire,36736.0,38416.0,-1680.0,-4.37,FY2024/25
Cairns and Hinterland,2024,Q2,Research Grants,80010.0,78300.0,1710.0,2.18,FY2024/25
Cairns and Hinterland,2024,Q2,Other Commercial,22410.0,20603.0,1806.0,8.77,FY2024/25
Cairns and Hinterland,2024,Q3,Car Parking,198696.0,210519.0,-11823.0,-5.62,FY2024/25
Cairns and Hinterland,2024,Q3,Cafeteria & Food Services,124696.0,125867.0,-1170.0,-0.93,FY2024/25
Cairns and Hinterland,2024,Q3,Private Patient Fees,416097.0,451252.0,-35155.0,-7.79,FY2024/25
Cairns and Hinterland,2024,Q3,Pharmacy Retail,128803.0,123151.0,5652.0,4.59,FY2024/25
Cairns and Hinterland,2024,Q3,Medical Imaging (Private),103763.0,109624.0,-5861.0,-5.35,FY2024/25
Cairns and Hinterland,2024,Q3,Accommodation Fees,53495.0,50720.0,2775.0,5.47,FY2024/25
Cairns and Hinterland,2024,Q3,Equipment Hire,39103.0,41689.0,-2586.0,-6.2,FY2024/25
Cairns and Hinterland,2024,Q3,Research Grants,78188.0,76613.0,1574.0,2.05,FY2024/25
Cairns and Hinterland,2024,Q3,Other Commercial,23401.0,25640.0,-2238.0,-8.73,FY2024/25
Cairns and Hinterland,2024,Q4,Car Parking,198793.0,210687.0,-11894.0,-5.65,FY2024/25
Cairns and Hinterland,2024,Q4,Cafeteria & Food Services,114841.0,120143.0,-5303.0,-4.41,FY2024/25
Cairns and Hinterland,2024,Q4,Private Patient Fees,410564.0,416998.0,-6434.0,-1.54,FY2024/25
Cairns and Hinterland,2024,Q4,Pharmacy Retail,154977.0,164404.0,-9428.0,-5.73,FY2024/25
Cairns and Hinterland,2024,Q4,Medical Imaging (Private),117106.0,106792.0,10314.0,9.66,FY2024/25
Cairns and Hinterland,2024,Q4,Accommodation Fees,50045.0,46442.0,3603.0,7.76,FY2024/25
Cairns and Hinterland,2024,Q4,Equipment Hire,35155.0,35497.0,-342.0,-0.96,FY2024/25
Cairns and Hinterland,2024,Q4,Research Grants,81766.0,82086.0,-321.0,-0.39,FY2024/25
Cairns and Hinterland,2024,Q4,Other Commercial,26770.0,24817.0,1953.0,7.87,FY2024/25
Townsville,2019,Q1,Car Parking,217592.0,213067.0,4526.0,2.12,FY2019/20
Townsville,2019,Q1,Cafeteria & Food Services,105783.0,98563.0,7220.0,7.33,FY2019/20
Townsville,2019,Q1,Private Patient Fees,449777.0,483924.0,-34147.0,-7.06,FY2019/20
Townsville,2019,Q1,Pharmacy Retail,152798.0,167820.0,-15021.0,-8.95,FY2019/20
Townsville,2019,Q1,Medical Imaging (Private),97092.0,94284.0,2807.0,2.98,FY2019/20
Townsville,2019,Q1,Accommodation Fees,48284.0,48128.0,156.0,0.33,FY2019/20
Townsville,2019,Q1,Equipment Hire,34118.0,33148.0,970.0,2.93,FY2019/20
Townsville,2019,Q1,Research Grants,83028.0,84283.0,-1255.0,-1.49,FY2019/20
Townsville,2019,Q1,Other Commercial,21315.0,21195.0,120.0,0.57,FY2019/20
Townsville,2019,Q2,Car Parking,211480.0,214452.0,-2973.0,-1.39,FY2019/20
Townsville,2019,Q2,Cafeteria & Food Services,107929.0,113159.0,-5230.0,-4.62,FY2019/20
Townsville,2019,Q2,Private Patient Fees,359735.0,349291.0,10444.0,2.99,FY2019/20
Townsville,2019,Q2,Pharmacy Retail,148561.0,150460.0,-1898.0,-1.26,FY2019/20
Townsville,2019,Q2,Medical Imaging (Private),98416.0,102253.0,-3837.0,-3.75,FY2019/20
Townsville,2019,Q2,Accommodation Fees,47150.0,49944.0,-2794.0,-5.59,FY2019/20
Townsville,2019,Q2,Equipment Hire,36763.0,37573.0,-810.0,-2.15,FY2019/20
Townsville,2019,Q2,Research Grants,80970.0,75029.0,5940.0,7.92,FY2019/20
Townsville,2019,Q2,Other Commercial,21871.0,21517.0,354.0,1.64,FY2019/20
Townsville,2019,Q3,Car Parking,213776.0,214362.0,-586.0,-0.27,FY2019/20
Townsville,2019,Q3,Cafeteria & Food Services,110103.0,99235.0,10868.0,10.95,FY2019/20
Townsville,2019,Q3,Private Patient Fees,405634.0,388242.0,17391.0,4.48,FY2019/20
Townsville,2019,Q3,Pharmacy Retail,147038.0,133038.0,14000.0,10.52,FY2019/20
Townsville,2019,Q3,Medical Imaging (Private),106525.0,115931.0,-9406.0,-8.11,FY2019/20
Townsville,2019,Q3,Accommodation Fees,42774.0,42532.0,243.0,0.57,FY2019/20
Townsville,2019,Q3,Equipment Hire,31388.0,32177.0,-789.0,-2.45,FY2019/20
Townsville,2019,Q3,Research Grants,82185.0,80662.0,1523.0,1.89,FY2019/20
Townsville,2019,Q3,Other Commercial,23319.0,25169.0,-1850.0,-7.35,FY2019/20
Townsville,2019,Q4,Car Parking,193581.0,175096.0,18484.0,10.56,FY2019/20
Townsville,2019,Q4,Cafeteria & Food Services,126069.0,128013.0,-1944.0,-1.52,FY2019/20
Townsville,2019,Q4,Private Patient Fees,444066.0,452676.0,-8610.0,-1.9,FY2019/20
Townsville,2019,Q4,Pharmacy Retail,149562.0,147458.0,2104.0,1.43,FY2019/20
Townsville,2019,Q4,Medical Imaging (Private),110660.0,119802.0,-9141.0,-7.63,FY2019/20
Townsville,2019,Q4,Accommodation Fees,47203.0,44190.0,3014.0,6.82,FY2019/20
Townsville,2019,Q4,Equipment Hire,32869.0,30888.0,1981.0,6.41,FY2019/20
Townsville,2019,Q4,Research Grants,76267.0,73314.0,2953.0,4.03,FY2019/20
Townsville,2019,Q4,Other Commercial,23507.0,23921.0,-414.0,-1.73,FY2019/20
Townsville,2020,Q1,Car Parking,158453.0,162110.0,-3658.0,-2.26,FY2020/21
Townsville,2020,Q1,Cafeteria & Food Services,80611.0,73965.0,6646.0,8.98,FY2020/21
Townsville,2020,Q1,Private Patient Fees,288933.0,289977.0,-1045.0,-0.36,FY2020/21
Townsville,2020,Q1,Pharmacy Retail,100151.0,95810.0,4341.0,4.53,FY2020/21
Townsville,2020,Q1,Medical Imaging (Private),78719.0,83629.0,-4910.0,-5.87,FY2020/21
Townsville,2020,Q1,Accommodation Fees,31662.0,32608.0,-946.0,-2.9,FY2020/21
Townsville,2020,Q1,Equipment Hire,27973.0,29643.0,-1671.0,-5.64,FY2020/21
Townsville,2020,Q1,Research Grants,69242.0,62597.0,6645.0,10.62,FY2020/21
Townsville,2020,Q1,Other Commercial,16433.0,17702.0,-1269.0,-7.17,FY2020/21
Townsville,2020,Q2,Car Parking,159692.0,161755.0,-2063.0,-1.28,FY2020/21
Townsville,2020,Q2,Cafeteria & Food Services,93116.0,96451.0,-3335.0,-3.46,FY2020/21
Townsville,2020,Q2,Private Patient Fees,346133.0,380535.0,-34402.0,-9.04,FY2020/21
Townsville,2020,Q2,Pharmacy Retail,113214.0,108396.0,4818.0,4.44,FY2020/21
Townsville,2020,Q2,Medical Imaging (Private),87999.0,80066.0,7934.0,9.91,FY2020/21
Townsville,2020,Q2,Accommodation Fees,33531.0,36196.0,-2665.0,-7.36,FY2020/21
Townsville,2020,Q2,Equipment Hire,25310.0,23896.0,1414.0,5.92,FY2020/21
Townsville,2020,Q2,Research Grants,57279.0,61393.0,-4114.0,-6.7,FY2020/21
Townsville,2020,Q2,Other Commercial,17922.0,18549.0,-627.0,-3.38,FY2020/21
Townsville,2020,Q3,Car Parking,151197.0,159000.0,-7803.0,-4.91,FY2020/21
Townsville,2020,Q3,Cafeteria & Food Services,95202.0,91634.0,3568.0,3.89,FY2020/21
Townsville,2020,Q3,Private Patient Fees,306912.0,289092.0,17820.0,6.16,FY2020/21
Townsville,2020,Q3,Pharmacy Retail,119831.0,123320.0,-3490.0,-2.83,FY2020/21
Townsville,2020,Q3,Medical Imaging (Private),89060.0,85558.0,3502.0,4.09,FY2020/21
Townsville,2020,Q3,Accommodation Fees,38269.0,40304.0,-2035.0,-5.05,FY2020/21
Townsville,2020,Q3,Equipment Hire,28120.0,30738.0,-2619.0,-8.52,FY2020/21
Townsville,2020,Q3,Research Grants,61125.0,56610.0,4514.0,7.97,FY2020/21
Townsville,2020,Q3,Other Commercial,18661.0,19516.0,-856.0,-4.39,FY2020/21
Townsville,2020,Q4,Car Parking,164204.0,154575.0,9628.0,6.23,FY2020/21
Townsville,2020,Q4,Cafeteria & Food Services,89706.0,86336.0,3370.0,3.9,FY2020/21
Townsville,2020,Q4,Private Patient Fees,308175.0,317126.0,-8951.0,-2.82,FY2020/21
Townsville,2020,Q4,Pharmacy Retail,113860.0,107763.0,6098.0,5.66,FY2020/21
Townsville,2020,Q4,Medical Imaging (Private),78817.0,75178.0,3639.0,4.84,FY2020/21
Townsville,2020,Q4,Accommodation Fees,33251.0,35136.0,-1885.0,-5.36,FY2020/21
Townsville,2020,Q4,Equipment Hire,29523.0,28757.0,766.0,2.66,FY2020/21
Townsville,2020,Q4,Research Grants,66510.0,71791.0,-5281.0,-7.36,FY2020/21
Townsville,2020,Q4,Other Commercial,19411.0,18179.0,1231.0,6.77,FY2020/21
Townsville,2021,Q1,Car Parking,216098.0,210768.0,5330.0,2.53,FY2021/22
Townsville,2021,Q1,Cafeteria & Food Services,104030.0,94926.0,9104.0,9.59,FY2021/22
Townsville,2021,Q1,Private Patient Fees,377460.0,347944.0,29516.0,8.48,FY2021/22
Townsville,2021,Q1,Pharmacy Retail,122010.0,117543.0,4467.0,3.8,FY2021/22
Townsville,2021,Q1,Medical Imaging (Private),104602.0,112458.0,-7855.0,-6.99,FY2021/22
Townsville,2021,Q1,Accommodation Fees,41230.0,44188.0,-2958.0,-6.69,FY2021/22
Townsville,2021,Q1,Equipment Hire,35245.0,37110.0,-1865.0,-5.03,FY2021/22
Townsville,2021,Q1,Research Grants,69321.0,71960.0,-2639.0,-3.67,FY2021/22
Townsville,2021,Q1,Other Commercial,23952.0,24827.0,-874.0,-3.52,FY2021/22
Townsville,2021,Q2,Car Parking,186898.0,186919.0,-22.0,-0.01,FY2021/22
Townsville,2021,Q2,Cafeteria & Food Services,111989.0,112226.0,-237.0,-0.21,FY2021/22
Townsville,2021,Q2,Private Patient Fees,344174.0,331237.0,12937.0,3.91,FY2021/22
Townsville,2021,Q2,Pharmacy Retail,139269.0,149336.0,-10067.0,-6.74,FY2021/22
Townsville,2021,Q2,Medical Imaging (Private),88907.0,96951.0,-8044.0,-8.3,FY2021/22
Townsville,2021,Q2,Accommodation Fees,41504.0,42851.0,-1347.0,-3.14,FY2021/22
Townsville,2021,Q2,Equipment Hire,34423.0,36571.0,-2148.0,-5.87,FY2021/22
Townsville,2021,Q2,Research Grants,83846.0,80709.0,3137.0,3.89,FY2021/22
Townsville,2021,Q2,Other Commercial,23503.0,21772.0,1731.0,7.95,FY2021/22
Townsville,2021,Q3,Car Parking,204353.0,214243.0,-9890.0,-4.62,FY2021/22
Townsville,2021,Q3,Cafeteria & Food Services,112820.0,107231.0,5589.0,5.21,FY2021/22
Townsville,2021,Q3,Private Patient Fees,412623.0,385296.0,27327.0,7.09,FY2021/22
Townsville,2021,Q3,Pharmacy Retail,115936.0,120978.0,-5042.0,-4.17,FY2021/22
Townsville,2021,Q3,Medical Imaging (Private),96811.0,103570.0,-6759.0,-6.53,FY2021/22
Townsville,2021,Q3,Accommodation Fees,42071.0,39280.0,2791.0,7.11,FY2021/22
Townsville,2021,Q3,Equipment Hire,35083.0,35426.0,-343.0,-0.97,FY2021/22
Townsville,2021,Q3,Research Grants,70093.0,73183.0,-3089.0,-4.22,FY2021/22
Townsville,2021,Q3,Other Commercial,21699.0,22151.0,-453.0,-2.04,FY2021/22
Townsville,2021,Q4,Car Parking,192941.0,205625.0,-12684.0,-6.17,FY2021/22
Townsville,2021,Q4,Cafeteria & Food Services,116763.0,121653.0,-4890.0,-4.02,FY2021/22
Townsville,2021,Q4,Private Patient Fees,342851.0,366086.0,-23235.0,-6.35,FY2021/22
Townsville,2021,Q4,Pharmacy Retail,135175.0,140502.0,-5327.0,-3.79,FY2021/22
Townsville,2021,Q4,Medical Imaging (Private),94182.0,101326.0,-7144.0,-7.05,FY2021/22
Townsville,2021,Q4,Accommodation Fees,45623.0,42088.0,3535.0,8.4,FY2021/22
Townsville,2021,Q4,Equipment Hire,31743.0,34196.0,-2453.0,-7.17,FY2021/22
Townsville,2021,Q4,Research Grants,67512.0,73742.0,-6230.0,-8.45,FY2021/22
Townsville,2021,Q4,Other Commercial,22571.0,23165.0,-593.0,-2.56,FY2021/22
Townsville,2022,Q1,Car Parking,215059.0,204255.0,10805.0,5.29,FY2022/23
Townsville,2022,Q1,Cafeteria & Food Services,139855.0,134212.0,5643.0,4.2,FY2022/23
Townsville,2022,Q1,Private Patient Fees,471801.0,461716.0,10085.0,2.18,FY2022/23
Townsville,2022,Q1,Pharmacy Retail,138592.0,125029.0,13562.0,10.85,FY2022/23
Townsville,2022,Q1,Medical Imaging (Private),115005.0,125948.0,-10943.0,-8.69,FY2022/23
Townsville,2022,Q1,Accommodation Fees,48988.0,47588.0,1399.0,2.94,FY2022/23
Townsville,2022,Q1,Equipment Hire,36513.0,36663.0,-150.0,-0.41,FY2022/23
Townsville,2022,Q1,Research Grants,87248.0,93877.0,-6629.0,-7.06,FY2022/23
Townsville,2022,Q1,Other Commercial,25322.0,25361.0,-39.0,-0.15,FY2022/23
Townsville,2022,Q2,Car Parking,207839.0,227906.0,-20066.0,-8.8,FY2022/23
Townsville,2022,Q2,Cafeteria & Food Services,118853.0,108711.0,10141.0,9.33,FY2022/23
Townsville,2022,Q2,Private Patient Fees,459868.0,468639.0,-8771.0,-1.87,FY2022/23
Townsville,2022,Q2,Pharmacy Retail,148638.0,146325.0,2313.0,1.58,FY2022/23
Townsville,2022,Q2,Medical Imaging (Private),121581.0,114182.0,7399.0,6.48,FY2022/23
Townsville,2022,Q2,Accommodation Fees,54463.0,56084.0,-1620.0,-2.89,FY2022/23
Townsville,2022,Q2,Equipment Hire,37194.0,36882.0,312.0,0.85,FY2022/23
Townsville,2022,Q2,Research Grants,83339.0,87541.0,-4202.0,-4.8,FY2022/23
Townsville,2022,Q2,Other Commercial,25366.0,24457.0,909.0,3.72,FY2022/23
Townsville,2022,Q3,Car Parking,232838.0,255924.0,-23085.0,-9.02,FY2022/23
Townsville,2022,Q3,Cafeteria & Food Services,124475.0,134949.0,-10473.0,-7.76,FY2022/23
Townsville,2022,Q3,Private Patient Fees,426079.0,388135.0,37944.0,9.78,FY2022/23
Townsville,2022,Q3,Pharmacy Retail,140958.0,138666.0,2292.0,1.65,FY2022/23
Townsville,2022,Q3,Medical Imaging (Private),106139.0,95530.0,10609.0,11.11,FY2022/23
Townsville,2022,Q3,Accommodation Fees,55613.0,59438.0,-3825.0,-6.44,FY2022/23
Townsville,2022,Q3,Equipment Hire,40138.0,37471.0,2667.0,7.12,FY2022/23
Townsville,2022,Q3,Research Grants,80444.0,73487.0,6957.0,9.47,FY2022/23
Townsville,2022,Q3,Other Commercial,26648.0,28933.0,-2285.0,-7.9,FY2022/23
Townsville,2022,Q4,Car Parking,223798.0,206751.0,17047.0,8.25,FY2022/23
Townsville,2022,Q4,Cafeteria & Food Services,126816.0,122982.0,3834.0,3.12,FY2022/23
Townsville,2022,Q4,Private Patient Fees,429245.0,439661.0,-10416.0,-2.37,FY2022/23
Townsville,2022,Q4,Pharmacy Retail,159693.0,147256.0,12437.0,8.45,FY2022/23
Townsville,2022,Q4,Medical Imaging (Private),101112.0,111109.0,-9997.0,-9.0,FY2022/23
Townsville,2022,Q4,Accommodation Fees,47332.0,43108.0,4224.0,9.8,FY2022/23
Townsville,2022,Q4,Equipment Hire,35109.0,31871.0,3237.0,10.16,FY2022/23
Townsville,2022,Q4,Research Grants,86210.0,91424.0,-5214.0,-5.7,FY2022/23
Townsville,2022,Q4,Other Commercial,24324.0,24053.0,272.0,1.13,FY2022/23
Townsville,2023,Q1,Car Parking,243711.0,244144.0,-434.0,-0.18,FY2023/24
Townsville,2023,Q1,Cafeteria & Food Services,141190.0,151526.0,-10336.0,-6.82,FY2023/24
Townsville,2023,Q1,Private Patient Fees,401235.0,423548.0,-22312.0,-5.27,FY2023/24
Townsville,2023,Q1,Pharmacy Retail,154435.0,169534.0,-15099.0,-8.91,FY2023/24
Townsville,2023,Q1,Medical Imaging (Private),116457.0,127798.0,-11341.0,-8.87,FY2023/24
Townsville,2023,Q1,Accommodation Fees,55143.0,52371.0,2773.0,5.29,FY2023/24
Townsville,2023,Q1,Equipment Hire,39335.0,43207.0,-3872.0,-8.96,FY2023/24
Townsville,2023,Q1,Research Grants,98748.0,90796.0,7952.0,8.76,FY2023/24
Townsville,2023,Q1,Other Commercial,27271.0,26429.0,842.0,3.19,FY2023/24
Townsville,2023,Q2,Car Parking,206185.0,202205.0,3980.0,1.97,FY2023/24
Townsville,2023,Q2,Cafeteria & Food Services,121649.0,129407.0,-7758.0,-6.0,FY2023/24
Townsville,2023,Q2,Private Patient Fees,436967.0,465591.0,-28623.0,-6.15,FY2023/24
Townsville,2023,Q2,Pharmacy Retail,137218.0,131944.0,5274.0,4.0,FY2023/24
Townsville,2023,Q2,Medical Imaging (Private),109664.0,103821.0,5844.0,5.63,FY2023/24
Townsville,2023,Q2,Accommodation Fees,46582.0,43667.0,2915.0,6.68,FY2023/24
Townsville,2023,Q2,Equipment Hire,39496.0,37848.0,1648.0,4.35,FY2023/24
Townsville,2023,Q2,Research Grants,89141.0,86946.0,2195.0,2.52,FY2023/24
Townsville,2023,Q2,Other Commercial,28328.0,30624.0,-2296.0,-7.5,FY2023/24
Townsville,2023,Q3,Car Parking,233461.0,225530.0,7930.0,3.52,FY2023/24
Townsville,2023,Q3,Cafeteria & Food Services,117660.0,128329.0,-10669.0,-8.31,FY2023/24
Townsville,2023,Q3,Private Patient Fees,406726.0,390266.0,16460.0,4.22,FY2023/24
Townsville,2023,Q3,Pharmacy Retail,148348.0,143020.0,5329.0,3.73,FY2023/24
Townsville,2023,Q3,Medical Imaging (Private),107507.0,113595.0,-6088.0,-5.36,FY2023/24
Townsville,2023,Q3,Accommodation Fees,47260.0,48535.0,-1275.0,-2.63,FY2023/24
Townsville,2023,Q3,Equipment Hire,35457.0,32412.0,3046.0,9.4,FY2023/24
Townsville,2023,Q3,Research Grants,99880.0,93690.0,6190.0,6.61,FY2023/24
Townsville,2023,Q3,Other Commercial,27987.0,28237.0,-250.0,-0.88,FY2023/24
Townsville,2023,Q4,Car Parking,210163.0,229307.0,-19144.0,-8.35,FY2023/24
Townsville,2023,Q4,Cafeteria & Food Services,122030.0,130808.0,-8778.0,-6.71,FY2023/24
Townsville,2023,Q4,Private Patient Fees,418576.0,448207.0,-29630.0,-6.61,FY2023/24
Townsville,2023,Q4,Pharmacy Retail,137691.0,138015.0,-324.0,-0.24,FY2023/24
Townsville,2023,Q4,Medical Imaging (Private),124489.0,135315.0,-10825.0,-8.0,FY2023/24
Townsville,2023,Q4,Accommodation Fees,57072.0,60720.0,-3648.0,-6.01,FY2023/24
Townsville,2023,Q4,Equipment Hire,42607.0,40044.0,2563.0,6.4,FY2023/24
Townsville,2023,Q4,Research Grants,86233.0,82594.0,3640.0,4.41,FY2023/24
Townsville,2023,Q4,Other Commercial,25217.0,24679.0,538.0,2.18,FY2023/24
Townsville,2024,Q1,Car Parking,242688.0,226179.0,16509.0,7.3,FY2024/25
Townsville,2024,Q1,Cafeteria & Food Services,139523.0,130247.0,9276.0,7.12,FY2024/25
Townsville,2024,Q1,Private Patient Fees,445644.0,445942.0,-298.0,-0.07,FY2024/25
Townsville,2024,Q1,Pharmacy Retail,171469.0,179681.0,-8212.0,-4.57,FY2024/25
Townsville,2024,Q1,Medical Imaging (Private),124253.0,115699.0,8554.0,7.39,FY2024/25
Townsville,2024,Q1,Accommodation Fees,53962.0,49510.0,4452.0,8.99,FY2024/25
Townsville,2024,Q1,Equipment Hire,38842.0,38170.0,672.0,1.76,FY2024/25
Townsville,2024,Q1,Research Grants,83067.0,79312.0,3755.0,4.73,FY2024/25
Townsville,2024,Q1,Other Commercial,29598.0,32283.0,-2685.0,-8.32,FY2024/25
Townsville,2024,Q2,Car Parking,231610.0,210445.0,21164.0,10.06,FY2024/25
Townsville,2024,Q2,Cafeteria & Food Services,123126.0,120472.0,2654.0,2.2,FY2024/25
Townsville,2024,Q2,Private Patient Fees,517076.0,479971.0,37105.0,7.73,FY2024/25
Townsville,2024,Q2,Pharmacy Retail,170204.0,156883.0,13321.0,8.49,FY2024/25
Townsville,2024,Q2,Medical Imaging (Private),133927.0,130756.0,3171.0,2.43,FY2024/25
Townsville,2024,Q2,Accommodation Fees,56885.0,55094.0,1791.0,3.25,FY2024/25
Townsville,2024,Q2,Equipment Hire,41246.0,38706.0,2541.0,6.56,FY2024/25
Townsville,2024,Q2,Research Grants,85447.0,92933.0,-7486.0,-8.06,FY2024/25
Townsville,2024,Q2,Other Commercial,29354.0,31629.0,-2275.0,-7.19,FY2024/25
Townsville,2024,Q3,Car Parking,247349.0,262599.0,-15250.0,-5.81,FY2024/25
Townsville,2024,Q3,Cafeteria & Food Services,119602.0,115650.0,3952.0,3.42,FY2024/25
Townsville,2024,Q3,Private Patient Fees,446024.0,458125.0,-12100.0,-2.64,FY2024/25
Townsville,2024,Q3,Pharmacy Retail,154546.0,143682.0,10864.0,7.56,FY2024/25
Townsville,2024,Q3,Medical Imaging (Private),122840.0,130563.0,-7724.0,-5.92,FY2024/25
Townsville,2024,Q3,Accommodation Fees,51850.0,48037.0,3813.0,7.94,FY2024/25
Townsville,2024,Q3,Equipment Hire,37107.0,35159.0,1948.0,5.54,FY2024/25
Townsville,2024,Q3,Research Grants,88895.0,91434.0,-2539.0,-2.78,FY2024/25
Townsville,2024,Q3,Other Commercial,27326.0,28398.0,-1072.0,-3.77,FY2024/25
Townsville,2024,Q4,Car Parking,232196.0,247242.0,-15046.0,-6.09,FY2024/25
Townsville,2024,Q4,Cafeteria & Food Services,123926.0,123159.0,767.0,0.62,FY2024/25
Townsville,2024,Q4,Private Patient Fees,500622.0,468598.0,32024.0,6.83,FY2024/25
Townsville,2024,Q4,Pharmacy Retail,145091.0,156225.0,-11134.0,-7.13,FY2024/25
Townsville,2024,Q4,Medical Imaging (Private),115534.0,119783.0,-4249.0,-3.55,FY2024/25
Townsville,2024,Q4,Accommodation Fees,47281.0,49079.0,-1797.0,-3.66,FY2024/25
Townsville,2024,Q4,Equipment Hire,38254.0,34855.0,3399.0,9.75,FY2024/25
Townsville,2024,Q4,Research Grants,95841.0,90873.0,4968.0,5.47,FY2024/25
Townsville,2024,Q4,Other Commercial,25955.0,23778.0,2177.0,9.16,FY2024/25
Mackay,2019,Q1,Car Parking,105445.0,101184.0,4260.0,4.21,FY2019/20
Mackay,2019,Q1,Cafeteria & Food Services,57699.0,62440.0,-4741.0,-7.59,FY2019/20
Mackay,2019,Q1,Private Patient Fees,197445.0,196808.0,637.0,0.32,FY2019/20
Mackay,2019,Q1,Pharmacy Retail,69856.0,67169.0,2687.0,4.0,FY2019/20
Mackay,2019,Q1,Medical Imaging (Private),63490.0,59194.0,4296.0,7.26,FY2019/20
Mackay,2019,Q1,Accommodation Fees,28462.0,26787.0,1675.0,6.25,FY2019/20
Mackay,2019,Q1,Equipment Hire,20313.0,20503.0,-190.0,-0.92,FY2019/20
Mackay,2019,Q1,Research Grants,48934.0,49462.0,-528.0,-1.07,FY2019/20
Mackay,2019,Q1,Other Commercial,12906.0,12120.0,786.0,6.49,FY2019/20
Mackay,2019,Q2,Car Parking,105972.0,114799.0,-8827.0,-7.69,FY2019/20
Mackay,2019,Q2,Cafeteria & Food Services,61356.0,59786.0,1570.0,2.63,FY2019/20
Mackay,2019,Q2,Private Patient Fees,237968.0,230297.0,7671.0,3.33,FY2019/20
Mackay,2019,Q2,Pharmacy Retail,85132.0,89183.0,-4051.0,-4.54,FY2019/20
Mackay,2019,Q2,Medical Imaging (Private),58947.0,63437.0,-4491.0,-7.08,FY2019/20
Mackay,2019,Q2,Accommodation Fees,22833.0,21723.0,1109.0,5.11,FY2019/20
Mackay,2019,Q2,Equipment Hire,19039.0,17999.0,1040.0,5.78,FY2019/20
Mackay,2019,Q2,Research Grants,47422.0,51398.0,-3976.0,-7.74,FY2019/20
Mackay,2019,Q2,Other Commercial,12566.0,12169.0,397.0,3.26,FY2019/20
Mackay,2019,Q3,Car Parking,127961.0,126550.0,1411.0,1.12,FY2019/20
Mackay,2019,Q3,Cafeteria & Food Services,63832.0,61938.0,1894.0,3.06,FY2019/20
Mackay,2019,Q3,Private Patient Fees,246017.0,249410.0,-3393.0,-1.36,FY2019/20
Mackay,2019,Q3,Pharmacy Retail,81632.0,86723.0,-5091.0,-5.87,FY2019/20
Mackay,2019,Q3,Medical Imaging (Private),55414.0,54679.0,735.0,1.34,FY2019/20
Mackay,2019,Q3,Accommodation Fees,27741.0,26982.0,759.0,2.81,FY2019/20
Mackay,2019,Q3,Equipment Hire,20554.0,22367.0,-1813.0,-8.1,FY2019/20
Mackay,2019,Q3,Research Grants,46125.0,48354.0,-2229.0,-4.61,FY2019/20
Mackay,2019,Q3,Other Commercial,13737.0,14685.0,-948.0,-6.46,FY2019/20
Mackay,2019,Q4,Car Parking,112298.0,102220.0,10078.0,9.86,FY2019/20
Mackay,2019,Q4,Cafeteria & Food Services,62493.0,64665.0,-2172.0,-3.36,FY2019/20
Mackay,2019,Q4,Private Patient Fees,221331.0,232351.0,-11021.0,-4.74,FY2019/20
Mackay,2019,Q4,Pharmacy Retail,74164.0,76163.0,-1999.0,-2.62,FY2019/20
Mackay,2019,Q4,Medical Imaging (Private),53265.0,55922.0,-2657.0,-4.75,FY2019/20
Mackay,2019,Q4,Accommodation Fees,25881.0,24349.0,1532.0,6.29,FY2019/20
Mackay,2019,Q4,Equipment Hire,18241.0,19148.0,-907.0,-4.74,FY2019/20
Mackay,2019,Q4,Research Grants,44613.0,42079.0,2534.0,6.02,FY2019/20
Mackay,2019,Q4,Other Commercial,14235.0,14848.0,-612.0,-4.13,FY2019/20
Mackay,2020,Q1,Car Parking,98756.0,97316.0,1440.0,1.48,FY2020/21
Mackay,2020,Q1,Cafeteria & Food Services,49145.0,53056.0,-3911.0,-7.37,FY2020/21
Mackay,2020,Q1,Private Patient Fees,174080.0,181297.0,-7217.0,-3.98,FY2020/21
Mackay,2020,Q1,Pharmacy Retail,55799.0,55205.0,595.0,1.08,FY2020/21
Mackay,2020,Q1,Medical Imaging (Private),40475.0,38095.0,2380.0,6.25,FY2020/21
Mackay,2020,Q1,Accommodation Fees,17407.0,15803.0,1604.0,10.15,FY2020/21
Mackay,2020,Q1,Equipment Hire,16531.0,15679.0,852.0,5.43,FY2020/21
Mackay,2020,Q1,Research Grants,35964.0,38404.0,-2439.0,-6.35,FY2020/21
Mackay,2020,Q1,Other Commercial,10008.0,9314.0,694.0,7.45,FY2020/21
Mackay,2020,Q2,Car Parking,93864.0,95746.0,-1882.0,-1.97,FY2020/21
Mackay,2020,Q2,Cafeteria & Food Services,52184.0,54999.0,-2815.0,-5.12,FY2020/21
Mackay,2020,Q2,Private Patient Fees,192784.0,195620.0,-2836.0,-1.45,FY2020/21
Mackay,2020,Q2,Pharmacy Retail,57073.0,58768.0,-1695.0,-2.88,FY2020/21
Mackay,2020,Q2,Medical Imaging (Private),39887.0,43058.0,-3170.0,-7.36,FY2020/21
Mackay,2020,Q2,Accommodation Fees,17969.0,17351.0,619.0,3.57,FY2020/21
Mackay,2020,Q2,Equipment Hire,15956.0,16266.0,-311.0,-1.91,FY2020/21
Mackay,2020,Q2,Research Grants,33725.0,33545.0,179.0,0.53,FY2020/21
Mackay,2020,Q2,Other Commercial,10729.0,10386.0,343.0,3.31,FY2020/21
Mackay,2020,Q3,Car Parking,96887.0,88906.0,7981.0,8.98,FY2020/21
Mackay,2020,Q3,Cafeteria & Food Services,52724.0,56389.0,-3665.0,-6.5,FY2020/21
Mackay,2020,Q3,Private Patient Fees,159826.0,157600.0,2226.0,1.41,FY2020/21
Mackay,2020,Q3,Pharmacy Retail,54565.0,56820.0,-2255.0,-3.97,FY2020/21
Mackay,2020,Q3,Medical Imaging (Private),44873.0,46088.0,-1214.0,-2.64,FY2020/21
Mackay,2020,Q3,Accommodation Fees,18335.0,17278.0,1057.0,6.12,FY2020/21
Mackay,2020,Q3,Equipment Hire,13200.0,12730.0,470.0,3.69,FY2020/21
Mackay,2020,Q3,Research Grants,35104.0,37617.0,-2513.0,-6.68,FY2020/21
Mackay,2020,Q3,Other Commercial,10284.0,10151.0,133.0,1.31,FY2020/21
Mackay,2020,Q4,Car Parking,98670.0,102996.0,-4327.0,-4.2,FY2020/21
Mackay,2020,Q4,Cafeteria & Food Services,54544.0,54845.0,-301.0,-0.55,FY2020/21
Mackay,2020,Q4,Private Patient Fees,163027.0,148447.0,14580.0,9.82,FY2020/21
Mackay,2020,Q4,Pharmacy Retail,62547.0,57810.0,4737.0,8.19,FY2020/21
Mackay,2020,Q4,Medical Imaging (Private),42390.0,42665.0,-275.0,-0.65,FY2020/21
Mackay,2020,Q4,Accommodation Fees,20082.0,20486.0,-404.0,-1.97,FY2020/21
Mackay,2020,Q4,Equipment Hire,13644.0,13316.0,328.0,2.46,FY2020/21
Mackay,2020,Q4,Research Grants,35581.0,38925.0,-3343.0,-8.59,FY2020/21
Mackay,2020,Q4,Other Commercial,10428.0,11310.0,-881.0,-7.79,FY2020/21
Mackay,2021,Q1,Car Parking,114221.0,116316.0,-2095.0,-1.8,FY2021/22
Mackay,2021,Q1,Cafeteria & Food Services,55287.0,57130.0,-1843.0,-3.23,FY2021/22
Mackay,2021,Q1,Private Patient Fees,215134.0,219543.0,-4409.0,-2.01,FY2021/22
Mackay,2021,Q1,Pharmacy Retail,71463.0,71873.0,-410.0,-0.57,FY2021/22
Mackay,2021,Q1,Medical Imaging (Private),51594.0,51794.0,-199.0,-0.38,FY2021/22
Mackay,2021,Q1,Accommodation Fees,22146.0,23498.0,-1352.0,-5.75,FY2021/22
Mackay,2021,Q1,Equipment Hire,16559.0,15185.0,1375.0,9.05,FY2021/22
Mackay,2021,Q1,Research Grants,41150.0,42453.0,-1303.0,-3.07,FY2021/22
Mackay,2021,Q1,Other Commercial,11761.0,11236.0,525.0,4.67,FY2021/22
Mackay,2021,Q2,Car Parking,108959.0,105625.0,3334.0,3.16,FY2021/22
Mackay,2021,Q2,Cafeteria & Food Services,65901.0,71472.0,-5571.0,-7.79,FY2021/22
Mackay,2021,Q2,Private Patient Fees,209066.0,201869.0,7197.0,3.57,FY2021/22
Mackay,2021,Q2,Pharmacy Retail,75716.0,68700.0,7016.0,10.21,FY2021/22
Mackay,2021,Q2,Medical Imaging (Private),53404.0,51656.0,1748.0,3.38,FY2021/22
Mackay,2021,Q2,Accommodation Fees,26290.0,23724.0,2566.0,10.82,FY2021/22
Mackay,2021,Q2,Equipment Hire,18137.0,19010.0,-873.0,-4.59,FY2021/22
Mackay,2021,Q2,Research Grants,41639.0,38186.0,3453.0,9.04,FY2021/22
Mackay,2021,Q2,Other Commercial,13294.0,13342.0,-48.0,-0.36,FY2021/22
Mackay,2021,Q3,Car Parking,110403.0,104588.0,5816.0,5.56,FY2021/22
Mackay,2021,Q3,Cafeteria & Food Services,59463.0,58620.0,843.0,1.44,FY2021/22
Mackay,2021,Q3,Private Patient Fees,187629.0,172850.0,14779.0,8.55,FY2021/22
Mackay,2021,Q3,Pharmacy Retail,77441.0,73412.0,4030.0,5.49,FY2021/22
Mackay,2021,Q3,Medical Imaging (Private),49796.0,49845.0,-49.0,-0.1,FY2021/22
Mackay,2021,Q3,Accommodation Fees,25420.0,23193.0,2227.0,9.6,FY2021/22
Mackay,2021,Q3,Equipment Hire,18240.0,16851.0,1389.0,8.24,FY2021/22
Mackay,2021,Q3,Research Grants,37140.0,33818.0,3322.0,9.82,FY2021/22
Mackay,2021,Q3,Other Commercial,12897.0,11912.0,985.0,8.27,FY2021/22
Mackay,2021,Q4,Car Parking,95728.0,94539.0,1189.0,1.26,FY2021/22
Mackay,2021,Q4,Cafeteria & Food Services,64628.0,61557.0,3071.0,4.99,FY2021/22
Mackay,2021,Q4,Private Patient Fees,205021.0,186156.0,18865.0,10.13,FY2021/22
Mackay,2021,Q4,Pharmacy Retail,70764.0,71862.0,-1098.0,-1.53,FY2021/22
Mackay,2021,Q4,Medical Imaging (Private),54644.0,52812.0,1831.0,3.47,FY2021/22
Mackay,2021,Q4,Accommodation Fees,22822.0,21027.0,1796.0,8.54,FY2021/22
Mackay,2021,Q4,Equipment Hire,17337.0,15948.0,1389.0,8.71,FY2021/22
Mackay,2021,Q4,Research Grants,44463.0,48610.0,-4146.0,-8.53,FY2021/22
Mackay,2021,Q4,Other Commercial,13287.0,14257.0,-970.0,-6.8,FY2021/22
Mackay,2022,Q1,Car Parking,128606.0,133772.0,-5166.0,-3.86,FY2022/23
Mackay,2022,Q1,Cafeteria & Food Services,66164.0,67894.0,-1730.0,-2.55,FY2022/23
Mackay,2022,Q1,Private Patient Fees,241561.0,240692.0,869.0,0.36,FY2022/23
Mackay,2022,Q1,Pharmacy Retail,88891.0,85014.0,3877.0,4.56,FY2022/23
Mackay,2022,Q1,Medical Imaging (Private),60042.0,65141.0,-5099.0,-7.83,FY2022/23
Mackay,2022,Q1,Accommodation Fees,24932.0,24860.0,72.0,0.29,FY2022/23
Mackay,2022,Q1,Equipment Hire,23001.0,23509.0,-508.0,-2.16,FY2022/23
Mackay,2022,Q1,Research Grants,49376.0,46905.0,2471.0,5.27,FY2022/23
Mackay,2022,Q1,Other Commercial,13427.0,14373.0,-945.0,-6.58,FY2022/23
Mackay,2022,Q2,Car Parking,127353.0,127728.0,-375.0,-0.29,FY2022/23
Mackay,2022,Q2,Cafeteria & Food Services,63056.0,56953.0,6103.0,10.72,FY2022/23
Mackay,2022,Q2,Private Patient Fees,271331.0,264656.0,6675.0,2.52,FY2022/23
Mackay,2022,Q2,Pharmacy Retail,85786.0,78575.0,7211.0,9.18,FY2022/23
Mackay,2022,Q2,Medical Imaging (Private),65543.0,71214.0,-5670.0,-7.96,FY2022/23
Mackay,2022,Q2,Accommodation Fees,28411.0,26286.0,2124.0,8.08,FY2022/23
Mackay,2022,Q2,Equipment Hire,21338.0,22475.0,-1137.0,-5.06,FY2022/23
Mackay,2022,Q2,Research Grants,47735.0,51362.0,-3626.0,-7.06,FY2022/23
Mackay,2022,Q2,Other Commercial,14450.0,15604.0,-1154.0,-7.39,FY2022/23
Mackay,2022,Q3,Car Parking,129290.0,119756.0,9534.0,7.96,FY2022/23
Mackay,2022,Q3,Cafeteria & Food Services,66574.0,62603.0,3971.0,6.34,FY2022/23
Mackay,2022,Q3,Private Patient Fees,268117.0,282080.0,-13964.0,-4.95,FY2022/23
Mackay,2022,Q3,Pharmacy Retail,87256.0,83783.0,3473.0,4.15,FY2022/23
Mackay,2022,Q3,Medical Imaging (Private),58023.0,60999.0,-2976.0,-4.88,FY2022/23
Mackay,2022,Q3,Accommodation Fees,27731.0,26210.0,1521.0,5.8,FY2022/23
Mackay,2022,Q3,Equipment Hire,21514.0,19536.0,1978.0,10.12,FY2022/23
Mackay,2022,Q3,Research Grants,46795.0,46500.0,294.0,0.63,FY2022/23
Mackay,2022,Q3,Other Commercial,12773.0,14011.0,-1238.0,-8.84,FY2022/23
Mackay,2022,Q4,Car Parking,116801.0,108166.0,8635.0,7.98,FY2022/23
Mackay,2022,Q4,Cafeteria & Food Services,64796.0,68283.0,-3487.0,-5.11,FY2022/23
Mackay,2022,Q4,Private Patient Fees,239795.0,242932.0,-3137.0,-1.29,FY2022/23
Mackay,2022,Q4,Pharmacy Retail,74089.0,67190.0,6899.0,10.27,FY2022/23
Mackay,2022,Q4,Medical Imaging (Private),61968.0,65892.0,-3924.0,-5.96,FY2022/23
Mackay,2022,Q4,Accommodation Fees,30484.0,27964.0,2520.0,9.01,FY2022/23
Mackay,2022,Q4,Equipment Hire,21121.0,22866.0,-1746.0,-7.63,FY2022/23
Mackay,2022,Q4,Research Grants,47519.0,50651.0,-3132.0,-6.18,FY2022/23
Mackay,2022,Q4,Other Commercial,12725.0,13834.0,-1108.0,-8.01,FY2022/23
Mackay,2023,Q1,Car Parking,136810.0,148885.0,-12076.0,-8.11,FY2023/24
Mackay,2023,Q1,Cafeteria & Food Services,74718.0,72677.0,2041.0,2.81,FY2023/24
Mackay,2023,Q1,Private Patient Fees,277263.0,264818.0,12445.0,4.7,FY2023/24
Mackay,2023,Q1,Pharmacy Retail,82551.0,85867.0,-3315.0,-3.86,FY2023/24
Mackay,2023,Q1,Medical Imaging (Private),68620.0,74513.0,-5893.0,-7.91,FY2023/24
Mackay,2023,Q1,Accommodation Fees,26641.0,28228.0,-1588.0,-5.62,FY2023/24
Mackay,2023,Q1,Equipment Hire,22735.0,20752.0,1983.0,9.56,FY2023/24
Mackay,2023,Q1,Research Grants,48818.0,46697.0,2121.0,4.54,FY2023/24
Mackay,2023,Q1,Other Commercial,13663.0,14983.0,-1320.0,-8.81,FY2023/24
Mackay,2023,Q2,Car Parking,133445.0,139255.0,-5810.0,-4.17,FY2023/24
Mackay,2023,Q2,Cafeteria & Food Services,79879.0,77918.0,1962.0,2.52,FY2023/24
Mackay,2023,Q2,Private Patient Fees,269054.0,265531.0,3523.0,1.33,FY2023/24
Mackay,2023,Q2,Pharmacy Retail,93645.0,87664.0,5981.0,6.82,FY2023/24
Mackay,2023,Q2,Medical Imaging (Private),71443.0,67425.0,4018.0,5.96,FY2023/24
Mackay,2023,Q2,Accommodation Fees,27476.0,28884.0,-1408.0,-4.87,FY2023/24
Mackay,2023,Q2,Equipment Hire,20956.0,21409.0,-454.0,-2.12,FY2023/24
Mackay,2023,Q2,Research Grants,49509.0,51908.0,-2400.0,-4.62,FY2023/24
Mackay,2023,Q2,Other Commercial,13401.0,12218.0,1183.0,9.69,FY2023/24
Mackay,2023,Q3,Car Parking,122829.0,122198.0,631.0,0.52,FY2023/24
Mackay,2023,Q3,Cafeteria & Food Services,65969.0,64053.0,1916.0,2.99,FY2023/24
Mackay,2023,Q3,Private Patient Fees,244858.0,223183.0,21675.0,9.71,FY2023/24
Mackay,2023,Q3,Pharmacy Retail,87736.0,94480.0,-6744.0,-7.14,FY2023/24
Mackay,2023,Q3,Medical Imaging (Private),59120.0,60276.0,-1156.0,-1.92,FY2023/24
Mackay,2023,Q3,Accommodation Fees,29806.0,29325.0,481.0,1.64,FY2023/24
Mackay,2023,Q3,Equipment Hire,22542.0,22139.0,402.0,1.82,FY2023/24
Mackay,2023,Q3,Research Grants,50232.0,45283.0,4949.0,10.93,FY2023/24
Mackay,2023,Q3,Other Commercial,14996.0,15480.0,-484.0,-3.13,FY2023/24
Mackay,2023,Q4,Car Parking,114730.0,111707.0,3023.0,2.71,FY2023/24
Mackay,2023,Q4,Cafeteria & Food Services,79921.0,78654.0,1267.0,1.61,FY2023/24
Mackay,2023,Q4,Private Patient Fees,250997.0,271575.0,-20578.0,-7.58,FY2023/24
Mackay,2023,Q4,Pharmacy Retail,90501.0,91987.0,-1485.0,-1.61,FY2023/24
Mackay,2023,Q4,Medical Imaging (Private),69123.0,74160.0,-5037.0,-6.79,FY2023/24
Mackay,2023,Q4,Accommodation Fees,28375.0,28234.0,141.0,0.5,FY2023/24
Mackay,2023,Q4,Equipment Hire,20916.0,22868.0,-1952.0,-8.54,FY2023/24
Mackay,2023,Q4,Research Grants,52550.0,48170.0,4380.0,9.09,FY2023/24
Mackay,2023,Q4,Other Commercial,15585.0,15524.0,61.0,0.39,FY2023/24
Mackay,2024,Q1,Car Parking,118768.0,119949.0,-1181.0,-0.98,FY2024/25
Mackay,2024,Q1,Cafeteria & Food Services,72137.0,77587.0,-5450.0,-7.02,FY2024/25
Mackay,2024,Q1,Private Patient Fees,239300.0,254924.0,-15625.0,-6.13,FY2024/25
Mackay,2024,Q1,Pharmacy Retail,89543.0,81567.0,7976.0,9.78,FY2024/25
Mackay,2024,Q1,Medical Imaging (Private),73741.0,73927.0,-186.0,-0.25,FY2024/25
Mackay,2024,Q1,Accommodation Fees,27962.0,27791.0,171.0,0.62,FY2024/25
Mackay,2024,Q1,Equipment Hire,23976.0,23041.0,936.0,4.06,FY2024/25
Mackay,2024,Q1,Research Grants,47720.0,44180.0,3540.0,8.01,FY2024/25
Mackay,2024,Q1,Other Commercial,14006.0,14790.0,-784.0,-5.3,FY2024/25
Mackay,2024,Q2,Car Parking,131578.0,124406.0,7171.0,5.76,FY2024/25
Mackay,2024,Q2,Cafeteria & Food Services,67703.0,65439.0,2265.0,3.46,FY2024/25
Mackay,2024,Q2,Private Patient Fees,284798.0,275857.0,8941.0,3.24,FY2024/25
Mackay,2024,Q2,Pharmacy Retail,98667.0,98375.0,291.0,0.3,FY2024/25
Mackay,2024,Q2,Medical Imaging (Private),61139.0,65922.0,-4783.0,-7.26,FY2024/25
Mackay,2024,Q2,Accommodation Fees,29160.0,30383.0,-1223.0,-4.02,FY2024/25
Mackay,2024,Q2,Equipment Hire,24643.0,22426.0,2217.0,9.89,FY2024/25
Mackay,2024,Q2,Research Grants,46533.0,48585.0,-2052.0,-4.22,FY2024/25
Mackay,2024,Q2,Other Commercial,13949.0,13068.0,881.0,6.74,FY2024/25
Mackay,2024,Q3,Car Parking,117834.0,106565.0,11269.0,10.57,FY2024/25
Mackay,2024,Q3,Cafeteria & Food Services,78449.0,72713.0,5736.0,7.89,FY2024/25
Mackay,2024,Q3,Private Patient Fees,255604.0,261018.0,-5414.0,-2.07,FY2024/25
Mackay,2024,Q3,Pharmacy Retail,86801.0,78592.0,8210.0,10.45,FY2024/25
Mackay,2024,Q3,Medical Imaging (Private),70747.0,63821.0,6926.0,10.85,FY2024/25
Mackay,2024,Q3,Accommodation Fees,31290.0,33752.0,-2461.0,-7.29,FY2024/25
Mackay,2024,Q3,Equipment Hire,21724.0,21879.0,-154.0,-0.71,FY2024/25
Mackay,2024,Q3,Research Grants,51235.0,50100.0,1135.0,2.27,FY2024/25
Mackay,2024,Q3,Other Commercial,16089.0,17356.0,-1268.0,-7.3,FY2024/25
Mackay,2024,Q4,Car Parking,127260.0,130188.0,-2929.0,-2.25,FY2024/25
Mackay,2024,Q4,Cafeteria & Food Services,81141.0,88639.0,-7498.0,-8.46,FY2024/25
Mackay,2024,Q4,Private Patient Fees,258154.0,255718.0,2436.0,0.95,FY2024/25
Mackay,2024,Q4,Pharmacy Retail,83629.0,91304.0,-7675.0,-8.41,FY2024/25
Mackay,2024,Q4,Medical Imaging (Private),60562.0,61529.0,-967.0,-1.57,FY2024/25
Mackay,2024,Q4,Accommodation Fees,27904.0,26670.0,1233.0,4.62,FY2024/25
Mackay,2024,Q4,Equipment Hire,21576.0,23729.0,-2152.0,-9.07,FY2024/25
Mackay,2024,Q4,Research Grants,46017.0,46740.0,-723.0,-1.55,FY2024/25
Mackay,2024,Q4,Other Commercial,13245.0,12330.0,915.0,7.42,FY2024/25
North West,2019,Q1,Car Parking,35478.0,35552.0,-74.0,-0.21,FY2019/20
North West,2019,Q1,Cafeteria & Food Services,18842.0,18151.0,692.0,3.81,FY2019/20
North West,2019,Q1,Private Patient Fees,63061.0,60579.0,2482.0,4.1,FY2019/20
North West,2019,Q1,Pharmacy Retail,26687.0,29061.0,-2374.0,-8.17,FY2019/20
North West,2019,Q1,Medical Imaging (Private),17287.0,17532.0,-245.0,-1.4,FY2019/20
North West,2019,Q1,Accommodation Fees,8786.0,7919.0,868.0,10.96,FY2019/20
North West,2019,Q1,Equipment Hire,6447.0,7026.0,-578.0,-8.23,FY2019/20
North West,2019,Q1,Research Grants,12627.0,11772.0,855.0,7.26,FY2019/20
North West,2019,Q1,Other Commercial,4442.0,4476.0,-33.0,-0.75,FY2019/20
North West,2019,Q2,Car Parking,31803.0,30261.0,1542.0,5.09,FY2019/20
North West,2019,Q2,Cafeteria & Food Services,19760.0,20522.0,-762.0,-3.71,FY2019/20
North West,2019,Q2,Private Patient Fees,73917.0,81241.0,-7324.0,-9.02,FY2019/20
North West,2019,Q2,Pharmacy Retail,22776.0,22950.0,-174.0,-0.76,FY2019/20
North West,2019,Q2,Medical Imaging (Private),18144.0,17802.0,342.0,1.92,FY2019/20
North West,2019,Q2,Accommodation Fees,7365.0,8068.0,-703.0,-8.72,FY2019/20
North West,2019,Q2,Equipment Hire,6509.0,6507.0,2.0,0.03,FY2019/20
North West,2019,Q2,Research Grants,14347.0,13564.0,783.0,5.77,FY2019/20
North West,2019,Q2,Other Commercial,4042.0,4200.0,-158.0,-3.75,FY2019/20
North West,2019,Q3,Car Parking,36131.0,39674.0,-3543.0,-8.93,FY2019/20
North West,2019,Q3,Cafeteria & Food Services,20534.0,20005.0,530.0,2.65,FY2019/20
North West,2019,Q3,Private Patient Fees,74572.0,69657.0,4915.0,7.06,FY2019/20
North West,2019,Q3,Pharmacy Retail,23335.0,22621.0,714.0,3.16,FY2019/20
North West,2019,Q3,Medical Imaging (Private),17705.0,18703.0,-998.0,-5.33,FY2019/20
North West,2019,Q3,Accommodation Fees,7970.0,8438.0,-469.0,-5.55,FY2019/20
North West,2019,Q3,Equipment Hire,6110.0,5917.0,193.0,3.26,FY2019/20
North West,2019,Q3,Research Grants,15042.0,14254.0,787.0,5.52,FY2019/20
North West,2019,Q3,Other Commercial,3735.0,3739.0,-3.0,-0.09,FY2019/20
North West,2019,Q4,Car Parking,33934.0,30602.0,3332.0,10.89,FY2019/20
North West,2019,Q4,Cafeteria & Food Services,20712.0,20758.0,-46.0,-0.22,FY2019/20
North West,2019,Q4,Private Patient Fees,69085.0,75537.0,-6452.0,-8.54,FY2019/20
North West,2019,Q4,Pharmacy Retail,24410.0,26184.0,-1774.0,-6.78,FY2019/20
North West,2019,Q4,Medical Imaging (Private),16442.0,16670.0,-228.0,-1.37,FY2019/20
North West,2019,Q4,Accommodation Fees,8707.0,8851.0,-145.0,-1.63,FY2019/20
North West,2019,Q4,Equipment Hire,6314.0,6152.0,162.0,2.63,FY2019/20
North West,2019,Q4,Research Grants,12631.0,12524.0,106.0,0.85,FY2019/20
North West,2019,Q4,Other Commercial,3899.0,4185.0,-286.0,-6.84,FY2019/20
North West,2020,Q1,Car Parking,26101.0,28538.0,-2436.0,-8.54,FY2020/21
North West,2020,Q1,Cafeteria & Food Services,17149.0,16283.0,866.0,5.32,FY2020/21
North West,2020,Q1,Private Patient Fees,52103.0,56225.0,-4122.0,-7.33,FY2020/21
North West,2020,Q1,Pharmacy Retail,20616.0,20383.0,233.0,1.14,FY2020/21
North West,2020,Q1,Medical Imaging (Private),13308.0,13377.0,-69.0,-0.52,FY2020/21
North West,2020,Q1,Accommodation Fees,6458.0,6166.0,293.0,4.75,FY2020/21
North West,2020,Q1,Equipment Hire,4898.0,4459.0,439.0,9.85,FY2020/21
North West,2020,Q1,Research Grants,9645.0,9426.0,219.0,2.33,FY2020/21
North West,2020,Q1,Other Commercial,2981.0,2871.0,110.0,3.83,FY2020/21
North West,2020,Q2,Car Parking,27750.0,26755.0,995.0,3.72,FY2020/21
North West,2020,Q2,Cafeteria & Food Services,14309.0,13764.0,545.0,3.96,FY2020/21
North West,2020,Q2,Private Patient Fees,60238.0,59167.0,1071.0,1.81,FY2020/21
North West,2020,Q2,Pharmacy Retail,18294.0,18574.0,-280.0,-1.51,FY2020/21
North West,2020,Q2,Medical Imaging (Private),15518.0,14716.0,802.0,5.45,FY2020/21
North West,2020,Q2,Accommodation Fees,6449.0,6727.0,-279.0,-4.14,FY2020/21
North West,2020,Q2,Equipment Hire,4754.0,4363.0,391.0,8.97,FY2020/21
North West,2020,Q2,Research Grants,11274.0,10291.0,983.0,9.55,FY2020/21
North West,2020,Q2,Other Commercial,3161.0,3313.0,-151.0,-4.57,FY2020/21
North West,2020,Q3,Car Parking,25881.0,27649.0,-1768.0,-6.4,FY2020/21
North West,2020,Q3,Cafeteria & Food Services,13709.0,14651.0,-943.0,-6.43,FY2020/21
North West,2020,Q3,Private Patient Fees,53560.0,50535.0,3025.0,5.99,FY2020/21
North West,2020,Q3,Pharmacy Retail,16910.0,18444.0,-1533.0,-8.31,FY2020/21
North West,2020,Q3,Medical Imaging (Private),12479.0,11728.0,751.0,6.4,FY2020/21
North West,2020,Q3,Accommodation Fees,5954.0,6097.0,-143.0,-2.35,FY2020/21
North West,2020,Q3,Equipment Hire,4685.0,4334.0,351.0,8.09,FY2020/21
North West,2020,Q3,Research Grants,10269.0,9733.0,537.0,5.51,FY2020/21
North West,2020,Q3,Other Commercial,2878.0,2826.0,51.0,1.81,FY2020/21
North West,2020,Q4,Car Parking,29172.0,27523.0,1648.0,5.99,FY2020/21
North West,2020,Q4,Cafeteria & Food Services,14956.0,14629.0,326.0,2.23,FY2020/21
North West,2020,Q4,Private Patient Fees,60258.0,65738.0,-5479.0,-8.34,FY2020/21
North West,2020,Q4,Pharmacy Retail,19875.0,18849.0,1027.0,5.45,FY2020/21
North West,2020,Q4,Medical Imaging (Private),12463.0,12007.0,456.0,3.8,FY2020/21
North West,2020,Q4,Accommodation Fees,5834.0,5841.0,-7.0,-0.12,FY2020/21
North West,2020,Q4,Equipment Hire,4944.0,5298.0,-354.0,-6.69,FY2020/21
North West,2020,Q4,Research Grants,11710.0,11381.0,329.0,2.89,FY2020/21
North West,2020,Q4,Other Commercial,3229.0,3108.0,121.0,3.89,FY2020/21
North West,2021,Q1,Car Parking,30042.0,31253.0,-1211.0,-3.88,FY2021/22
North West,2021,Q1,Cafeteria & Food Services,16461.0,16162.0,299.0,1.85,FY2021/22
North West,2021,Q1,Private Patient Fees,62622.0,65044.0,-2422.0,-3.72,FY2021/22
North West,2021,Q1,Pharmacy Retail,23818.0,22885.0,933.0,4.08,FY2021/22
North West,2021,Q1,Medical Imaging (Private),18046.0,17302.0,744.0,4.3,FY2021/22
North West,2021,Q1,Accommodation Fees,7366.0,7701.0,-334.0,-4.34,FY2021/22
North West,2021,Q1,Equipment Hire,5856.0,6427.0,-571.0,-8.88,FY2021/22
North West,2021,Q1,Research Grants,12198.0,12594.0,-396.0,-3.14,FY2021/22
North West,2021,Q1,Other Commercial,3829.0,4147.0,-318.0,-7.67,FY2021/22
North West,2021,Q2,Car Parking,30811.0,32363.0,-1552.0,-4.79,FY2021/22
North West,2021,Q2,Cafeteria & Food Services,18962.0,18107.0,855.0,4.72,FY2021/22
North West,2021,Q2,Private Patient Fees,64895.0,62738.0,2157.0,3.44,FY2021/22
North West,2021,Q2,Pharmacy Retail,22813.0,24588.0,-1775.0,-7.22,FY2021/22
North West,2021,Q2,Medical Imaging (Private),17070.0,17519.0,-450.0,-2.57,FY2021/22
North West,2021,Q2,Accommodation Fees,7496.0,6823.0,673.0,9.86,FY2021/22
North West,2021,Q2,Equipment Hire,5238.0,5230.0,8.0,0.16,FY2021/22
North West,2021,Q2,Research Grants,12464.0,11671.0,793.0,6.8,FY2021/22
North West,2021,Q2,Other Commercial,3735.0,3603.0,132.0,3.67,FY2021/22
North West,2021,Q3,Car Parking,31631.0,31403.0,228.0,0.73,FY2021/22
North West,2021,Q3,Cafeteria & Food Services,17014.0,18470.0,-1456.0,-7.88,FY2021/22
North West,2021,Q3,Private Patient Fees,71058.0,74009.0,-2951.0,-3.99,FY2021/22
North West,2021,Q3,Pharmacy Retail,20271.0,21390.0,-1118.0,-5.23,FY2021/22
North West,2021,Q3,Medical Imaging (Private),18031.0,18997.0,-966.0,-5.08,FY2021/22
North West,2021,Q3,Accommodation Fees,6771.0,6966.0,-195.0,-2.8,FY2021/22
North West,2021,Q3,Equipment Hire,6046.0,6139.0,-94.0,-1.52,FY2021/22
North West,2021,Q3,Research Grants,13518.0,13406.0,113.0,0.84,FY2021/22
North West,2021,Q3,Other Commercial,3757.0,3407.0,350.0,10.27,FY2021/22
North West,2021,Q4,Car Parking,34701.0,31796.0,2905.0,9.14,FY2021/22
North West,2021,Q4,Cafeteria & Food Services,18365.0,17603.0,762.0,4.33,FY2021/22
North West,2021,Q4,Private Patient Fees,66008.0,61168.0,4839.0,7.91,FY2021/22
North West,2021,Q4,Pharmacy Retail,23417.0,24799.0,-1382.0,-5.57,FY2021/22
North West,2021,Q4,Medical Imaging (Private),15434.0,14212.0,1221.0,8.59,FY2021/22
North West,2021,Q4,Accommodation Fees,6828.0,7342.0,-515.0,-7.01,FY2021/22
North West,2021,Q4,Equipment Hire,5635.0,5598.0,37.0,0.66,FY2021/22
North West,2021,Q4,Research Grants,11827.0,12180.0,-354.0,-2.9,FY2021/22
North West,2021,Q4,Other Commercial,4061.0,4327.0,-267.0,-6.16,FY2021/22
North West,2022,Q1,Car Parking,40427.0,36993.0,3434.0,9.28,FY2022/23
North West,2022,Q1,Cafeteria & Food Services,19772.0,17990.0,1782.0,9.91,FY2022/23
North West,2022,Q1,Private Patient Fees,71859.0,66623.0,5236.0,7.86,FY2022/23
North West,2022,Q1,Pharmacy Retail,24653.0,24087.0,567.0,2.35,FY2022/23
North West,2022,Q1,Medical Imaging (Private),21706.0,22185.0,-479.0,-2.16,FY2022/23
North West,2022,Q1,Accommodation Fees,9421.0,9817.0,-396.0,-4.04,FY2022/23
North West,2022,Q1,Equipment Hire,5932.0,6212.0,-280.0,-4.51,FY2022/23
North West,2022,Q1,Research Grants,14436.0,14838.0,-402.0,-2.71,FY2022/23
North West,2022,Q1,Other Commercial,4194.0,4611.0,-417.0,-9.05,FY2022/23
North West,2022,Q2,Car Parking,37013.0,35378.0,1635.0,4.62,FY2022/23
North West,2022,Q2,Cafeteria & Food Services,24053.0,21767.0,2287.0,10.51,FY2022/23
North West,2022,Q2,Private Patient Fees,79902.0,83503.0,-3601.0,-4.31,FY2022/23
North West,2022,Q2,Pharmacy Retail,28272.0,30955.0,-2683.0,-8.67,FY2022/23
North West,2022,Q2,Medical Imaging (Private),21860.0,19959.0,1901.0,9.52,FY2022/23
North West,2022,Q2,Accommodation Fees,9394.0,9668.0,-275.0,-2.84,FY2022/23
North West,2022,Q2,Equipment Hire,6771.0,6268.0,503.0,8.03,FY2022/23
North West,2022,Q2,Research Grants,15810.0,17336.0,-1526.0,-8.8,FY2022/23
North West,2022,Q2,Other Commercial,4791.0,4733.0,58.0,1.23,FY2022/23
North West,2022,Q3,Car Parking,34907.0,33946.0,961.0,2.83,FY2022/23
North West,2022,Q3,Cafeteria & Food Services,23508.0,24455.0,-947.0,-3.87,FY2022/23
North West,2022,Q3,Private Patient Fees,75556.0,68833.0,6723.0,9.77,FY2022/23
North West,2022,Q3,Pharmacy Retail,25701.0,25542.0,159.0,0.62,FY2022/23
North West,2022,Q3,Medical Imaging (Private),21638.0,22249.0,-611.0,-2.74,FY2022/23
North West,2022,Q3,Accommodation Fees,8326.0,8368.0,-42.0,-0.5,FY2022/23
North West,2022,Q3,Equipment Hire,5859.0,6413.0,-554.0,-8.64,FY2022/23
North West,2022,Q3,Research Grants,14747.0,14682.0,65.0,0.44,FY2022/23
North West,2022,Q3,Other Commercial,4209.0,4362.0,-154.0,-3.52,FY2022/23
North West,2022,Q4,Car Parking,40768.0,42523.0,-1756.0,-4.13,FY2022/23
North West,2022,Q4,Cafeteria & Food Services,20587.0,19828.0,759.0,3.83,FY2022/23
North West,2022,Q4,Private Patient Fees,69438.0,71597.0,-2160.0,-3.02,FY2022/23
North West,2022,Q4,Pharmacy Retail,23271.0,23725.0,-455.0,-1.92,FY2022/23
North West,2022,Q4,Medical Imaging (Private),21361.0,23031.0,-1670.0,-7.25,FY2022/23
North West,2022,Q4,Accommodation Fees,8613.0,8543.0,70.0,0.82,FY2022/23
North West,2022,Q4,Equipment Hire,5876.0,6077.0,-201.0,-3.3,FY2022/23
North West,2022,Q4,Research Grants,16437.0,15597.0,839.0,5.38,FY2022/23
North West,2022,Q4,Other Commercial,4278.0,4568.0,-290.0,-6.35,FY2022/23
North West,2023,Q1,Car Parking,43969.0,41711.0,2258.0,5.41,FY2023/24
North West,2023,Q1,Cafeteria & Food Services,22672.0,21278.0,1394.0,6.55,FY2023/24
North West,2023,Q1,Private Patient Fees,70909.0,76739.0,-5830.0,-7.6,FY2023/24
North West,2023,Q1,Pharmacy Retail,28948.0,30453.0,-1505.0,-4.94,FY2023/24
North West,2023,Q1,Medical Imaging (Private),17977.0,19213.0,-1236.0,-6.43,FY2023/24
North West,2023,Q1,Accommodation Fees,8827.0,8549.0,278.0,3.25,FY2023/24
North West,2023,Q1,Equipment Hire,6795.0,6240.0,555.0,8.9,FY2023/24
North West,2023,Q1,Research Grants,16646.0,16920.0,-274.0,-1.62,FY2023/24
North West,2023,Q1,Other Commercial,4143.0,3885.0,258.0,6.65,FY2023/24
North West,2023,Q2,Car Parking,37265.0,33963.0,3302.0,9.72,FY2023/24
North West,2023,Q2,Cafeteria & Food Services,22872.0,24429.0,-1557.0,-6.37,FY2023/24
North West,2023,Q2,Private Patient Fees,69321.0,63069.0,6253.0,9.91,FY2023/24
North West,2023,Q2,Pharmacy Retail,27349.0,29097.0,-1748.0,-6.01,FY2023/24
North West,2023,Q2,Medical Imaging (Private),19322.0,18741.0,581.0,3.1,FY2023/24
North West,2023,Q2,Accommodation Fees,9167.0,8753.0,414.0,4.73,FY2023/24
North West,2023,Q2,Equipment Hire,5957.0,6237.0,-280.0,-4.49,FY2023/24
North West,2023,Q2,Research Grants,16153.0,16414.0,-261.0,-1.59,FY2023/24
North West,2023,Q2,Other Commercial,4740.0,4906.0,-166.0,-3.39,FY2023/24
North West,2023,Q3,Car Parking,37474.0,36368.0,1106.0,3.04,FY2023/24
North West,2023,Q3,Cafeteria & Food Services,20390.0,18881.0,1509.0,7.99,FY2023/24
North West,2023,Q3,Private Patient Fees,81715.0,87576.0,-5861.0,-6.69,FY2023/24
North West,2023,Q3,Pharmacy Retail,29865.0,30632.0,-767.0,-2.5,FY2023/24
North West,2023,Q3,Medical Imaging (Private),18632.0,17162.0,1469.0,8.56,FY2023/24
North West,2023,Q3,Accommodation Fees,9633.0,9784.0,-152.0,-1.55,FY2023/24
North West,2023,Q3,Equipment Hire,6911.0,7300.0,-389.0,-5.33,FY2023/24
North West,2023,Q3,Research Grants,16445.0,17545.0,-1100.0,-6.27,FY2023/24
North West,2023,Q3,Other Commercial,4003.0,4201.0,-198.0,-4.72,FY2023/24
North West,2023,Q4,Car Parking,43715.0,41845.0,1870.0,4.47,FY2023/24
North West,2023,Q4,Cafeteria & Food Services,23155.0,22294.0,861.0,3.86,FY2023/24
North West,2023,Q4,Private Patient Fees,87017.0,78897.0,8120.0,10.29,FY2023/24
North West,2023,Q4,Pharmacy Retail,27395.0,25568.0,1827.0,7.15,FY2023/24
North West,2023,Q4,Medical Imaging (Private),21187.0,19813.0,1373.0,6.93,FY2023/24
North West,2023,Q4,Accommodation Fees,8391.0,8382.0,9.0,0.11,FY2023/24
North West,2023,Q4,Equipment Hire,7389.0,6963.0,426.0,6.12,FY2023/24
North West,2023,Q4,Research Grants,14341.0,15084.0,-743.0,-4.92,FY2023/24
North West,2023,Q4,Other Commercial,4481.0,4850.0,-369.0,-7.61,FY2023/24
North West,2024,Q1,Car Parking,37889.0,38995.0,-1106.0,-2.84,FY2024/25
North West,2024,Q1,Cafeteria & Food Services,21525.0,20048.0,1478.0,7.37,FY2024/25
North West,2024,Q1,Private Patient Fees,84044.0,85619.0,-1575.0,-1.84,FY2024/25
North West,2024,Q1,Pharmacy Retail,29288.0,28172.0,1116.0,3.96,FY2024/25
North West,2024,Q1,Medical Imaging (Private),20442.0,20055.0,386.0,1.93,FY2024/25
North West,2024,Q1,Accommodation Fees,10269.0,9842.0,427.0,4.34,FY2024/25
North West,2024,Q1,Equipment Hire,6560.0,6369.0,191.0,3.0,FY2024/25
North West,2024,Q1,Research Grants,16350.0,15540.0,810.0,5.21,FY2024/25
North West,2024,Q1,Other Commercial,5058.0,4821.0,237.0,4.92,FY2024/25
North West,2024,Q2,Car Parking,45333.0,41738.0,3595.0,8.61,FY2024/25
North West,2024,Q2,Cafeteria & Food Services,23864.0,25807.0,-1942.0,-7.53,FY2024/25
North West,2024,Q2,Private Patient Fees,74100.0,81041.0,-6941.0,-8.56,FY2024/25
North West,2024,Q2,Pharmacy Retail,27288.0,29720.0,-2433.0,-8.18,FY2024/25
North West,2024,Q2,Medical Imaging (Private),21578.0,20722.0,856.0,4.13,FY2024/25
North West,2024,Q2,Accommodation Fees,8512.0,8178.0,334.0,4.09,FY2024/25
North West,2024,Q2,Equipment Hire,6226.0,5783.0,443.0,7.67,FY2024/25
North West,2024,Q2,Research Grants,14572.0,14348.0,225.0,1.57,FY2024/25
North West,2024,Q2,Other Commercial,4926.0,4573.0,353.0,7.73,FY2024/25
North West,2024,Q3,Car Parking,37727.0,38809.0,-1082.0,-2.79,FY2024/25
North West,2024,Q3,Cafeteria & Food Services,21328.0,19612.0,1716.0,8.75,FY2024/25
North West,2024,Q3,Private Patient Fees,74064.0,80340.0,-6277.0,-7.81,FY2024/25
North West,2024,Q3,Pharmacy Retail,29729.0,28862.0,868.0,3.01,FY2024/25
North West,2024,Q3,Medical Imaging (Private),21474.0,21634.0,-160.0,-0.74,FY2024/25
North West,2024,Q3,Accommodation Fees,9591.0,9941.0,-350.0,-3.52,FY2024/25
North West,2024,Q3,Equipment Hire,7113.0,6780.0,333.0,4.91,FY2024/25
North West,2024,Q3,Research Grants,14319.0,14191.0,127.0,0.9,FY2024/25
North West,2024,Q3,Other Commercial,5032.0,5102.0,-70.0,-1.37,FY2024/25
North West,2024,Q4,Car Parking,44703.0,49098.0,-4395.0,-8.95,FY2024/25
North West,2024,Q4,Cafeteria & Food Services,21143.0,21954.0,-811.0,-3.69,FY2024/25
North West,2024,Q4,Private Patient Fees,83867.0,91918.0,-8051.0,-8.76,FY2024/25
North West,2024,Q4,Pharmacy Retail,30817.0,31967.0,-1151.0,-3.6,FY2024/25
North West,2024,Q4,Medical Imaging (Private),19426.0,20586.0,-1160.0,-5.63,FY2024/25
North West,2024,Q4,Accommodation Fees,8332.0,8800.0,-468.0,-5.32,FY2024/25
North West,2024,Q4,Equipment Hire,7579.0,7402.0,178.0,2.4,FY2024/25
North West,2024,Q4,Research Grants,16605.0,16373.0,232.0,1.42,FY2024/25
North West,2024,Q4,Other Commercial,4531.0,4359.0,172.0,3.94,FY2024/25
Torres and Cape,2019,Q1,Car Parking,27551.0,29954.0,-2403.0,-8.02,FY2019/20
Torres and Cape,2019,Q1,Cafeteria & Food Services,15923.0,14888.0,1036.0,6.96,FY2019/20
Torres and Cape,2019,Q1,Private Patient Fees,54933.0,57541.0,-2609.0,-4.53,FY2019/20
Torres and Cape,2019,Q1,Pharmacy Retail,16255.0,14848.0,1407.0,9.47,FY2019/20
Torres and Cape,2019,Q1,Medical Imaging (Private),12238.0,13247.0,-1009.0,-7.62,FY2019/20
Torres and Cape,2019,Q1,Accommodation Fees,5944.0,6207.0,-263.0,-4.23,FY2019/20
Torres and Cape,2019,Q1,Equipment Hire,4068.0,4247.0,-179.0,-4.2,FY2019/20
Torres and Cape,2019,Q1,Research Grants,8938.0,8716.0,223.0,2.56,FY2019/20
Torres and Cape,2019,Q1,Other Commercial,2968.0,2758.0,210.0,7.62,FY2019/20
Torres and Cape,2019,Q2,Car Parking,27929.0,26449.0,1480.0,5.6,FY2019/20
Torres and Cape,2019,Q2,Cafeteria & Food Services,14926.0,14643.0,283.0,1.93,FY2019/20
Torres and Cape,2019,Q2,Private Patient Fees,51562.0,47514.0,4048.0,8.52,FY2019/20
Torres and Cape,2019,Q2,Pharmacy Retail,15277.0,16528.0,-1251.0,-7.57,FY2019/20
Torres and Cape,2019,Q2,Medical Imaging (Private),12243.0,13026.0,-783.0,-6.01,FY2019/20
Torres and Cape,2019,Q2,Accommodation Fees,6450.0,6078.0,372.0,6.12,FY2019/20
Torres and Cape,2019,Q2,Equipment Hire,4077.0,4209.0,-133.0,-3.15,FY2019/20
Torres and Cape,2019,Q2,Research Grants,11206.0,12138.0,-932.0,-7.68,FY2019/20
Torres and Cape,2019,Q2,Other Commercial,2882.0,3052.0,-170.0,-5.57,FY2019/20
Torres and Cape,2019,Q3,Car Parking,23654.0,25913.0,-2259.0,-8.72,FY2019/20
Torres and Cape,2019,Q3,Cafeteria & Food Services,16005.0,14928.0,1076.0,7.21,FY2019/20
Torres and Cape,2019,Q3,Private Patient Fees,47974.0,44137.0,3836.0,8.69,FY2019/20
Torres and Cape,2019,Q3,Pharmacy Retail,16333.0,17365.0,-1032.0,-5.94,FY2019/20
Torres and Cape,2019,Q3,Medical Imaging (Private),12582.0,11546.0,1036.0,8.97,FY2019/20
Torres and Cape,2019,Q3,Accommodation Fees,5542.0,6075.0,-534.0,-8.78,FY2019/20
Torres and Cape,2019,Q3,Equipment Hire,4454.0,4380.0,75.0,1.71,FY2019/20
Torres and Cape,2019,Q3,Research Grants,9273.0,10175.0,-902.0,-8.86,FY2019/20
Torres and Cape,2019,Q3,Other Commercial,3102.0,2966.0,136.0,4.57,FY2019/20
Torres and Cape,2019,Q4,Car Parking,23245.0,21184.0,2061.0,9.73,FY2019/20
Torres and Cape,2019,Q4,Cafeteria & Food Services,13088.0,13299.0,-211.0,-1.59,FY2019/20
Torres and Cape,2019,Q4,Private Patient Fees,55586.0,55550.0,36.0,0.07,FY2019/20
Torres and Cape,2019,Q4,Pharmacy Retail,18702.0,18500.0,202.0,1.09,FY2019/20
Torres and Cape,2019,Q4,Medical Imaging (Private),13609.0,14240.0,-631.0,-4.43,FY2019/20
Torres and Cape,2019,Q4,Accommodation Fees,5309.0,5162.0,147.0,2.85,FY2019/20
Torres and Cape,2019,Q4,Equipment Hire,4462.0,4079.0,383.0,9.39,FY2019/20
Torres and Cape,2019,Q4,Research Grants,9745.0,9813.0,-68.0,-0.69,FY2019/20
Torres and Cape,2019,Q4,Other Commercial,3223.0,3207.0,16.0,0.51,FY2019/20
Torres and Cape,2020,Q1,Car Parking,21542.0,21249.0,293.0,1.38,FY2020/21
Torres and Cape,2020,Q1,Cafeteria & Food Services,11915.0,12143.0,-227.0,-1.87,FY2020/21
Torres and Cape,2020,Q1,Private Patient Fees,42546.0,41789.0,758.0,1.81,FY2020/21
Torres and Cape,2020,Q1,Pharmacy Retail,13683.0,14039.0,-356.0,-2.53,FY2020/21
Torres and Cape,2020,Q1,Medical Imaging (Private),9813.0,9115.0,698.0,7.66,FY2020/21
Torres and Cape,2020,Q1,Accommodation Fees,4016.0,3627.0,388.0,10.7,FY2020/21
Torres and Cape,2020,Q1,Equipment Hire,3636.0,3445.0,192.0,5.56,FY2020/21
Torres and Cape,2020,Q1,Research Grants,7248.0,7590.0,-342.0,-4.51,FY2020/21
Torres and Cape,2020,Q1,Other Commercial,2129.0,2131.0,-3.0,-0.12,FY2020/21
Torres and Cape,2020,Q2,Car Parking,18401.0,20093.0,-1692.0,-8.42,FY2020/21
Torres and Cape,2020,Q2,Cafeteria & Food Services,12063.0,12940.0,-878.0,-6.78,FY2020/21
Torres and Cape,2020,Q2,Private Patient Fees,38063.0,40060.0,-1997.0,-4.99,FY2020/21
Torres and Cape,2020,Q2,Pharmacy Retail,12208.0,11008.0,1200.0,10.9,FY2020/21
Torres and Cape,2020,Q2,Medical Imaging (Private),8858.0,9012.0,-153.0,-1.7,FY2020/21
Torres and Cape,2020,Q2,Accommodation Fees,4402.0,4418.0,-16.0,-0.36,FY2020/21
Torres and Cape,2020,Q2,Equipment Hire,2943.0,2897.0,46.0,1.57,FY2020/21
Torres and Cape,2020,Q2,Research Grants,8194.0,8100.0,94.0,1.16,FY2020/21
Torres and Cape,2020,Q2,Other Commercial,2349.0,2223.0,125.0,5.64,FY2020/21
Torres and Cape,2020,Q3,Car Parking,21528.0,21909.0,-381.0,-1.74,FY2020/21
Torres and Cape,2020,Q3,Cafeteria & Food Services,10352.0,9807.0,545.0,5.56,FY2020/21
Torres and Cape,2020,Q3,Private Patient Fees,40130.0,42778.0,-2648.0,-6.19,FY2020/21
Torres and Cape,2020,Q3,Pharmacy Retail,13078.0,12446.0,632.0,5.08,FY2020/21
Torres and Cape,2020,Q3,Medical Imaging (Private),10893.0,11262.0,-369.0,-3.27,FY2020/21
Torres and Cape,2020,Q3,Accommodation Fees,4394.0,4384.0,11.0,0.24,FY2020/21
Torres and Cape,2020,Q3,Equipment Hire,3100.0,3179.0,-79.0,-2.47,FY2020/21
Torres and Cape,2020,Q3,Research Grants,7523.0,8269.0,-746.0,-9.02,FY2020/21
Torres and Cape,2020,Q3,Other Commercial,2214.0,2208.0,6.0,0.28,FY2020/21
Torres and Cape,2020,Q4,Car Parking,20340.0,22035.0,-1695.0,-7.69,FY2020/21
Torres and Cape,2020,Q4,Cafeteria & Food Services,11927.0,11811.0,117.0,0.99,FY2020/21
Torres and Cape,2020,Q4,Private Patient Fees,40978.0,41684.0,-707.0,-1.7,FY2020/21
Torres and Cape,2020,Q4,Pharmacy Retail,13324.0,12504.0,820.0,6.56,FY2020/21
Torres and Cape,2020,Q4,Medical Imaging (Private),9925.0,9420.0,505.0,5.36,FY2020/21
Torres and Cape,2020,Q4,Accommodation Fees,4893.0,4732.0,161.0,3.4,FY2020/21
Torres and Cape,2020,Q4,Equipment Hire,3699.0,3724.0,-24.0,-0.66,FY2020/21
Torres and Cape,2020,Q4,Research Grants,8033.0,8102.0,-69.0,-0.85,FY2020/21
Torres and Cape,2020,Q4,Other Commercial,2027.0,1977.0,50.0,2.55,FY2020/21
Torres and Cape,2021,Q1,Car Parking,21852.0,22389.0,-537.0,-2.4,FY2021/22
Torres and Cape,2021,Q1,Cafeteria & Food Services,13261.0,13998.0,-737.0,-5.27,FY2021/22
Torres and Cape,2021,Q1,Private Patient Fees,43859.0,40917.0,2942.0,7.19,FY2021/22
Torres and Cape,2021,Q1,Pharmacy Retail,15756.0,17101.0,-1344.0,-7.86,FY2021/22
Torres and Cape,2021,Q1,Medical Imaging (Private),12700.0,12494.0,206.0,1.65,FY2021/22
Torres and Cape,2021,Q1,Accommodation Fees,5395.0,4947.0,449.0,9.07,FY2021/22
Torres and Cape,2021,Q1,Equipment Hire,4498.0,4648.0,-150.0,-3.22,FY2021/22
Torres and Cape,2021,Q1,Research Grants,8918.0,9071.0,-153.0,-1.69,FY2021/22
Torres and Cape,2021,Q1,Other Commercial,2435.0,2662.0,-227.0,-8.52,FY2021/22
Torres and Cape,2021,Q2,Car Parking,22291.0,22951.0,-660.0,-2.88,FY2021/22
Torres and Cape,2021,Q2,Cafeteria & Food Services,12612.0,13160.0,-549.0,-4.17,FY2021/22
Torres and Cape,2021,Q2,Private Patient Fees,50137.0,51875.0,-1739.0,-3.35,FY2021/22
Torres and Cape,2021,Q2,Pharmacy Retail,16562.0,17862.0,-1300.0,-7.28,FY2021/22
Torres and Cape,2021,Q2,Medical Imaging (Private),10867.0,10499.0,367.0,3.5,FY2021/22
Torres and Cape,2021,Q2,Accommodation Fees,5048.0,5541.0,-493.0,-8.89,FY2021/22
Torres and Cape,2021,Q2,Equipment Hire,3923.0,4105.0,-182.0,-4.45,FY2021/22
Torres and Cape,2021,Q2,Research Grants,9819.0,9254.0,565.0,6.11,FY2021/22
Torres and Cape,2021,Q2,Other Commercial,2518.0,2408.0,110.0,4.57,FY2021/22
Torres and Cape,2021,Q3,Car Parking,23662.0,22405.0,1257.0,5.61,FY2021/22
Torres and Cape,2021,Q3,Cafeteria & Food Services,11884.0,12786.0,-902.0,-7.05,FY2021/22
Torres and Cape,2021,Q3,Private Patient Fees,52267.0,50611.0,1656.0,3.27,FY2021/22
Torres and Cape,2021,Q3,Pharmacy Retail,15494.0,13967.0,1527.0,10.94,FY2021/22
Torres and Cape,2021,Q3,Medical Imaging (Private),12612.0,13433.0,-821.0,-6.11,FY2021/22
Torres and Cape,2021,Q3,Accommodation Fees,4917.0,4583.0,335.0,7.3,FY2021/22
Torres and Cape,2021,Q3,Equipment Hire,4310.0,4410.0,-100.0,-2.27,FY2021/22
Torres and Cape,2021,Q3,Research Grants,8376.0,8581.0,-205.0,-2.39,FY2021/22
Torres and Cape,2021,Q3,Other Commercial,2563.0,2496.0,67.0,2.7,FY2021/22
Torres and Cape,2021,Q4,Car Parking,25743.0,27344.0,-1601.0,-5.85,FY2021/22
Torres and Cape,2021,Q4,Cafeteria & Food Services,13111.0,14284.0,-1173.0,-8.21,FY2021/22
Torres and Cape,2021,Q4,Private Patient Fees,45958.0,48456.0,-2499.0,-5.16,FY2021/22
Torres and Cape,2021,Q4,Pharmacy Retail,16056.0,17333.0,-1277.0,-7.37,FY2021/22
Torres and Cape,2021,Q4,Medical Imaging (Private),13272.0,12177.0,1095.0,8.99,FY2021/22
Torres and Cape,2021,Q4,Accommodation Fees,5936.0,6322.0,-386.0,-6.11,FY2021/22
Torres and Cape,2021,Q4,Equipment Hire,4311.0,4054.0,258.0,6.36,FY2021/22
Torres and Cape,2021,Q4,Research Grants,10091.0,10798.0,-707.0,-6.54,FY2021/22
Torres and Cape,2021,Q4,Other Commercial,2551.0,2781.0,-231.0,-8.29,FY2021/22
Torres and Cape,2022,Q1,Car Parking,25201.0,23436.0,1764.0,7.53,FY2022/23
Torres and Cape,2022,Q1,Cafeteria & Food Services,15838.0,16078.0,-240.0,-1.49,FY2022/23
Torres and Cape,2022,Q1,Private Patient Fees,56850.0,51358.0,5492.0,10.69,FY2022/23
Torres and Cape,2022,Q1,Pharmacy Retail,20916.0,19011.0,1905.0,10.02,FY2022/23
Torres and Cape,2022,Q1,Medical Imaging (Private),12916.0,11661.0,1255.0,10.77,FY2022/23
Torres and Cape,2022,Q1,Accommodation Fees,6379.0,6931.0,-551.0,-7.96,FY2022/23
Torres and Cape,2022,Q1,Equipment Hire,4896.0,5212.0,-316.0,-6.06,FY2022/23
Torres and Cape,2022,Q1,Research Grants,9704.0,9785.0,-82.0,-0.83,FY2022/23
Torres and Cape,2022,Q1,Other Commercial,3109.0,3108.0,1.0,0.02,FY2022/23
Torres and Cape,2022,Q2,Car Parking,25352.0,26287.0,-935.0,-3.56,FY2022/23
Torres and Cape,2022,Q2,Cafeteria & Food Services,15708.0,16541.0,-833.0,-5.04,FY2022/23
Torres and Cape,2022,Q2,Private Patient Fees,54742.0,50903.0,3839.0,7.54,FY2022/23
Torres and Cape,2022,Q2,Pharmacy Retail,19505.0,18227.0,1278.0,7.01,FY2022/23
Torres and Cape,2022,Q2,Medical Imaging (Private),15389.0,15737.0,-348.0,-2.21,FY2022/23
Torres and Cape,2022,Q2,Accommodation Fees,5762.0,6295.0,-533.0,-8.46,FY2022/23
Torres and Cape,2022,Q2,Equipment Hire,4730.0,4326.0,404.0,9.34,FY2022/23
Torres and Cape,2022,Q2,Research Grants,11322.0,10763.0,559.0,5.19,FY2022/23
Torres and Cape,2022,Q2,Other Commercial,3368.0,3582.0,-214.0,-5.98,FY2022/23
Torres and Cape,2022,Q3,Car Parking,31500.0,31512.0,-12.0,-0.04,FY2022/23
Torres and Cape,2022,Q3,Cafeteria & Food Services,15526.0,16313.0,-787.0,-4.82,FY2022/23
Torres and Cape,2022,Q3,Private Patient Fees,50090.0,50560.0,-470.0,-0.93,FY2022/23
Torres and Cape,2022,Q3,Pharmacy Retail,19044.0,17481.0,1564.0,8.94,FY2022/23
Torres and Cape,2022,Q3,Medical Imaging (Private),13848.0,14827.0,-978.0,-6.6,FY2022/23
Torres and Cape,2022,Q3,Accommodation Fees,6815.0,6269.0,546.0,8.71,FY2022/23
Torres and Cape,2022,Q3,Equipment Hire,4246.0,4045.0,202.0,4.98,FY2022/23
Torres and Cape,2022,Q3,Research Grants,11975.0,11087.0,889.0,8.02,FY2022/23
Torres and Cape,2022,Q3,Other Commercial,3305.0,3041.0,264.0,8.67,FY2022/23
Torres and Cape,2022,Q4,Car Parking,29088.0,28250.0,837.0,2.96,FY2022/23
Torres and Cape,2022,Q4,Cafeteria & Food Services,16784.0,15890.0,894.0,5.63,FY2022/23
Torres and Cape,2022,Q4,Private Patient Fees,56771.0,53770.0,3001.0,5.58,FY2022/23
Torres and Cape,2022,Q4,Pharmacy Retail,19801.0,21281.0,-1480.0,-6.95,FY2022/23
Torres and Cape,2022,Q4,Medical Imaging (Private),12861.0,13804.0,-943.0,-6.83,FY2022/23
Torres and Cape,2022,Q4,Accommodation Fees,6419.0,5941.0,479.0,8.06,FY2022/23
Torres and Cape,2022,Q4,Equipment Hire,4627.0,4313.0,314.0,7.28,FY2022/23
Torres and Cape,2022,Q4,Research Grants,11516.0,12112.0,-596.0,-4.92,FY2022/23
Torres and Cape,2022,Q4,Other Commercial,2842.0,2846.0,-3.0,-0.12,FY2022/23
Torres and Cape,2023,Q1,Car Parking,31222.0,33946.0,-2724.0,-8.02,FY2023/24
Torres and Cape,2023,Q1,Cafeteria & Food Services,16180.0,17637.0,-1457.0,-8.26,FY2023/24
Torres and Cape,2023,Q1,Private Patient Fees,56931.0,55727.0,1205.0,2.16,FY2023/24
Torres and Cape,2023,Q1,Pharmacy Retail,20971.0,20942.0,29.0,0.14,FY2023/24
Torres and Cape,2023,Q1,Medical Imaging (Private),14417.0,14389.0,28.0,0.19,FY2023/24
Torres and Cape,2023,Q1,Accommodation Fees,6988.0,7452.0,-464.0,-6.23,FY2023/24
Torres and Cape,2023,Q1,Equipment Hire,4726.0,4569.0,158.0,3.45,FY2023/24
Torres and Cape,2023,Q1,Research Grants,11268.0,11432.0,-164.0,-1.43,FY2023/24
Torres and Cape,2023,Q1,Other Commercial,3023.0,3201.0,-178.0,-5.55,FY2023/24
Torres and Cape,2023,Q2,Car Parking,28936.0,27976.0,960.0,3.43,FY2023/24
Torres and Cape,2023,Q2,Cafeteria & Food Services,14606.0,13843.0,763.0,5.51,FY2023/24
Torres and Cape,2023,Q2,Private Patient Fees,62535.0,60097.0,2438.0,4.06,FY2023/24
Torres and Cape,2023,Q2,Pharmacy Retail,17815.0,17675.0,140.0,0.79,FY2023/24
Torres and Cape,2023,Q2,Medical Imaging (Private),13843.0,12556.0,1287.0,10.25,FY2023/24
Torres and Cape,2023,Q2,Accommodation Fees,6177.0,6232.0,-54.0,-0.87,FY2023/24
Torres and Cape,2023,Q2,Equipment Hire,4898.0,4758.0,141.0,2.95,FY2023/24
Torres and Cape,2023,Q2,Research Grants,11147.0,12185.0,-1038.0,-8.52,FY2023/24
Torres and Cape,2023,Q2,Other Commercial,3131.0,2979.0,151.0,5.08,FY2023/24
Torres and Cape,2023,Q3,Car Parking,27243.0,27013.0,230.0,0.85,FY2023/24
Torres and Cape,2023,Q3,Cafeteria & Food Services,17133.0,16125.0,1007.0,6.25,FY2023/24
Torres and Cape,2023,Q3,Private Patient Fees,59283.0,53606.0,5678.0,10.59,FY2023/24
Torres and Cape,2023,Q3,Pharmacy Retail,18977.0,20024.0,-1047.0,-5.23,FY2023/24
Torres and Cape,2023,Q3,Medical Imaging (Private),13953.0,14131.0,-178.0,-1.26,FY2023/24
Torres and Cape,2023,Q3,Accommodation Fees,5994.0,6285.0,-290.0,-4.62,FY2023/24
Torres and Cape,2023,Q3,Equipment Hire,4318.0,4623.0,-304.0,-6.59,FY2023/24
Torres and Cape,2023,Q3,Research Grants,10472.0,11256.0,-784.0,-6.97,FY2023/24
Torres and Cape,2023,Q3,Other Commercial,3111.0,3250.0,-139.0,-4.26,FY2023/24
Torres and Cape,2023,Q4,Car Parking,27771.0,30025.0,-2255.0,-7.51,FY2023/24
Torres and Cape,2023,Q4,Cafeteria & Food Services,14683.0,13739.0,944.0,6.87,FY2023/24
Torres and Cape,2023,Q4,Private Patient Fees,56354.0,51642.0,4712.0,9.12,FY2023/24
Torres and Cape,2023,Q4,Pharmacy Retail,17941.0,19534.0,-1592.0,-8.15,FY2023/24
Torres and Cape,2023,Q4,Medical Imaging (Private),16175.0,15775.0,400.0,2.54,FY2023/24
Torres and Cape,2023,Q4,Accommodation Fees,7107.0,7170.0,-64.0,-0.89,FY2023/24
Torres and Cape,2023,Q4,Equipment Hire,4571.0,4756.0,-185.0,-3.89,FY2023/24
Torres and Cape,2023,Q4,Research Grants,11720.0,12867.0,-1147.0,-8.91,FY2023/24
Torres and Cape,2023,Q4,Other Commercial,3044.0,3148.0,-105.0,-3.33,FY2023/24
Torres and Cape,2024,Q1,Car Parking,26603.0,24548.0,2056.0,8.37,FY2024/25
Torres and Cape,2024,Q1,Cafeteria & Food Services,14588.0,16046.0,-1457.0,-9.08,FY2024/25
Torres and Cape,2024,Q1,Private Patient Fees,62165.0,65730.0,-3565.0,-5.42,FY2024/25
Torres and Cape,2024,Q1,Pharmacy Retail,19918.0,19122.0,796.0,4.17,FY2024/25
Torres and Cape,2024,Q1,Medical Imaging (Private),13657.0,13068.0,588.0,4.5,FY2024/25
Torres and Cape,2024,Q1,Accommodation Fees,6427.0,6756.0,-329.0,-4.88,FY2024/25
Torres and Cape,2024,Q1,Equipment Hire,5015.0,4591.0,424.0,9.23,FY2024/25
Torres and Cape,2024,Q1,Research Grants,10251.0,9436.0,815.0,8.64,FY2024/25
Torres and Cape,2024,Q1,Other Commercial,3241.0,3522.0,-281.0,-7.97,FY2024/25
Torres and Cape,2024,Q2,Car Parking,30791.0,32650.0,-1859.0,-5.69,FY2024/25
Torres and Cape,2024,Q2,Cafeteria & Food Services,16426.0,15972.0,454.0,2.85,FY2024/25
Torres and Cape,2024,Q2,Private Patient Fees,52513.0,56461.0,-3948.0,-6.99,FY2024/25
Torres and Cape,2024,Q2,Pharmacy Retail,21222.0,19814.0,1409.0,7.11,FY2024/25
Torres and Cape,2024,Q2,Medical Imaging (Private),14948.0,14910.0,38.0,0.25,FY2024/25
Torres and Cape,2024,Q2,Accommodation Fees,6823.0,7432.0,-609.0,-8.19,FY2024/25
Torres and Cape,2024,Q2,Equipment Hire,5063.0,5104.0,-41.0,-0.8,FY2024/25
Torres and Cape,2024,Q2,Research Grants,10341.0,9437.0,904.0,9.58,FY2024/25
Torres and Cape,2024,Q2,Other Commercial,3063.0,2777.0,286.0,10.32,FY2024/25
Torres and Cape,2024,Q3,Car Parking,31549.0,32958.0,-1409.0,-4.28,FY2024/25
Torres and Cape,2024,Q3,Cafeteria & Food Services,15114.0,16129.0,-1016.0,-6.3,FY2024/25
Torres and Cape,2024,Q3,Private Patient Fees,53158.0,51044.0,2114.0,4.14,FY2024/25
Torres and Cape,2024,Q3,Pharmacy Retail,18675.0,18198.0,477.0,2.62,FY2024/25
Torres and Cape,2024,Q3,Medical Imaging (Private),14026.0,13995.0,31.0,0.22,FY2024/25
Torres and Cape,2024,Q3,Accommodation Fees,6477.0,7107.0,-630.0,-8.87,FY2024/25
Torres and Cape,2024,Q3,Equipment Hire,4439.0,4121.0,318.0,7.71,FY2024/25
Torres and Cape,2024,Q3,Research Grants,10348.0,10608.0,-260.0,-2.46,FY2024/25
Torres and Cape,2024,Q3,Other Commercial,2958.0,3157.0,-199.0,-6.3,FY2024/25
Torres and Cape,2024,Q4,Car Parking,29893.0,30055.0,-161.0,-0.54,FY2024/25
Torres and Cape,2024,Q4,Cafeteria & Food Services,16805.0,15698.0,1106.0,7.05,FY2024/25
Torres and Cape,2024,Q4,Private Patient Fees,53755.0,51807.0,1948.0,3.76,FY2024/25
Torres and Cape,2024,Q4,Pharmacy Retail,20318.0,19140.0,1178.0,6.15,FY2024/25
Torres and Cape,2024,Q4,Medical Imaging (Private),13532.0,14804.0,-1272.0,-8.59,FY2024/25
Torres and Cape,2024,Q4,Accommodation Fees,5864.0,6219.0,-355.0,-5.71,FY2024/25
Torres and Cape,2024,Q4,Equipment Hire,5311.0,5096.0,215.0,4.23,FY2024/25
Torres and Cape,2024,Q4,Research Grants,10578.0,9829.0,750.0,7.63,FY2024/25
Torres and Cape,2024,Q4,Other Commercial,3469.0,3568.0,-99.0,-2.78,FY2024/25
Metro North,2019,Q1,Car Parking,645841.0,702350.0,-56509.0,-8.05,FY2019/20
Metro North,2019,Q1,Cafeteria & Food Services,351477.0,327285.0,24192.0,7.39,FY2019/20
Metro North,2019,Q1,Private Patient Fees,1103589.0,1179118.0,-75528.0,-6.41,FY2019/20
Metro North,2019,Q1,Pharmacy Retail,375070.0,343003.0,32067.0,9.35,FY2019/20
Metro North,2019,Q1,Medical Imaging (Private),317153.0,310970.0,6183.0,1.99,FY2019/20
Metro North,2019,Q1,Accommodation Fees,147949.0,152395.0,-4446.0,-2.92,FY2019/20
Metro North,2019,Q1,Equipment Hire,90891.0,99033.0,-8141.0,-8.22,FY2019/20
Metro North,2019,Q1,Research Grants,221571.0,214357.0,7214.0,3.37,FY2019/20
Metro North,2019,Q1,Other Commercial,65624.0,59734.0,5890.0,9.86,FY2019/20
Metro North,2019,Q2,Car Parking,604294.0,558769.0,45525.0,8.15,FY2019/20
Metro North,2019,Q2,Cafeteria & Food Services,328014.0,318220.0,9794.0,3.08,FY2019/20
Metro North,2019,Q2,Private Patient Fees,1253006.0,1328981.0,-75975.0,-5.72,FY2019/20
Metro North,2019,Q2,Pharmacy Retail,369661.0,359795.0,9866.0,2.74,FY2019/20
Metro North,2019,Q2,Medical Imaging (Private),293208.0,272767.0,20442.0,7.49,FY2019/20
Metro North,2019,Q2,Accommodation Fees,144027.0,149996.0,-5969.0,-3.98,FY2019/20
Metro North,2019,Q2,Equipment Hire,93310.0,90822.0,2487.0,2.74,FY2019/20
Metro North,2019,Q2,Research Grants,212948.0,218409.0,-5460.0,-2.5,FY2019/20
Metro North,2019,Q2,Other Commercial,61093.0,67031.0,-5937.0,-8.86,FY2019/20
Metro North,2019,Q3,Car Parking,645542.0,631370.0,14171.0,2.24,FY2019/20
Metro North,2019,Q3,Cafeteria & Food Services,342335.0,370499.0,-28163.0,-7.6,FY2019/20
Metro North,2019,Q3,Private Patient Fees,1191269.0,1113717.0,77552.0,6.96,FY2019/20
Metro North,2019,Q3,Pharmacy Retail,391462.0,418328.0,-26866.0,-6.42,FY2019/20
Metro North,2019,Q3,Medical Imaging (Private),312866.0,322298.0,-9431.0,-2.93,FY2019/20
Metro North,2019,Q3,Accommodation Fees,146232.0,157755.0,-11522.0,-7.3,FY2019/20
Metro North,2019,Q3,Equipment Hire,110956.0,101965.0,8991.0,8.82,FY2019/20
Metro North,2019,Q3,Research Grants,237691.0,249124.0,-11433.0,-4.59,FY2019/20
Metro North,2019,Q3,Other Commercial,71344.0,72866.0,-1523.0,-2.09,FY2019/20
Metro North,2019,Q4,Car Parking,556434.0,589532.0,-33099.0,-5.61,FY2019/20
Metro North,2019,Q4,Cafeteria & Food Services,353750.0,324469.0,29281.0,9.02,FY2019/20
Metro North,2019,Q4,Private Patient Fees,1165786.0,1089771.0,76014.0,6.98,FY2019/20
Metro North,2019,Q4,Pharmacy Retail,387473.0,350127.0,37346.0,10.67,FY2019/20
Metro North,2019,Q4,Medical Imaging (Private),295166.0,298111.0,-2944.0,-0.99,FY2019/20
Metro North,2019,Q4,Accommodation Fees,138257.0,142778.0,-4521.0,-3.17,FY2019/20
Metro North,2019,Q4,Equipment Hire,108936.0,102736.0,6199.0,6.03,FY2019/20
Metro North,2019,Q4,Research Grants,213777.0,228807.0,-15030.0,-6.57,FY2019/20
Metro North,2019,Q4,Other Commercial,61662.0,67517.0,-5855.0,-8.67,FY2019/20
Metro North,2020,Q1,Car Parking,505617.0,505705.0,-89.0,-0.02,FY2020/21
Metro North,2020,Q1,Cafeteria & Food Services,289550.0,266234.0,23316.0,8.76,FY2020/21
Metro North,2020,Q1,Private Patient Fees,865522.0,889450.0,-23927.0,-2.69,FY2020/21
Metro North,2020,Q1,Pharmacy Retail,300260.0,325984.0,-25725.0,-7.89,FY2020/21
Metro North,2020,Q1,Medical Imaging (Private),209251.0,211319.0,-2068.0,-0.98,FY2020/21
Metro North,2020,Q1,Accommodation Fees,106088.0,109329.0,-3241.0,-2.96,FY2020/21
Metro North,2020,Q1,Equipment Hire,73302.0,71316.0,1986.0,2.78,FY2020/21
Metro North,2020,Q1,Research Grants,196679.0,184679.0,12000.0,6.5,FY2020/21
Metro North,2020,Q1,Other Commercial,55984.0,56686.0,-702.0,-1.24,FY2020/21
Metro North,2020,Q2,Car Parking,496607.0,517823.0,-21216.0,-4.1,FY2020/21
Metro North,2020,Q2,Cafeteria & Food Services,241340.0,244661.0,-3321.0,-1.36,FY2020/21
Metro North,2020,Q2,Private Patient Fees,988635.0,975212.0,13422.0,1.38,FY2020/21
Metro North,2020,Q2,Pharmacy Retail,346351.0,343041.0,3310.0,0.96,FY2020/21
Metro North,2020,Q2,Medical Imaging (Private),213577.0,208854.0,4723.0,2.26,FY2020/21
Metro North,2020,Q2,Accommodation Fees,115079.0,110930.0,4149.0,3.74,FY2020/21
Metro North,2020,Q2,Equipment Hire,84747.0,91209.0,-6462.0,-7.08,FY2020/21
Metro North,2020,Q2,Research Grants,175159.0,160560.0,14599.0,9.09,FY2020/21
Metro North,2020,Q2,Other Commercial,54710.0,52647.0,2062.0,3.92,FY2020/21
Metro North,2020,Q3,Car Parking,498932.0,493210.0,5722.0,1.16,FY2020/21
Metro North,2020,Q3,Cafeteria & Food Services,258642.0,273018.0,-14376.0,-5.27,FY2020/21
Metro North,2020,Q3,Private Patient Fees,882812.0,872770.0,10042.0,1.15,FY2020/21
Metro North,2020,Q3,Pharmacy Retail,302217.0,294198.0,8018.0,2.73,FY2020/21
Metro North,2020,Q3,Medical Imaging (Private),235059.0,249576.0,-14517.0,-5.82,FY2020/21
Metro North,2020,Q3,Accommodation Fees,100380.0,100867.0,-487.0,-0.48,FY2020/21
Metro North,2020,Q3,Equipment Hire,81059.0,77321.0,3738.0,4.83,FY2020/21
Metro North,2020,Q3,Research Grants,171991.0,186899.0,-14909.0,-7.98,FY2020/21
Metro North,2020,Q3,Other Commercial,54697.0,55541.0,-844.0,-1.52,FY2020/21
Metro North,2020,Q4,Car Parking,483772.0,438230.0,45542.0,10.39,FY2020/21
Metro North,2020,Q4,Cafeteria & Food Services,266917.0,267425.0,-508.0,-0.19,FY2020/21
Metro North,2020,Q4,Private Patient Fees,918435.0,892613.0,25822.0,2.89,FY2020/21
Metro North,2020,Q4,Pharmacy Retail,280186.0,263001.0,17184.0,6.53,FY2020/21
Metro North,2020,Q4,Medical Imaging (Private),258875.0,254148.0,4727.0,1.86,FY2020/21
Metro North,2020,Q4,Accommodation Fees,102994.0,93780.0,9214.0,9.82,FY2020/21
Metro North,2020,Q4,Equipment Hire,69226.0,72233.0,-3007.0,-4.16,FY2020/21
Metro North,2020,Q4,Research Grants,183353.0,183672.0,-319.0,-0.17,FY2020/21
Metro North,2020,Q4,Other Commercial,48712.0,51096.0,-2384.0,-4.67,FY2020/21
Metro North,2021,Q1,Car Parking,519237.0,487038.0,32199.0,6.61,FY2021/22
Metro North,2021,Q1,Cafeteria & Food Services,310466.0,297195.0,13271.0,4.47,FY2021/22
Metro North,2021,Q1,Private Patient Fees,1030487.0,1060420.0,-29933.0,-2.82,FY2021/22
Metro North,2021,Q1,Pharmacy Retail,389732.0,415027.0,-25295.0,-6.09,FY2021/22
Metro North,2021,Q1,Medical Imaging (Private),276508.0,252899.0,23609.0,9.34,FY2021/22
Metro North,2021,Q1,Accommodation Fees,118558.0,129940.0,-11382.0,-8.76,FY2021/22
Metro North,2021,Q1,Equipment Hire,96198.0,100234.0,-4035.0,-4.03,FY2021/22
Metro North,2021,Q1,Research Grants,193455.0,194159.0,-704.0,-0.36,FY2021/22
Metro North,2021,Q1,Other Commercial,55727.0,56498.0,-772.0,-1.37,FY2021/22
Metro North,2021,Q2,Car Parking,621129.0,679319.0,-58190.0,-8.57,FY2021/22
Metro North,2021,Q2,Cafeteria & Food Services,316471.0,313826.0,2645.0,0.84,FY2021/22
Metro North,2021,Q2,Private Patient Fees,1214134.0,1256291.0,-42157.0,-3.36,FY2021/22
Metro North,2021,Q2,Pharmacy Retail,336831.0,334522.0,2309.0,0.69,FY2021/22
Metro North,2021,Q2,Medical Imaging (Private),264494.0,262896.0,1597.0,0.61,FY2021/22
Metro North,2021,Q2,Accommodation Fees,124028.0,126066.0,-2038.0,-1.62,FY2021/22
Metro North,2021,Q2,Equipment Hire,90794.0,84698.0,6096.0,7.2,FY2021/22
Metro North,2021,Q2,Research Grants,219590.0,234092.0,-14502.0,-6.19,FY2021/22
Metro North,2021,Q2,Other Commercial,65152.0,63045.0,2106.0,3.34,FY2021/22
Metro North,2021,Q3,Car Parking,623126.0,674498.0,-51371.0,-7.62,FY2021/22
Metro North,2021,Q3,Cafeteria & Food Services,291558.0,264700.0,26857.0,10.15,FY2021/22
Metro North,2021,Q3,Private Patient Fees,1160503.0,1236542.0,-76039.0,-6.15,FY2021/22
Metro North,2021,Q3,Pharmacy Retail,418337.0,450953.0,-32617.0,-7.23,FY2021/22
Metro North,2021,Q3,Medical Imaging (Private),288885.0,290621.0,-1736.0,-0.6,FY2021/22
Metro North,2021,Q3,Accommodation Fees,111162.0,105529.0,5632.0,5.34,FY2021/22
Metro North,2021,Q3,Equipment Hire,93115.0,95508.0,-2393.0,-2.51,FY2021/22
Metro North,2021,Q3,Research Grants,222409.0,233202.0,-10793.0,-4.63,FY2021/22
Metro North,2021,Q3,Other Commercial,59371.0,60142.0,-771.0,-1.28,FY2021/22
Metro North,2021,Q4,Car Parking,508393.0,499614.0,8778.0,1.76,FY2021/22
Metro North,2021,Q4,Cafeteria & Food Services,332238.0,345089.0,-12851.0,-3.72,FY2021/22
Metro North,2021,Q4,Private Patient Fees,1226146.0,1171678.0,54468.0,4.65,FY2021/22
Metro North,2021,Q4,Pharmacy Retail,375942.0,363124.0,12817.0,3.53,FY2021/22
Metro North,2021,Q4,Medical Imaging (Private),278058.0,297908.0,-19851.0,-6.66,FY2021/22
Metro North,2021,Q4,Accommodation Fees,130911.0,140924.0,-10013.0,-7.11,FY2021/22
Metro North,2021,Q4,Equipment Hire,87336.0,93857.0,-6522.0,-6.95,FY2021/22
Metro North,2021,Q4,Research Grants,196214.0,211464.0,-15250.0,-7.21,FY2021/22
Metro North,2021,Q4,Other Commercial,60113.0,57884.0,2229.0,3.85,FY2021/22
Metro North,2022,Q1,Car Parking,661145.0,719417.0,-58272.0,-8.1,FY2022/23
Metro North,2022,Q1,Cafeteria & Food Services,326491.0,316842.0,9649.0,3.05,FY2022/23
Metro North,2022,Q1,Private Patient Fees,1391536.0,1362608.0,28929.0,2.12,FY2022/23
Metro North,2022,Q1,Pharmacy Retail,407756.0,401623.0,6133.0,1.53,FY2022/23
Metro North,2022,Q1,Medical Imaging (Private),320562.0,347196.0,-26633.0,-7.67,FY2022/23
Metro North,2022,Q1,Accommodation Fees,155705.0,155865.0,-159.0,-0.1,FY2022/23
Metro North,2022,Q1,Equipment Hire,122750.0,121898.0,852.0,0.7,FY2022/23
Metro North,2022,Q1,Research Grants,229187.0,218290.0,10897.0,4.99,FY2022/23
Metro North,2022,Q1,Other Commercial,72124.0,67175.0,4949.0,7.37,FY2022/23
Metro North,2022,Q2,Car Parking,730044.0,769006.0,-38962.0,-5.07,FY2022/23
Metro North,2022,Q2,Cafeteria & Food Services,345873.0,352154.0,-6281.0,-1.78,FY2022/23
Metro North,2022,Q2,Private Patient Fees,1349967.0,1469109.0,-119142.0,-8.11,FY2022/23
Metro North,2022,Q2,Pharmacy Retail,479742.0,481199.0,-1458.0,-0.3,FY2022/23
Metro North,2022,Q2,Medical Imaging (Private),351343.0,355710.0,-4367.0,-1.23,FY2022/23
Metro North,2022,Q2,Accommodation Fees,148349.0,136918.0,11431.0,8.35,FY2022/23
Metro North,2022,Q2,Equipment Hire,100014.0,100604.0,-591.0,-0.59,FY2022/23
Metro North,2022,Q2,Research Grants,242146.0,218951.0,23196.0,10.59,FY2022/23
Metro North,2022,Q2,Other Commercial,77165.0,69950.0,7215.0,10.31,FY2022/23
Metro North,2022,Q3,Car Parking,674306.0,679592.0,-5286.0,-0.78,FY2022/23
Metro North,2022,Q3,Cafeteria & Food Services,407448.0,406161.0,1286.0,0.32,FY2022/23
Metro North,2022,Q3,Private Patient Fees,1147586.0,1159449.0,-11863.0,-1.02,FY2022/23
Metro North,2022,Q3,Pharmacy Retail,475466.0,522713.0,-47247.0,-9.04,FY2022/23
Metro North,2022,Q3,Medical Imaging (Private),324106.0,312457.0,11648.0,3.73,FY2022/23
Metro North,2022,Q3,Accommodation Fees,160794.0,150864.0,9929.0,6.58,FY2022/23
Metro North,2022,Q3,Equipment Hire,112916.0,110787.0,2129.0,1.92,FY2022/23
Metro North,2022,Q3,Research Grants,228132.0,221164.0,6968.0,3.15,FY2022/23
Metro North,2022,Q3,Other Commercial,69121.0,71693.0,-2573.0,-3.59,FY2022/23
Metro North,2022,Q4,Car Parking,730238.0,696362.0,33876.0,4.86,FY2022/23
Metro North,2022,Q4,Cafeteria & Food Services,393617.0,358614.0,35004.0,9.76,FY2022/23
Metro North,2022,Q4,Private Patient Fees,1293568.0,1182463.0,111105.0,9.4,FY2022/23
Metro North,2022,Q4,Pharmacy Retail,485269.0,511119.0,-25850.0,-5.06,FY2022/23
Metro North,2022,Q4,Medical Imaging (Private),342111.0,364273.0,-22162.0,-6.08,FY2022/23
Metro North,2022,Q4,Accommodation Fees,151683.0,165909.0,-14226.0,-8.57,FY2022/23
Metro North,2022,Q4,Equipment Hire,115514.0,125325.0,-9811.0,-7.83,FY2022/23
Metro North,2022,Q4,Research Grants,257422.0,237707.0,19715.0,8.29,FY2022/23
Metro North,2022,Q4,Other Commercial,73743.0,68240.0,5503.0,8.06,FY2022/23
Metro North,2023,Q1,Car Parking,692413.0,689988.0,2424.0,0.35,FY2023/24
Metro North,2023,Q1,Cafeteria & Food Services,387391.0,349430.0,37961.0,10.86,FY2023/24
Metro North,2023,Q1,Private Patient Fees,1220656.0,1218540.0,2117.0,0.17,FY2023/24
Metro North,2023,Q1,Pharmacy Retail,500410.0,488761.0,11649.0,2.38,FY2023/24
Metro North,2023,Q1,Medical Imaging (Private),332541.0,346820.0,-14279.0,-4.12,FY2023/24
Metro North,2023,Q1,Accommodation Fees,154278.0,148073.0,6204.0,4.19,FY2023/24
Metro North,2023,Q1,Equipment Hire,110480.0,104242.0,6238.0,5.98,FY2023/24
Metro North,2023,Q1,Research Grants,292887.0,271250.0,21636.0,7.98,FY2023/24
Metro North,2023,Q1,Other Commercial,72949.0,66031.0,6918.0,10.48,FY2023/24
Metro North,2023,Q2,Car Parking,632146.0,667605.0,-35460.0,-5.31,FY2023/24
Metro North,2023,Q2,Cafeteria & Food Services,349331.0,319992.0,29339.0,9.17,FY2023/24
Metro North,2023,Q2,Private Patient Fees,1309044.0,1180750.0,128294.0,10.87,FY2023/24
Metro North,2023,Q2,Pharmacy Retail,406581.0,431596.0,-25015.0,-5.8,FY2023/24
Metro North,2023,Q2,Medical Imaging (Private),360755.0,390707.0,-29953.0,-7.67,FY2023/24
Metro North,2023,Q2,Accommodation Fees,163335.0,169319.0,-5984.0,-3.53,FY2023/24
Metro North,2023,Q2,Equipment Hire,100766.0,106467.0,-5700.0,-5.35,FY2023/24
Metro North,2023,Q2,Research Grants,285268.0,302332.0,-17064.0,-5.64,FY2023/24
Metro North,2023,Q2,Other Commercial,75417.0,71388.0,4029.0,5.64,FY2023/24
Metro North,2023,Q3,Car Parking,733516.0,766842.0,-33326.0,-4.35,FY2023/24
Metro North,2023,Q3,Cafeteria & Food Services,419741.0,390837.0,28904.0,7.4,FY2023/24
Metro North,2023,Q3,Private Patient Fees,1230400.0,1159479.0,70921.0,6.12,FY2023/24
Metro North,2023,Q3,Pharmacy Retail,483290.0,453027.0,30263.0,6.68,FY2023/24
Metro North,2023,Q3,Medical Imaging (Private),303464.0,333723.0,-30259.0,-9.07,FY2023/24
Metro North,2023,Q3,Accommodation Fees,133361.0,142303.0,-8942.0,-6.28,FY2023/24
Metro North,2023,Q3,Equipment Hire,109248.0,116712.0,-7464.0,-6.4,FY2023/24
Metro North,2023,Q3,Research Grants,266877.0,288314.0,-21437.0,-7.44,FY2023/24
Metro North,2023,Q3,Other Commercial,82962.0,74817.0,8145.0,10.89,FY2023/24
Metro North,2023,Q4,Car Parking,608351.0,577977.0,30374.0,5.26,FY2023/24
Metro North,2023,Q4,Cafeteria & Food Services,391612.0,422022.0,-30410.0,-7.21,FY2023/24
Metro North,2023,Q4,Private Patient Fees,1304457.0,1332366.0,-27908.0,-2.09,FY2023/24
Metro North,2023,Q4,Pharmacy Retail,417824.0,443308.0,-25484.0,-5.75,FY2023/24
Metro North,2023,Q4,Medical Imaging (Private),376675.0,359242.0,17433.0,4.85,FY2023/24
Metro North,2023,Q4,Accommodation Fees,150341.0,137896.0,12445.0,9.02,FY2023/24
Metro North,2023,Q4,Equipment Hire,114498.0,114562.0,-64.0,-0.06,FY2023/24
Metro North,2023,Q4,Research Grants,240945.0,238153.0,2792.0,1.17,FY2023/24
Metro North,2023,Q4,Other Commercial,72267.0,72583.0,-316.0,-0.43,FY2023/24
Metro North,2024,Q1,Car Parking,709818.0,640042.0,69776.0,10.9,FY2024/25
Metro North,2024,Q1,Cafeteria & Food Services,410605.0,428098.0,-17493.0,-4.09,FY2024/25
Metro North,2024,Q1,Private Patient Fees,1309000.0,1191958.0,117041.0,9.82,FY2024/25
Metro North,2024,Q1,Pharmacy Retail,492050.0,536843.0,-44794.0,-8.34,FY2024/25
Metro North,2024,Q1,Medical Imaging (Private),326072.0,314564.0,11509.0,3.66,FY2024/25
Metro North,2024,Q1,Accommodation Fees,142831.0,145029.0,-2198.0,-1.52,FY2024/25
Metro North,2024,Q1,Equipment Hire,106317.0,103260.0,3058.0,2.96,FY2024/25
Metro North,2024,Q1,Research Grants,283269.0,286675.0,-3406.0,-1.19,FY2024/25
Metro North,2024,Q1,Other Commercial,75174.0,73975.0,1199.0,1.62,FY2024/25
Metro North,2024,Q2,Car Parking,705888.0,636127.0,69761.0,10.97,FY2024/25
Metro North,2024,Q2,Cafeteria & Food Services,347313.0,373796.0,-26483.0,-7.08,FY2024/25
Metro North,2024,Q2,Private Patient Fees,1215390.0,1265659.0,-50269.0,-3.97,FY2024/25
Metro North,2024,Q2,Pharmacy Retail,510423.0,487014.0,23410.0,4.81,FY2024/25
Metro North,2024,Q2,Medical Imaging (Private),336951.0,341596.0,-4645.0,-1.36,FY2024/25
Metro North,2024,Q2,Accommodation Fees,168719.0,183631.0,-14912.0,-8.12,FY2024/25
Metro North,2024,Q2,Equipment Hire,122585.0,112450.0,10135.0,9.01,FY2024/25
Metro North,2024,Q2,Research Grants,281461.0,276411.0,5049.0,1.83,FY2024/25
Metro North,2024,Q2,Other Commercial,76737.0,69817.0,6919.0,9.91,FY2024/25
Metro North,2024,Q3,Car Parking,643951.0,681366.0,-37415.0,-5.49,FY2024/25
Metro North,2024,Q3,Cafeteria & Food Services,382130.0,366972.0,15158.0,4.13,FY2024/25
Metro North,2024,Q3,Private Patient Fees,1314755.0,1407945.0,-93190.0,-6.62,FY2024/25
Metro North,2024,Q3,Pharmacy Retail,491389.0,469013.0,22376.0,4.77,FY2024/25
Metro North,2024,Q3,Medical Imaging (Private),315836.0,300170.0,15666.0,5.22,FY2024/25
Metro North,2024,Q3,Accommodation Fees,170168.0,172944.0,-2777.0,-1.61,FY2024/25
Metro North,2024,Q3,Equipment Hire,116851.0,119104.0,-2253.0,-1.89,FY2024/25
Metro North,2024,Q3,Research Grants,261783.0,277862.0,-16079.0,-5.79,FY2024/25
Metro North,2024,Q3,Other Commercial,77712.0,71755.0,5957.0,8.3,FY2024/25
Metro North,2024,Q4,Car Parking,633602.0,638273.0,-4671.0,-0.73,FY2024/25
Metro North,2024,Q4,Cafeteria & Food Services,426886.0,410523.0,16362.0,3.99,FY2024/25
Metro North,2024,Q4,Private Patient Fees,1472344.0,1550112.0,-77768.0,-5.02,FY2024/25
Metro North,2024,Q4,Pharmacy Retail,435616.0,395220.0,40395.0,10.22,FY2024/25
Metro North,2024,Q4,Medical Imaging (Private),314529.0,328903.0,-14374.0,-4.37,FY2024/25
Metro North,2024,Q4,Accommodation Fees,143419.0,139727.0,3692.0,2.64,FY2024/25
Metro North,2024,Q4,Equipment Hire,115967.0,121197.0,-5229.0,-4.31,FY2024/25
Metro North,2024,Q4,Research Grants,245373.0,240778.0,4595.0,1.91,FY2024/25
Metro North,2024,Q4,Other Commercial,77003.0,77632.0,-629.0,-0.81,FY2024/25
Metro South,2019,Q1,Car Parking,604510.0,564815.0,39695.0,7.03,FY2019/20
Metro South,2019,Q1,Cafeteria & Food Services,335050.0,347975.0,-12925.0,-3.71,FY2019/20
Metro South,2019,Q1,Private Patient Fees,1106643.0,1150804.0,-44161.0,-3.84,FY2019/20
Metro South,2019,Q1,Pharmacy Retail,366494.0,339989.0,26505.0,7.8,FY2019/20
Metro South,2019,Q1,Medical Imaging (Private),291971.0,293412.0,-1441.0,-0.49,FY2019/20
Metro South,2019,Q1,Accommodation Fees,128975.0,124796.0,4179.0,3.35,FY2019/20
Metro South,2019,Q1,Equipment Hire,102740.0,104535.0,-1795.0,-1.72,FY2019/20
Metro South,2019,Q1,Research Grants,196668.0,194694.0,1974.0,1.01,FY2019/20
Metro South,2019,Q1,Other Commercial,66239.0,70136.0,-3897.0,-5.56,FY2019/20
Metro South,2019,Q2,Car Parking,560872.0,605152.0,-44281.0,-7.32,FY2019/20
Metro South,2019,Q2,Cafeteria & Food Services,294603.0,289335.0,5268.0,1.82,FY2019/20
Metro South,2019,Q2,Private Patient Fees,1196464.0,1291286.0,-94821.0,-7.34,FY2019/20
Metro South,2019,Q2,Pharmacy Retail,391087.0,419166.0,-28079.0,-6.7,FY2019/20
Metro South,2019,Q2,Medical Imaging (Private),253087.0,271562.0,-18475.0,-6.8,FY2019/20
Metro South,2019,Q2,Accommodation Fees,119427.0,111744.0,7683.0,6.88,FY2019/20
Metro South,2019,Q2,Equipment Hire,87745.0,86306.0,1440.0,1.67,FY2019/20
Metro South,2019,Q2,Research Grants,205358.0,197989.0,7370.0,3.72,FY2019/20
Metro South,2019,Q2,Other Commercial,56933.0,54613.0,2321.0,4.25,FY2019/20
Metro South,2019,Q3,Car Parking,571343.0,564698.0,6644.0,1.18,FY2019/20
Metro South,2019,Q3,Cafeteria & Food Services,300522.0,315335.0,-14813.0,-4.7,FY2019/20
Metro South,2019,Q3,Private Patient Fees,1195131.0,1256510.0,-61379.0,-4.88,FY2019/20
Metro South,2019,Q3,Pharmacy Retail,359304.0,376870.0,-17566.0,-4.66,FY2019/20
Metro South,2019,Q3,Medical Imaging (Private),257346.0,238319.0,19027.0,7.98,FY2019/20
Metro South,2019,Q3,Accommodation Fees,120176.0,127572.0,-7396.0,-5.8,FY2019/20
Metro South,2019,Q3,Equipment Hire,87902.0,80224.0,7678.0,9.57,FY2019/20
Metro South,2019,Q3,Research Grants,199096.0,213381.0,-14285.0,-6.69,FY2019/20
Metro South,2019,Q3,Other Commercial,64404.0,61225.0,3179.0,5.19,FY2019/20
Metro South,2019,Q4,Car Parking,569053.0,572192.0,-3139.0,-0.55,FY2019/20
Metro South,2019,Q4,Cafeteria & Food Services,323639.0,306369.0,17270.0,5.64,FY2019/20
Metro South,2019,Q4,Private Patient Fees,1187503.0,1142228.0,45275.0,3.96,FY2019/20
Metro South,2019,Q4,Pharmacy Retail,391844.0,353923.0,37921.0,10.71,FY2019/20
Metro South,2019,Q4,Medical Imaging (Private),272218.0,264145.0,8073.0,3.06,FY2019/20
Metro South,2019,Q4,Accommodation Fees,126102.0,115327.0,10776.0,9.34,FY2019/20
Metro South,2019,Q4,Equipment Hire,100118.0,94466.0,5651.0,5.98,FY2019/20
Metro South,2019,Q4,Research Grants,227680.0,241487.0,-13807.0,-5.72,FY2019/20
Metro South,2019,Q4,Other Commercial,63327.0,66378.0,-3051.0,-4.6,FY2019/20
Metro South,2020,Q1,Car Parking,450689.0,437667.0,13022.0,2.98,FY2020/21
Metro South,2020,Q1,Cafeteria & Food Services,258886.0,248256.0,10630.0,4.28,FY2020/21
Metro South,2020,Q1,Private Patient Fees,857988.0,900097.0,-42110.0,-4.68,FY2020/21
Metro South,2020,Q1,Pharmacy Retail,280822.0,269744.0,11077.0,4.11,FY2020/21
Metro South,2020,Q1,Medical Imaging (Private),214802.0,228461.0,-13660.0,-5.98,FY2020/21
Metro South,2020,Q1,Accommodation Fees,106355.0,107314.0,-959.0,-0.89,FY2020/21
Metro South,2020,Q1,Equipment Hire,75108.0,81166.0,-6058.0,-7.46,FY2020/21
Metro South,2020,Q1,Research Grants,152459.0,144289.0,8169.0,5.66,FY2020/21
Metro South,2020,Q1,Other Commercial,50621.0,53898.0,-3278.0,-6.08,FY2020/21
Metro South,2020,Q2,Car Parking,471010.0,463013.0,7997.0,1.73,FY2020/21
Metro South,2020,Q2,Cafeteria & Food Services,217265.0,214562.0,2704.0,1.26,FY2020/21
Metro South,2020,Q2,Private Patient Fees,789055.0,756104.0,32952.0,4.36,FY2020/21
Metro South,2020,Q2,Pharmacy Retail,308123.0,281965.0,26158.0,9.28,FY2020/21
Metro South,2020,Q2,Medical Imaging (Private),233972.0,230587.0,3385.0,1.47,FY2020/21
Metro South,2020,Q2,Accommodation Fees,98631.0,90536.0,8095.0,8.94,FY2020/21
Metro South,2020,Q2,Equipment Hire,69484.0,63782.0,5702.0,8.94,FY2020/21
Metro South,2020,Q2,Research Grants,187403.0,198919.0,-11516.0,-5.79,FY2020/21
Metro South,2020,Q2,Other Commercial,47737.0,45098.0,2639.0,5.85,FY2020/21
Metro South,2020,Q3,Car Parking,478968.0,464081.0,14887.0,3.21,FY2020/21
Metro South,2020,Q3,Cafeteria & Food Services,221410.0,224207.0,-2797.0,-1.25,FY2020/21
Metro South,2020,Q3,Private Patient Fees,933415.0,840789.0,92626.0,11.02,FY2020/21
Metro South,2020,Q3,Pharmacy Retail,271046.0,294814.0,-23768.0,-8.06,FY2020/21
Metro South,2020,Q3,Medical Imaging (Private),199795.0,184340.0,15454.0,8.38,FY2020/21
Metro South,2020,Q3,Accommodation Fees,98032.0,105126.0,-7094.0,-6.75,FY2020/21
Metro South,2020,Q3,Equipment Hire,71909.0,79021.0,-7113.0,-9.0,FY2020/21
Metro South,2020,Q3,Research Grants,175969.0,160979.0,14990.0,9.31,FY2020/21
Metro South,2020,Q3,Other Commercial,53906.0,52913.0,993.0,1.88,FY2020/21
Metro South,2020,Q4,Car Parking,411700.0,416466.0,-4766.0,-1.14,FY2020/21
Metro South,2020,Q4,Cafeteria & Food Services,229700.0,210702.0,18998.0,9.02,FY2020/21
Metro South,2020,Q4,Private Patient Fees,742631.0,735143.0,7488.0,1.02,FY2020/21
Metro South,2020,Q4,Pharmacy Retail,312607.0,317128.0,-4521.0,-1.43,FY2020/21
Metro South,2020,Q4,Medical Imaging (Private),242907.0,232552.0,10355.0,4.45,FY2020/21
Metro South,2020,Q4,Accommodation Fees,91328.0,85113.0,6215.0,7.3,FY2020/21
Metro South,2020,Q4,Equipment Hire,66476.0,63620.0,2856.0,4.49,FY2020/21
Metro South,2020,Q4,Research Grants,180571.0,195225.0,-14654.0,-7.51,FY2020/21
Metro South,2020,Q4,Other Commercial,53700.0,50825.0,2875.0,5.66,FY2020/21
Metro South,2021,Q1,Car Parking,571800.0,552159.0,19641.0,3.56,FY2021/22
Metro South,2021,Q1,Cafeteria & Food Services,263991.0,283528.0,-19537.0,-6.89,FY2021/22
Metro South,2021,Q1,Private Patient Fees,1051891.0,981358.0,70533.0,7.19,FY2021/22
Metro South,2021,Q1,Pharmacy Retail,343359.0,328750.0,14609.0,4.44,FY2021/22
Metro South,2021,Q1,Medical Imaging (Private),276816.0,274237.0,2579.0,0.94,FY2021/22
Metro South,2021,Q1,Accommodation Fees,130084.0,118499.0,11584.0,9.78,FY2021/22
Metro South,2021,Q1,Equipment Hire,84272.0,83967.0,305.0,0.36,FY2021/22
Metro South,2021,Q1,Research Grants,203877.0,196371.0,7505.0,3.82,FY2021/22
Metro South,2021,Q1,Other Commercial,61409.0,66012.0,-4603.0,-6.97,FY2021/22
Metro South,2021,Q2,Car Parking,579019.0,614350.0,-35331.0,-5.75,FY2021/22
Metro South,2021,Q2,Cafeteria & Food Services,315521.0,318711.0,-3190.0,-1.0,FY2021/22
Metro South,2021,Q2,Private Patient Fees,1098287.0,1055125.0,43162.0,4.09,FY2021/22
Metro South,2021,Q2,Pharmacy Retail,340731.0,328254.0,12477.0,3.8,FY2021/22
Metro South,2021,Q2,Medical Imaging (Private),259880.0,248735.0,11145.0,4.48,FY2021/22
Metro South,2021,Q2,Accommodation Fees,129311.0,124470.0,4840.0,3.89,FY2021/22
Metro South,2021,Q2,Equipment Hire,78887.0,79310.0,-423.0,-0.53,FY2021/22
Metro South,2021,Q2,Research Grants,182068.0,167887.0,14182.0,8.45,FY2021/22
Metro South,2021,Q2,Other Commercial,54287.0,53900.0,387.0,0.72,FY2021/22
Metro South,2021,Q3,Car Parking,515468.0,546365.0,-30896.0,-5.65,FY2021/22
Metro South,2021,Q3,Cafeteria & Food Services,307760.0,303225.0,4535.0,1.5,FY2021/22
Metro South,2021,Q3,Private Patient Fees,977964.0,942066.0,35897.0,3.81,FY2021/22
Metro South,2021,Q3,Pharmacy Retail,372206.0,338862.0,33344.0,9.84,FY2021/22
Metro South,2021,Q3,Medical Imaging (Private),231305.0,244977.0,-13672.0,-5.58,FY2021/22
Metro South,2021,Q3,Accommodation Fees,115775.0,107228.0,8547.0,7.97,FY2021/22
Metro South,2021,Q3,Equipment Hire,81769.0,88842.0,-7073.0,-7.96,FY2021/22
Metro South,2021,Q3,Research Grants,221301.0,230586.0,-9285.0,-4.03,FY2021/22
Metro South,2021,Q3,Other Commercial,57958.0,58194.0,-236.0,-0.4,FY2021/22
Metro South,2021,Q4,Car Parking,583611.0,637977.0,-54366.0,-8.52,FY2021/22
Metro South,2021,Q4,Cafeteria & Food Services,271146.0,288017.0,-16871.0,-5.86,FY2021/22
Metro South,2021,Q4,Private Patient Fees,944603.0,890484.0,54119.0,6.08,FY2021/22
Metro South,2021,Q4,Pharmacy Retail,364000.0,357084.0,6916.0,1.94,FY2021/22
Metro South,2021,Q4,Medical Imaging (Private),289059.0,265298.0,23760.0,8.96,FY2021/22
Metro South,2021,Q4,Accommodation Fees,116735.0,126507.0,-9771.0,-7.72,FY2021/22
Metro South,2021,Q4,Equipment Hire,95778.0,89199.0,6579.0,7.38,FY2021/22
Metro South,2021,Q4,Research Grants,197203.0,201901.0,-4698.0,-2.33,FY2021/22
Metro South,2021,Q4,Other Commercial,53449.0,58452.0,-5003.0,-8.56,FY2021/22
Metro South,2022,Q1,Car Parking,673077.0,628243.0,44834.0,7.14,FY2022/23
Metro South,2022,Q1,Cafeteria & Food Services,309159.0,283524.0,25635.0,9.04,FY2022/23
Metro South,2022,Q1,Private Patient Fees,1307245.0,1227143.0,80102.0,6.53,FY2022/23
Metro South,2022,Q1,Pharmacy Retail,399897.0,395806.0,4091.0,1.03,FY2022/23
Metro South,2022,Q1,Medical Imaging (Private),313345.0,286506.0,26839.0,9.37,FY2022/23
Metro South,2022,Q1,Accommodation Fees,127111.0,138081.0,-10969.0,-7.94,FY2022/23
Metro South,2022,Q1,Equipment Hire,112024.0,118327.0,-6302.0,-5.33,FY2022/23
Metro South,2022,Q1,Research Grants,210598.0,203311.0,7286.0,3.58,FY2022/23
Metro South,2022,Q1,Other Commercial,70105.0,66953.0,3152.0,4.71,FY2022/23
Metro South,2022,Q2,Car Parking,672318.0,690322.0,-18003.0,-2.61,FY2022/23
Metro South,2022,Q2,Cafeteria & Food Services,305139.0,330100.0,-24961.0,-7.56,FY2022/23
Metro South,2022,Q2,Private Patient Fees,1321049.0,1209476.0,111573.0,9.22,FY2022/23
Metro South,2022,Q2,Pharmacy Retail,411265.0,395092.0,16174.0,4.09,FY2022/23
Metro South,2022,Q2,Medical Imaging (Private),298200.0,279095.0,19106.0,6.85,FY2022/23
Metro South,2022,Q2,Accommodation Fees,138581.0,151274.0,-12693.0,-8.39,FY2022/23
Metro South,2022,Q2,Equipment Hire,102099.0,93582.0,8517.0,9.1,FY2022/23
Metro South,2022,Q2,Research Grants,244912.0,237086.0,7826.0,3.3,FY2022/23
Metro South,2022,Q2,Other Commercial,73826.0,72862.0,964.0,1.32,FY2022/23
Metro South,2022,Q3,Car Parking,567018.0,531988.0,35030.0,6.58,FY2022/23
Metro South,2022,Q3,Cafeteria & Food Services,362016.0,345044.0,16972.0,4.92,FY2022/23
Metro South,2022,Q3,Private Patient Fees,1266620.0,1192114.0,74506.0,6.25,FY2022/23
Metro South,2022,Q3,Pharmacy Retail,390631.0,387935.0,2696.0,0.7,FY2022/23
Metro South,2022,Q3,Medical Imaging (Private),338628.0,367867.0,-29239.0,-7.95,FY2022/23
Metro South,2022,Q3,Accommodation Fees,126462.0,122876.0,3586.0,2.92,FY2022/23
Metro South,2022,Q3,Equipment Hire,93439.0,93626.0,-187.0,-0.2,FY2022/23
Metro South,2022,Q3,Research Grants,235804.0,254704.0,-18900.0,-7.42,FY2022/23
Metro South,2022,Q3,Other Commercial,75035.0,73288.0,1747.0,2.38,FY2022/23
Metro South,2022,Q4,Car Parking,610930.0,659345.0,-48415.0,-7.34,FY2022/23
Metro South,2022,Q4,Cafeteria & Food Services,365113.0,328869.0,36244.0,11.02,FY2022/23
Metro South,2022,Q4,Private Patient Fees,1138877.0,1121059.0,17818.0,1.59,FY2022/23
Metro South,2022,Q4,Pharmacy Retail,381624.0,358693.0,22930.0,6.39,FY2022/23
Metro South,2022,Q4,Medical Imaging (Private),272119.0,279922.0,-7803.0,-2.79,FY2022/23
Metro South,2022,Q4,Accommodation Fees,128279.0,116794.0,11485.0,9.83,FY2022/23
Metro South,2022,Q4,Equipment Hire,95437.0,101200.0,-5763.0,-5.69,FY2022/23
Metro South,2022,Q4,Research Grants,258138.0,257264.0,874.0,0.34,FY2022/23
Metro South,2022,Q4,Other Commercial,66646.0,73015.0,-6369.0,-8.72,FY2022/23
Metro South,2023,Q1,Car Parking,583790.0,550556.0,33234.0,6.04,FY2023/24
Metro South,2023,Q1,Cafeteria & Food Services,331985.0,310257.0,21728.0,7.0,FY2023/24
Metro South,2023,Q1,Private Patient Fees,1187630.0,1285214.0,-97584.0,-7.59,FY2023/24
Metro South,2023,Q1,Pharmacy Retail,430936.0,423347.0,7589.0,1.79,FY2023/24
Metro South,2023,Q1,Medical Imaging (Private),347285.0,315923.0,31362.0,9.93,FY2023/24
Metro South,2023,Q1,Accommodation Fees,130057.0,131771.0,-1714.0,-1.3,FY2023/24
Metro South,2023,Q1,Equipment Hire,107739.0,97818.0,9922.0,10.14,FY2023/24
Metro South,2023,Q1,Research Grants,238916.0,246043.0,-7127.0,-2.9,FY2023/24
Metro South,2023,Q1,Other Commercial,73210.0,75233.0,-2023.0,-2.69,FY2023/24
Metro South,2023,Q2,Car Parking,601905.0,552972.0,48932.0,8.85,FY2023/24
Metro South,2023,Q2,Cafeteria & Food Services,343327.0,317835.0,25492.0,8.02,FY2023/24
Metro South,2023,Q2,Private Patient Fees,1354431.0,1347705.0,6726.0,0.5,FY2023/24
Metro South,2023,Q2,Pharmacy Retail,400937.0,422291.0,-21354.0,-5.06,FY2023/24
Metro South,2023,Q2,Medical Imaging (Private),314341.0,302398.0,11943.0,3.95,FY2023/24
Metro South,2023,Q2,Accommodation Fees,150241.0,161274.0,-11032.0,-6.84,FY2023/24
Metro South,2023,Q2,Equipment Hire,109185.0,99292.0,9893.0,9.96,FY2023/24
Metro South,2023,Q2,Research Grants,248502.0,261587.0,-13086.0,-5.0,FY2023/24
Metro South,2023,Q2,Other Commercial,63791.0,60329.0,3462.0,5.74,FY2023/24
Metro South,2023,Q3,Car Parking,686733.0,620823.0,65910.0,10.62,FY2023/24
Metro South,2023,Q3,Cafeteria & Food Services,370635.0,368691.0,1944.0,0.53,FY2023/24
Metro South,2023,Q3,Private Patient Fees,1207416.0,1088388.0,119028.0,10.94,FY2023/24
Metro South,2023,Q3,Pharmacy Retail,451472.0,438815.0,12657.0,2.88,FY2023/24
Metro South,2023,Q3,Medical Imaging (Private),317573.0,328834.0,-11261.0,-3.42,FY2023/24
Metro South,2023,Q3,Accommodation Fees,146573.0,159940.0,-13367.0,-8.36,FY2023/24
Metro South,2023,Q3,Equipment Hire,105621.0,103502.0,2118.0,2.05,FY2023/24
Metro South,2023,Q3,Research Grants,271243.0,278952.0,-7709.0,-2.76,FY2023/24
Metro South,2023,Q3,Other Commercial,66502.0,61534.0,4968.0,8.07,FY2023/24
Metro South,2023,Q4,Car Parking,680703.0,661941.0,18763.0,2.83,FY2023/24
Metro South,2023,Q4,Cafeteria & Food Services,362898.0,360780.0,2118.0,0.59,FY2023/24
Metro South,2023,Q4,Private Patient Fees,1134667.0,1157743.0,-23076.0,-1.99,FY2023/24
Metro South,2023,Q4,Pharmacy Retail,375116.0,368614.0,6501.0,1.76,FY2023/24
Metro South,2023,Q4,Medical Imaging (Private),318014.0,313947.0,4068.0,1.3,FY2023/24
Metro South,2023,Q4,Accommodation Fees,148118.0,157832.0,-9714.0,-6.15,FY2023/24
Metro South,2023,Q4,Equipment Hire,111656.0,101357.0,10299.0,10.16,FY2023/24
Metro South,2023,Q4,Research Grants,226652.0,228311.0,-1659.0,-0.73,FY2023/24
Metro South,2023,Q4,Other Commercial,77181.0,82352.0,-5170.0,-6.28,FY2023/24
Metro South,2024,Q1,Car Parking,698933.0,671425.0,27509.0,4.1,FY2024/25
Metro South,2024,Q1,Cafeteria & Food Services,352725.0,350658.0,2067.0,0.59,FY2024/25
Metro South,2024,Q1,Private Patient Fees,1152535.0,1044443.0,108092.0,10.35,FY2024/25
Metro South,2024,Q1,Pharmacy Retail,476740.0,452018.0,24723.0,5.47,FY2024/25
Metro South,2024,Q1,Medical Imaging (Private),302766.0,277538.0,25228.0,9.09,FY2024/25
Metro South,2024,Q1,Accommodation Fees,158280.0,160804.0,-2524.0,-1.57,FY2024/25
Metro South,2024,Q1,Equipment Hire,111955.0,121171.0,-9216.0,-7.61,FY2024/25
Metro South,2024,Q1,Research Grants,241854.0,247732.0,-5877.0,-2.37,FY2024/25
Metro South,2024,Q1,Other Commercial,63817.0,59819.0,3998.0,6.68,FY2024/25
Metro South,2024,Q2,Car Parking,697184.0,734381.0,-37197.0,-5.07,FY2024/25
Metro South,2024,Q2,Cafeteria & Food Services,345939.0,337415.0,8523.0,2.53,FY2024/25
Metro South,2024,Q2,Private Patient Fees,1265913.0,1139383.0,126530.0,11.11,FY2024/25
Metro South,2024,Q2,Pharmacy Retail,403822.0,380257.0,23564.0,6.2,FY2024/25
Metro South,2024,Q2,Medical Imaging (Private),303582.0,322156.0,-18574.0,-5.77,FY2024/25
Metro South,2024,Q2,Accommodation Fees,135931.0,127545.0,8386.0,6.58,FY2024/25
Metro South,2024,Q2,Equipment Hire,107750.0,115630.0,-7880.0,-6.81,FY2024/25
Metro South,2024,Q2,Research Grants,235569.0,215712.0,19857.0,9.21,FY2024/25
Metro South,2024,Q2,Other Commercial,69287.0,72719.0,-3432.0,-4.72,FY2024/25
Metro South,2024,Q3,Car Parking,653697.0,695114.0,-41417.0,-5.96,FY2024/25
Metro South,2024,Q3,Cafeteria & Food Services,398376.0,421694.0,-23318.0,-5.53,FY2024/25
Metro South,2024,Q3,Private Patient Fees,1287085.0,1285371.0,1714.0,0.13,FY2024/25
Metro South,2024,Q3,Pharmacy Retail,383033.0,420136.0,-37102.0,-8.83,FY2024/25
Metro South,2024,Q3,Medical Imaging (Private),313890.0,292057.0,21832.0,7.48,FY2024/25
Metro South,2024,Q3,Accommodation Fees,149262.0,142823.0,6440.0,4.51,FY2024/25
Metro South,2024,Q3,Equipment Hire,109856.0,111762.0,-1906.0,-1.71,FY2024/25
Metro South,2024,Q3,Research Grants,247889.0,264553.0,-16664.0,-6.3,FY2024/25
Metro South,2024,Q3,Other Commercial,67712.0,67017.0,696.0,1.04,FY2024/25
Metro South,2024,Q4,Car Parking,651682.0,673009.0,-21326.0,-3.17,FY2024/25
Metro South,2024,Q4,Cafeteria & Food Services,383253.0,375190.0,8063.0,2.15,FY2024/25
Metro South,2024,Q4,Private Patient Fees,1299817.0,1208989.0,90828.0,7.51,FY2024/25
Metro South,2024,Q4,Pharmacy Retail,475267.0,464152.0,11116.0,2.39,FY2024/25
Metro South,2024,Q4,Medical Imaging (Private),340708.0,308023.0,32685.0,10.61,FY2024/25
Metro South,2024,Q4,Accommodation Fees,133365.0,133021.0,345.0,0.26,FY2024/25
Metro South,2024,Q4,Equipment Hire,117412.0,118052.0,-640.0,-0.54,FY2024/25
Metro South,2024,Q4,Research Grants,277072.0,276174.0,898.0,0.33,FY2024/25
Metro South,2024,Q4,Other Commercial,71596.0,66151.0,5445.0,8.23,FY2024/25
Gold Coast,2019,Q1,Car Parking,432487.0,410601.0,21887.0,5.33,FY2019/20
Gold Coast,2019,Q1,Cafeteria & Food Services,245483.0,265653.0,-20170.0,-7.59,FY2019/20
Gold Coast,2019,Q1,Private Patient Fees,867413.0,870923.0,-3510.0,-0.4,FY2019/20
Gold Coast,2019,Q1,Pharmacy Retail,280225.0,295834.0,-15609.0,-5.28,FY2019/20
Gold Coast,2019,Q1,Medical Imaging (Private),183747.0,187457.0,-3710.0,-1.98,FY2019/20
Gold Coast,2019,Q1,Accommodation Fees,79586.0,79547.0,39.0,0.05,FY2019/20
Gold Coast,2019,Q1,Equipment Hire,61633.0,57725.0,3909.0,6.77,FY2019/20
Gold Coast,2019,Q1,Research Grants,151721.0,149671.0,2050.0,1.37,FY2019/20
Gold Coast,2019,Q1,Other Commercial,46124.0,42199.0,3926.0,9.3,FY2019/20
Gold Coast,2019,Q2,Car Parking,403557.0,377941.0,25616.0,6.78,FY2019/20
Gold Coast,2019,Q2,Cafeteria & Food Services,227977.0,234242.0,-6265.0,-2.67,FY2019/20
Gold Coast,2019,Q2,Private Patient Fees,794670.0,832544.0,-37873.0,-4.55,FY2019/20
Gold Coast,2019,Q2,Pharmacy Retail,258195.0,271885.0,-13690.0,-5.04,FY2019/20
Gold Coast,2019,Q2,Medical Imaging (Private),198347.0,197720.0,627.0,0.32,FY2019/20
Gold Coast,2019,Q2,Accommodation Fees,92785.0,83847.0,8938.0,10.66,FY2019/20
Gold Coast,2019,Q2,Equipment Hire,69684.0,71336.0,-1653.0,-2.32,FY2019/20
Gold Coast,2019,Q2,Research Grants,149644.0,137247.0,12397.0,9.03,FY2019/20
Gold Coast,2019,Q2,Other Commercial,40402.0,43822.0,-3420.0,-7.8,FY2019/20
Gold Coast,2019,Q3,Car Parking,421516.0,390080.0,31436.0,8.06,FY2019/20
Gold Coast,2019,Q3,Cafeteria & Food Services,216297.0,220298.0,-4001.0,-1.82,FY2019/20
Gold Coast,2019,Q3,Private Patient Fees,847141.0,769824.0,77317.0,10.04,FY2019/20
Gold Coast,2019,Q3,Pharmacy Retail,251810.0,271438.0,-19629.0,-7.23,FY2019/20
Gold Coast,2019,Q3,Medical Imaging (Private),177851.0,167230.0,10621.0,6.35,FY2019/20
Gold Coast,2019,Q3,Accommodation Fees,99471.0,101727.0,-2256.0,-2.22,FY2019/20
Gold Coast,2019,Q3,Equipment Hire,63356.0,57869.0,5487.0,9.48,FY2019/20
Gold Coast,2019,Q3,Research Grants,139045.0,131947.0,7098.0,5.38,FY2019/20
Gold Coast,2019,Q3,Other Commercial,48902.0,48079.0,822.0,1.71,FY2019/20
Gold Coast,2019,Q4,Car Parking,424521.0,460035.0,-35514.0,-7.72,FY2019/20
Gold Coast,2019,Q4,Cafeteria & Food Services,219056.0,205531.0,13526.0,6.58,FY2019/20
Gold Coast,2019,Q4,Private Patient Fees,787221.0,851471.0,-64250.0,-7.55,FY2019/20
Gold Coast,2019,Q4,Pharmacy Retail,288436.0,263390.0,25046.0,9.51,FY2019/20
Gold Coast,2019,Q4,Medical Imaging (Private),210917.0,213950.0,-3033.0,-1.42,FY2019/20
Gold Coast,2019,Q4,Accommodation Fees,98362.0,90935.0,7427.0,8.17,FY2019/20
Gold Coast,2019,Q4,Equipment Hire,67749.0,72891.0,-5142.0,-7.05,FY2019/20
Gold Coast,2019,Q4,Research Grants,153414.0,152862.0,552.0,0.36,FY2019/20
Gold Coast,2019,Q4,Other Commercial,40182.0,38399.0,1783.0,4.64,FY2019/20
Gold Coast,2020,Q1,Car Parking,298353.0,324914.0,-26561.0,-8.17,FY2020/21
Gold Coast,2020,Q1,Cafeteria & Food Services,164014.0,162731.0,1284.0,0.79,FY2020/21
Gold Coast,2020,Q1,Private Patient Fees,630540.0,587938.0,42601.0,7.25,FY2020/21
Gold Coast,2020,Q1,Pharmacy Retail,206972.0,216847.0,-9874.0,-4.55,FY2020/21
Gold Coast,2020,Q1,Medical Imaging (Private),169448.0,173727.0,-4279.0,-2.46,FY2020/21
Gold Coast,2020,Q1,Accommodation Fees,72024.0,66641.0,5383.0,8.08,FY2020/21
Gold Coast,2020,Q1,Equipment Hire,57466.0,53243.0,4223.0,7.93,FY2020/21
Gold Coast,2020,Q1,Research Grants,129113.0,123040.0,6073.0,4.94,FY2020/21
Gold Coast,2020,Q1,Other Commercial,38209.0,39890.0,-1681.0,-4.21,FY2020/21
Gold Coast,2020,Q2,Car Parking,330445.0,311878.0,18567.0,5.95,FY2020/21
Gold Coast,2020,Q2,Cafeteria & Food Services,170674.0,174696.0,-4022.0,-2.3,FY2020/21
Gold Coast,2020,Q2,Private Patient Fees,644882.0,593802.0,51080.0,8.6,FY2020/21
Gold Coast,2020,Q2,Pharmacy Retail,230690.0,248694.0,-18004.0,-7.24,FY2020/21
Gold Coast,2020,Q2,Medical Imaging (Private),147152.0,156651.0,-9499.0,-6.06,FY2020/21
Gold Coast,2020,Q2,Accommodation Fees,69520.0,68989.0,531.0,0.77,FY2020/21
Gold Coast,2020,Q2,Equipment Hire,49600.0,50403.0,-803.0,-1.59,FY2020/21
Gold Coast,2020,Q2,Research Grants,127811.0,125534.0,2277.0,1.81,FY2020/21
Gold Coast,2020,Q2,Other Commercial,35681.0,37104.0,-1422.0,-3.83,FY2020/21
Gold Coast,2020,Q3,Car Parking,327254.0,297930.0,29324.0,9.84,FY2020/21
Gold Coast,2020,Q3,Cafeteria & Food Services,187980.0,186411.0,1570.0,0.84,FY2020/21
Gold Coast,2020,Q3,Private Patient Fees,571106.0,541610.0,29496.0,5.45,FY2020/21
Gold Coast,2020,Q3,Pharmacy Retail,206801.0,222801.0,-15999.0,-7.18,FY2020/21
Gold Coast,2020,Q3,Medical Imaging (Private),151189.0,158740.0,-7551.0,-4.76,FY2020/21
Gold Coast,2020,Q3,Accommodation Fees,62518.0,62219.0,299.0,0.48,FY2020/21
Gold Coast,2020,Q3,Equipment Hire,58038.0,61177.0,-3139.0,-5.13,FY2020/21
Gold Coast,2020,Q3,Research Grants,112713.0,112745.0,-32.0,-0.03,FY2020/21
Gold Coast,2020,Q3,Other Commercial,32396.0,31810.0,586.0,1.84,FY2020/21
Gold Coast,2020,Q4,Car Parking,332409.0,350441.0,-18032.0,-5.15,FY2020/21
Gold Coast,2020,Q4,Cafeteria & Food Services,161748.0,175407.0,-13659.0,-7.79,FY2020/21
Gold Coast,2020,Q4,Private Patient Fees,619095.0,604227.0,14868.0,2.46,FY2020/21
Gold Coast,2020,Q4,Pharmacy Retail,207744.0,212110.0,-4366.0,-2.06,FY2020/21
Gold Coast,2020,Q4,Medical Imaging (Private),157975.0,157545.0,430.0,0.27,FY2020/21
Gold Coast,2020,Q4,Accommodation Fees,69298.0,64813.0,4485.0,6.92,FY2020/21
Gold Coast,2020,Q4,Equipment Hire,55808.0,56274.0,-466.0,-0.83,FY2020/21
Gold Coast,2020,Q4,Research Grants,110403.0,116280.0,-5877.0,-5.05,FY2020/21
Gold Coast,2020,Q4,Other Commercial,38200.0,41617.0,-3417.0,-8.21,FY2020/21
Gold Coast,2021,Q1,Car Parking,364282.0,337727.0,26555.0,7.86,FY2021/22
Gold Coast,2021,Q1,Cafeteria & Food Services,209870.0,193610.0,16260.0,8.4,FY2021/22
Gold Coast,2021,Q1,Private Patient Fees,807487.0,756386.0,51101.0,6.76,FY2021/22
Gold Coast,2021,Q1,Pharmacy Retail,235859.0,231455.0,4404.0,1.9,FY2021/22
Gold Coast,2021,Q1,Medical Imaging (Private),182779.0,193551.0,-10772.0,-5.57,FY2021/22
Gold Coast,2021,Q1,Accommodation Fees,82703.0,77257.0,5446.0,7.05,FY2021/22
Gold Coast,2021,Q1,Equipment Hire,59182.0,59290.0,-108.0,-0.18,FY2021/22
Gold Coast,2021,Q1,Research Grants,133888.0,136877.0,-2990.0,-2.18,FY2021/22
Gold Coast,2021,Q1,Other Commercial,42449.0,44272.0,-1823.0,-4.12,FY2021/22
Gold Coast,2021,Q2,Car Parking,415614.0,449882.0,-34268.0,-7.62,FY2021/22
Gold Coast,2021,Q2,Cafeteria & Food Services,231317.0,219506.0,11810.0,5.38,FY2021/22
Gold Coast,2021,Q2,Private Patient Fees,666649.0,640287.0,26362.0,4.12,FY2021/22
Gold Coast,2021,Q2,Pharmacy Retail,274512.0,300428.0,-25917.0,-8.63,FY2021/22
Gold Coast,2021,Q2,Medical Imaging (Private),204270.0,188337.0,15932.0,8.46,FY2021/22
Gold Coast,2021,Q2,Accommodation Fees,92554.0,91135.0,1419.0,1.56,FY2021/22
Gold Coast,2021,Q2,Equipment Hire,55302.0,54665.0,637.0,1.17,FY2021/22
Gold Coast,2021,Q2,Research Grants,130329.0,131472.0,-1144.0,-0.87,FY2021/22
Gold Coast,2021,Q2,Other Commercial,40170.0,39957.0,213.0,0.53,FY2021/22
Gold Coast,2021,Q3,Car Parking,386320.0,414815.0,-28495.0,-6.87,FY2021/22
Gold Coast,2021,Q3,Cafeteria & Food Services,217066.0,214203.0,2863.0,1.34,FY2021/22
Gold Coast,2021,Q3,Private Patient Fees,787380.0,851249.0,-63869.0,-7.5,FY2021/22
Gold Coast,2021,Q3,Pharmacy Retail,227855.0,229310.0,-1455.0,-0.63,FY2021/22
Gold Coast,2021,Q3,Medical Imaging (Private),178327.0,162173.0,16154.0,9.96,FY2021/22
Gold Coast,2021,Q3,Accommodation Fees,86960.0,93269.0,-6309.0,-6.76,FY2021/22
Gold Coast,2021,Q3,Equipment Hire,57613.0,61213.0,-3600.0,-5.88,FY2021/22
Gold Coast,2021,Q3,Research Grants,158668.0,171817.0,-13149.0,-7.65,FY2021/22
Gold Coast,2021,Q3,Other Commercial,39435.0,42621.0,-3186.0,-7.48,FY2021/22
Gold Coast,2021,Q4,Car Parking,359917.0,363685.0,-3767.0,-1.04,FY2021/22
Gold Coast,2021,Q4,Cafeteria & Food Services,186406.0,169402.0,17005.0,10.04,FY2021/22
Gold Coast,2021,Q4,Private Patient Fees,769994.0,761444.0,8550.0,1.12,FY2021/22
Gold Coast,2021,Q4,Pharmacy Retail,236071.0,221454.0,14617.0,6.6,FY2021/22
Gold Coast,2021,Q4,Medical Imaging (Private),195723.0,176166.0,19557.0,11.1,FY2021/22
Gold Coast,2021,Q4,Accommodation Fees,89715.0,82165.0,7550.0,9.19,FY2021/22
Gold Coast,2021,Q4,Equipment Hire,58043.0,56722.0,1321.0,2.33,FY2021/22
Gold Coast,2021,Q4,Research Grants,145732.0,141505.0,4226.0,2.99,FY2021/22
Gold Coast,2021,Q4,Other Commercial,39991.0,43702.0,-3711.0,-8.49,FY2021/22
Gold Coast,2022,Q1,Car Parking,454421.0,411109.0,43312.0,10.54,FY2022/23
Gold Coast,2022,Q1,Cafeteria & Food Services,240068.0,258074.0,-18006.0,-6.98,FY2022/23
Gold Coast,2022,Q1,Private Patient Fees,813840.0,747847.0,65993.0,8.82,FY2022/23
Gold Coast,2022,Q1,Pharmacy Retail,311161.0,317759.0,-6597.0,-2.08,FY2022/23
Gold Coast,2022,Q1,Medical Imaging (Private),223452.0,203501.0,19951.0,9.8,FY2022/23
Gold Coast,2022,Q1,Accommodation Fees,89238.0,91425.0,-2187.0,-2.39,FY2022/23
Gold Coast,2022,Q1,Equipment Hire,68112.0,68167.0,-55.0,-0.08,FY2022/23
Gold Coast,2022,Q1,Research Grants,172753.0,165273.0,7480.0,4.53,FY2022/23
Gold Coast,2022,Q1,Other Commercial,54087.0,57792.0,-3705.0,-6.41,FY2022/23
Gold Coast,2022,Q2,Car Parking,462943.0,423870.0,39073.0,9.22,FY2022/23
Gold Coast,2022,Q2,Cafeteria & Food Services,221080.0,220761.0,319.0,0.14,FY2022/23
Gold Coast,2022,Q2,Private Patient Fees,784974.0,860059.0,-75085.0,-8.73,FY2022/23
Gold Coast,2022,Q2,Pharmacy Retail,268980.0,268306.0,674.0,0.25,FY2022/23
Gold Coast,2022,Q2,Medical Imaging (Private),212578.0,218504.0,-5926.0,-2.71,FY2022/23
Gold Coast,2022,Q2,Accommodation Fees,88969.0,87729.0,1240.0,1.41,FY2022/23
Gold Coast,2022,Q2,Equipment Hire,69287.0,74661.0,-5373.0,-7.2,FY2022/23
Gold Coast,2022,Q2,Research Grants,152067.0,164650.0,-12583.0,-7.64,FY2022/23
Gold Coast,2022,Q2,Other Commercial,52735.0,50600.0,2135.0,4.22,FY2022/23
Gold Coast,2022,Q3,Car Parking,470002.0,425935.0,44066.0,10.35,FY2022/23
Gold Coast,2022,Q3,Cafeteria & Food Services,271518.0,272962.0,-1444.0,-0.53,FY2022/23
Gold Coast,2022,Q3,Private Patient Fees,814214.0,791837.0,22377.0,2.83,FY2022/23
Gold Coast,2022,Q3,Pharmacy Retail,262502.0,288194.0,-25691.0,-8.91,FY2022/23
Gold Coast,2022,Q3,Medical Imaging (Private),195447.0,201502.0,-6055.0,-3.01,FY2022/23
Gold Coast,2022,Q3,Accommodation Fees,96322.0,104970.0,-8648.0,-8.24,FY2022/23
Gold Coast,2022,Q3,Equipment Hire,68783.0,69224.0,-441.0,-0.64,FY2022/23
Gold Coast,2022,Q3,Research Grants,170188.0,177093.0,-6905.0,-3.9,FY2022/23
Gold Coast,2022,Q3,Other Commercial,43769.0,41089.0,2681.0,6.52,FY2022/23
Gold Coast,2022,Q4,Car Parking,409381.0,428880.0,-19499.0,-4.55,FY2022/23
Gold Coast,2022,Q4,Cafeteria & Food Services,225944.0,229265.0,-3321.0,-1.45,FY2022/23
Gold Coast,2022,Q4,Private Patient Fees,796158.0,853740.0,-57582.0,-6.74,FY2022/23
Gold Coast,2022,Q4,Pharmacy Retail,324086.0,325284.0,-1199.0,-0.37,FY2022/23
Gold Coast,2022,Q4,Medical Imaging (Private),211955.0,200681.0,11274.0,5.62,FY2022/23
Gold Coast,2022,Q4,Accommodation Fees,87111.0,83078.0,4033.0,4.85,FY2022/23
Gold Coast,2022,Q4,Equipment Hire,75959.0,76470.0,-511.0,-0.67,FY2022/23
Gold Coast,2022,Q4,Research Grants,189126.0,185203.0,3923.0,2.12,FY2022/23
Gold Coast,2022,Q4,Other Commercial,51104.0,50995.0,109.0,0.21,FY2022/23
Gold Coast,2023,Q1,Car Parking,452947.0,431910.0,21037.0,4.87,FY2023/24
Gold Coast,2023,Q1,Cafeteria & Food Services,248168.0,246717.0,1450.0,0.59,FY2023/24
Gold Coast,2023,Q1,Private Patient Fees,921628.0,1002849.0,-81221.0,-8.1,FY2023/24
Gold Coast,2023,Q1,Pharmacy Retail,288724.0,262288.0,26436.0,10.08,FY2023/24
Gold Coast,2023,Q1,Medical Imaging (Private),225591.0,227597.0,-2006.0,-0.88,FY2023/24
Gold Coast,2023,Q1,Accommodation Fees,92367.0,97178.0,-4812.0,-4.95,FY2023/24
Gold Coast,2023,Q1,Equipment Hire,84023.0,91515.0,-7491.0,-8.19,FY2023/24
Gold Coast,2023,Q1,Research Grants,162850.0,175075.0,-12226.0,-6.98,FY2023/24
Gold Coast,2023,Q1,Other Commercial,52639.0,52153.0,486.0,0.93,FY2023/24
Gold Coast,2023,Q2,Car Parking,455985.0,487868.0,-31883.0,-6.54,FY2023/24
Gold Coast,2023,Q2,Cafeteria & Food Services,249684.0,243352.0,6332.0,2.6,FY2023/24
Gold Coast,2023,Q2,Private Patient Fees,876657.0,890531.0,-13874.0,-1.56,FY2023/24
Gold Coast,2023,Q2,Pharmacy Retail,278591.0,300929.0,-22338.0,-7.42,FY2023/24
Gold Coast,2023,Q2,Medical Imaging (Private),235231.0,241501.0,-6270.0,-2.6,FY2023/24
Gold Coast,2023,Q2,Accommodation Fees,90706.0,92596.0,-1890.0,-2.04,FY2023/24
Gold Coast,2023,Q2,Equipment Hire,68417.0,62652.0,5765.0,9.2,FY2023/24
Gold Coast,2023,Q2,Research Grants,176767.0,173330.0,3437.0,1.98,FY2023/24
Gold Coast,2023,Q2,Other Commercial,51245.0,47035.0,4210.0,8.95,FY2023/24
Gold Coast,2023,Q3,Car Parking,444104.0,415218.0,28886.0,6.96,FY2023/24
Gold Coast,2023,Q3,Cafeteria & Food Services,280209.0,283636.0,-3427.0,-1.21,FY2023/24
Gold Coast,2023,Q3,Private Patient Fees,917580.0,885542.0,32039.0,3.62,FY2023/24
Gold Coast,2023,Q3,Pharmacy Retail,271774.0,297640.0,-25866.0,-8.69,FY2023/24
Gold Coast,2023,Q3,Medical Imaging (Private),214209.0,210945.0,3264.0,1.55,FY2023/24
Gold Coast,2023,Q3,Accommodation Fees,103961.0,94079.0,9883.0,10.5,FY2023/24
Gold Coast,2023,Q3,Equipment Hire,80868.0,81460.0,-592.0,-0.73,FY2023/24
Gold Coast,2023,Q3,Research Grants,166268.0,151690.0,14578.0,9.61,FY2023/24
Gold Coast,2023,Q3,Other Commercial,46112.0,49755.0,-3643.0,-7.32,FY2023/24
Gold Coast,2023,Q4,Car Parking,471745.0,448149.0,23597.0,5.27,FY2023/24
Gold Coast,2023,Q4,Cafeteria & Food Services,224724.0,233291.0,-8567.0,-3.67,FY2023/24
Gold Coast,2023,Q4,Private Patient Fees,893339.0,876280.0,17059.0,1.95,FY2023/24
Gold Coast,2023,Q4,Pharmacy Retail,291201.0,274709.0,16493.0,6.0,FY2023/24
Gold Coast,2023,Q4,Medical Imaging (Private),234983.0,257103.0,-22120.0,-8.6,FY2023/24
Gold Coast,2023,Q4,Accommodation Fees,92542.0,94339.0,-1797.0,-1.91,FY2023/24
Gold Coast,2023,Q4,Equipment Hire,73895.0,73107.0,788.0,1.08,FY2023/24
Gold Coast,2023,Q4,Research Grants,165254.0,176000.0,-10746.0,-6.11,FY2023/24
Gold Coast,2023,Q4,Other Commercial,49998.0,50432.0,-434.0,-0.86,FY2023/24
Gold Coast,2024,Q1,Car Parking,441953.0,413828.0,28125.0,6.8,FY2024/25
Gold Coast,2024,Q1,Cafeteria & Food Services,231999.0,241934.0,-9935.0,-4.11,FY2024/25
Gold Coast,2024,Q1,Private Patient Fees,835870.0,867646.0,-31776.0,-3.66,FY2024/25
Gold Coast,2024,Q1,Pharmacy Retail,300987.0,295917.0,5070.0,1.71,FY2024/25
Gold Coast,2024,Q1,Medical Imaging (Private),230125.0,224036.0,6089.0,2.72,FY2024/25
Gold Coast,2024,Q1,Accommodation Fees,93163.0,89616.0,3547.0,3.96,FY2024/25
Gold Coast,2024,Q1,Equipment Hire,80317.0,82980.0,-2663.0,-3.21,FY2024/25
Gold Coast,2024,Q1,Research Grants,171068.0,169703.0,1365.0,0.8,FY2024/25
Gold Coast,2024,Q1,Other Commercial,47730.0,44965.0,2765.0,6.15,FY2024/25
Gold Coast,2024,Q2,Car Parking,410603.0,443184.0,-32581.0,-7.35,FY2024/25
Gold Coast,2024,Q2,Cafeteria & Food Services,239715.0,226652.0,13063.0,5.76,FY2024/25
Gold Coast,2024,Q2,Private Patient Fees,853909.0,790277.0,63632.0,8.05,FY2024/25
Gold Coast,2024,Q2,Pharmacy Retail,319452.0,292307.0,27144.0,9.29,FY2024/25
Gold Coast,2024,Q2,Medical Imaging (Private),211486.0,217609.0,-6123.0,-2.81,FY2024/25
Gold Coast,2024,Q2,Accommodation Fees,99075.0,103195.0,-4120.0,-3.99,FY2024/25
Gold Coast,2024,Q2,Equipment Hire,78345.0,74522.0,3823.0,5.13,FY2024/25
Gold Coast,2024,Q2,Research Grants,186847.0,172508.0,14340.0,8.31,FY2024/25
Gold Coast,2024,Q2,Other Commercial,51970.0,51317.0,653.0,1.27,FY2024/25
Gold Coast,2024,Q3,Car Parking,437848.0,446956.0,-9108.0,-2.04,FY2024/25
Gold Coast,2024,Q3,Cafeteria & Food Services,280557.0,308552.0,-27994.0,-9.07,FY2024/25
Gold Coast,2024,Q3,Private Patient Fees,924918.0,907290.0,17628.0,1.94,FY2024/25
Gold Coast,2024,Q3,Pharmacy Retail,288733.0,274707.0,14027.0,5.11,FY2024/25
Gold Coast,2024,Q3,Medical Imaging (Private),230697.0,224573.0,6124.0,2.73,FY2024/25
Gold Coast,2024,Q3,Accommodation Fees,113273.0,110290.0,2984.0,2.71,FY2024/25
Gold Coast,2024,Q3,Equipment Hire,74933.0,73187.0,1745.0,2.38,FY2024/25
Gold Coast,2024,Q3,Research Grants,194888.0,200765.0,-5877.0,-2.93,FY2024/25
Gold Coast,2024,Q3,Other Commercial,52932.0,51176.0,1756.0,3.43,FY2024/25
Gold Coast,2024,Q4,Car Parking,499057.0,452981.0,46077.0,10.17,FY2024/25
Gold Coast,2024,Q4,Cafeteria & Food Services,280524.0,281239.0,-715.0,-0.25,FY2024/25
Gold Coast,2024,Q4,Private Patient Fees,879583.0,879085.0,498.0,0.06,FY2024/25
Gold Coast,2024,Q4,Pharmacy Retail,321540.0,290207.0,31333.0,10.8,FY2024/25
Gold Coast,2024,Q4,Medical Imaging (Private),252514.0,249824.0,2690.0,1.08,FY2024/25
Gold Coast,2024,Q4,Accommodation Fees,99157.0,91983.0,7174.0,7.8,FY2024/25
Gold Coast,2024,Q4,Equipment Hire,76157.0,76101.0,56.0,0.07,FY2024/25
Gold Coast,2024,Q4,Research Grants,176150.0,182444.0,-6294.0,-3.45,FY2024/25
Gold Coast,2024,Q4,Other Commercial,50542.0,55206.0,-4664.0,-8.45,FY2024/25
Sunshine Coast,2019,Q1,Car Parking,309605.0,328645.0,-19039.0,-5.79,FY2019/20
Sunshine Coast,2019,Q1,Cafeteria & Food Services,152249.0,149122.0,3127.0,2.1,FY2019/20
Sunshine Coast,2019,Q1,Private Patient Fees,564976.0,572827.0,-7851.0,-1.37,FY2019/20
Sunshine Coast,2019,Q1,Pharmacy Retail,219072.0,200597.0,18475.0,9.21,FY2019/20
Sunshine Coast,2019,Q1,Medical Imaging (Private),135690.0,145196.0,-9507.0,-6.55,FY2019/20
Sunshine Coast,2019,Q1,Accommodation Fees,62569.0,64681.0,-2112.0,-3.26,FY2019/20
Sunshine Coast,2019,Q1,Equipment Hire,50919.0,54309.0,-3390.0,-6.24,FY2019/20
Sunshine Coast,2019,Q1,Research Grants,107019.0,99094.0,7924.0,8.0,FY2019/20
Sunshine Coast,2019,Q1,Other Commercial,34058.0,37099.0,-3041.0,-8.2,FY2019/20
Sunshine Coast,2019,Q2,Car Parking,296231.0,285978.0,10253.0,3.59,FY2019/20
Sunshine Coast,2019,Q2,Cafeteria & Food Services,172302.0,187135.0,-14833.0,-7.93,FY2019/20
Sunshine Coast,2019,Q2,Private Patient Fees,635547.0,698528.0,-62981.0,-9.02,FY2019/20
Sunshine Coast,2019,Q2,Pharmacy Retail,178500.0,164679.0,13821.0,8.39,FY2019/20
Sunshine Coast,2019,Q2,Medical Imaging (Private),155172.0,165121.0,-9949.0,-6.03,FY2019/20
Sunshine Coast,2019,Q2,Accommodation Fees,63736.0,60412.0,3324.0,5.5,FY2019/20
Sunshine Coast,2019,Q2,Equipment Hire,53871.0,49092.0,4780.0,9.74,FY2019/20
Sunshine Coast,2019,Q2,Research Grants,113913.0,114046.0,-132.0,-0.12,FY2019/20
Sunshine Coast,2019,Q2,Other Commercial,34087.0,35645.0,-1559.0,-4.37,FY2019/20
Sunshine Coast,2019,Q3,Car Parking,291865.0,298443.0,-6578.0,-2.2,FY2019/20
Sunshine Coast,2019,Q3,Cafeteria & Food Services,171442.0,173075.0,-1633.0,-0.94,FY2019/20
Sunshine Coast,2019,Q3,Private Patient Fees,607825.0,578582.0,29243.0,5.05,FY2019/20
Sunshine Coast,2019,Q3,Pharmacy Retail,181504.0,167683.0,13821.0,8.24,FY2019/20
Sunshine Coast,2019,Q3,Medical Imaging (Private),141206.0,141211.0,-6.0,-0.0,FY2019/20
Sunshine Coast,2019,Q3,Accommodation Fees,72691.0,75617.0,-2926.0,-3.87,FY2019/20
Sunshine Coast,2019,Q3,Equipment Hire,53896.0,52290.0,1606.0,3.07,FY2019/20
Sunshine Coast,2019,Q3,Research Grants,114909.0,112466.0,2443.0,2.17,FY2019/20
Sunshine Coast,2019,Q3,Other Commercial,31115.0,28385.0,2731.0,9.62,FY2019/20
Sunshine Coast,2019,Q4,Car Parking,308998.0,339232.0,-30233.0,-8.91,FY2019/20
Sunshine Coast,2019,Q4,Cafeteria & Food Services,154567.0,140553.0,14013.0,9.97,FY2019/20
Sunshine Coast,2019,Q4,Private Patient Fees,627448.0,596400.0,31048.0,5.21,FY2019/20
Sunshine Coast,2019,Q4,Pharmacy Retail,217549.0,226423.0,-8873.0,-3.92,FY2019/20
Sunshine Coast,2019,Q4,Medical Imaging (Private),167373.0,164324.0,3049.0,1.86,FY2019/20
Sunshine Coast,2019,Q4,Accommodation Fees,69812.0,69322.0,491.0,0.71,FY2019/20
Sunshine Coast,2019,Q4,Equipment Hire,51980.0,51456.0,524.0,1.02,FY2019/20
Sunshine Coast,2019,Q4,Research Grants,108812.0,108984.0,-172.0,-0.16,FY2019/20
Sunshine Coast,2019,Q4,Other Commercial,33831.0,35932.0,-2102.0,-5.85,FY2019/20
Sunshine Coast,2020,Q1,Car Parking,246808.0,254893.0,-8085.0,-3.17,FY2020/21
Sunshine Coast,2020,Q1,Cafeteria & Food Services,117738.0,122933.0,-5195.0,-4.23,FY2020/21
Sunshine Coast,2020,Q1,Private Patient Fees,454263.0,490068.0,-35805.0,-7.31,FY2020/21
Sunshine Coast,2020,Q1,Pharmacy Retail,171429.0,156178.0,15252.0,9.77,FY2020/21
Sunshine Coast,2020,Q1,Medical Imaging (Private),125790.0,114160.0,11631.0,10.19,FY2020/21
Sunshine Coast,2020,Q1,Accommodation Fees,50257.0,50682.0,-425.0,-0.84,FY2020/21
Sunshine Coast,2020,Q1,Equipment Hire,35646.0,37402.0,-1756.0,-4.69,FY2020/21
Sunshine Coast,2020,Q1,Research Grants,80127.0,74816.0,5311.0,7.1,FY2020/21
Sunshine Coast,2020,Q1,Other Commercial,26459.0,27594.0,-1135.0,-4.11,FY2020/21
Sunshine Coast,2020,Q2,Car Parking,256963.0,267524.0,-10561.0,-3.95,FY2020/21
Sunshine Coast,2020,Q2,Cafeteria & Food Services,135130.0,132275.0,2856.0,2.16,FY2020/21
Sunshine Coast,2020,Q2,Private Patient Fees,399862.0,369486.0,30377.0,8.22,FY2020/21
Sunshine Coast,2020,Q2,Pharmacy Retail,157028.0,162528.0,-5500.0,-3.38,FY2020/21
Sunshine Coast,2020,Q2,Medical Imaging (Private),114488.0,119770.0,-5282.0,-4.41,FY2020/21
Sunshine Coast,2020,Q2,Accommodation Fees,52184.0,47740.0,4444.0,9.31,FY2020/21
Sunshine Coast,2020,Q2,Equipment Hire,36056.0,38508.0,-2452.0,-6.37,FY2020/21
Sunshine Coast,2020,Q2,Research Grants,95750.0,103309.0,-7560.0,-7.32,FY2020/21
Sunshine Coast,2020,Q2,Other Commercial,23574.0,25885.0,-2311.0,-8.93,FY2020/21
Sunshine Coast,2020,Q3,Car Parking,217312.0,196093.0,21219.0,10.82,FY2020/21
Sunshine Coast,2020,Q3,Cafeteria & Food Services,145273.0,138913.0,6361.0,4.58,FY2020/21
Sunshine Coast,2020,Q3,Private Patient Fees,472547.0,441990.0,30557.0,6.91,FY2020/21
Sunshine Coast,2020,Q3,Pharmacy Retail,158735.0,171562.0,-12827.0,-7.48,FY2020/21
Sunshine Coast,2020,Q3,Medical Imaging (Private),111761.0,115567.0,-3806.0,-3.29,FY2020/21
Sunshine Coast,2020,Q3,Accommodation Fees,48024.0,49222.0,-1199.0,-2.44,FY2020/21
Sunshine Coast,2020,Q3,Equipment Hire,37406.0,35245.0,2160.0,6.13,FY2020/21
Sunshine Coast,2020,Q3,Research Grants,86773.0,81199.0,5574.0,6.86,FY2020/21
Sunshine Coast,2020,Q3,Other Commercial,28460.0,27875.0,585.0,2.1,FY2020/21
Sunshine Coast,2020,Q4,Car Parking,219323.0,217060.0,2263.0,1.04,FY2020/21
Sunshine Coast,2020,Q4,Cafeteria & Food Services,124190.0,130261.0,-6071.0,-4.66,FY2020/21
Sunshine Coast,2020,Q4,Private Patient Fees,505600.0,499334.0,6266.0,1.25,FY2020/21
Sunshine Coast,2020,Q4,Pharmacy Retail,169230.0,171459.0,-2229.0,-1.3,FY2020/21
Sunshine Coast,2020,Q4,Medical Imaging (Private),107193.0,111280.0,-4087.0,-3.67,FY2020/21
Sunshine Coast,2020,Q4,Accommodation Fees,52079.0,53648.0,-1569.0,-2.92,FY2020/21
Sunshine Coast,2020,Q4,Equipment Hire,42575.0,42068.0,507.0,1.21,FY2020/21
Sunshine Coast,2020,Q4,Research Grants,99593.0,104586.0,-4993.0,-4.77,FY2020/21
Sunshine Coast,2020,Q4,Other Commercial,25885.0,26419.0,-534.0,-2.02,FY2020/21
Sunshine Coast,2021,Q1,Car Parking,270271.0,296411.0,-26140.0,-8.82,FY2021/22
Sunshine Coast,2021,Q1,Cafeteria & Food Services,163005.0,148134.0,14871.0,10.04,FY2021/22
Sunshine Coast,2021,Q1,Private Patient Fees,525663.0,538628.0,-12964.0,-2.41,FY2021/22
Sunshine Coast,2021,Q1,Pharmacy Retail,168029.0,152028.0,16000.0,10.52,FY2021/22
Sunshine Coast,2021,Q1,Medical Imaging (Private),139348.0,134685.0,4663.0,3.46,FY2021/22
Sunshine Coast,2021,Q1,Accommodation Fees,61756.0,58825.0,2931.0,4.98,FY2021/22
Sunshine Coast,2021,Q1,Equipment Hire,43230.0,44865.0,-1635.0,-3.64,FY2021/22
Sunshine Coast,2021,Q1,Research Grants,110081.0,103479.0,6601.0,6.38,FY2021/22
Sunshine Coast,2021,Q1,Other Commercial,29985.0,30536.0,-551.0,-1.8,FY2021/22
Sunshine Coast,2021,Q2,Car Parking,253119.0,235272.0,17847.0,7.59,FY2021/22
Sunshine Coast,2021,Q2,Cafeteria & Food Services,140660.0,149446.0,-8786.0,-5.88,FY2021/22
Sunshine Coast,2021,Q2,Private Patient Fees,581713.0,611184.0,-29471.0,-4.82,FY2021/22
Sunshine Coast,2021,Q2,Pharmacy Retail,197816.0,204517.0,-6701.0,-3.28,FY2021/22
Sunshine Coast,2021,Q2,Medical Imaging (Private),140261.0,144252.0,-3991.0,-2.77,FY2021/22
Sunshine Coast,2021,Q2,Accommodation Fees,55739.0,57093.0,-1354.0,-2.37,FY2021/22
Sunshine Coast,2021,Q2,Equipment Hire,50148.0,50152.0,-4.0,-0.01,FY2021/22
Sunshine Coast,2021,Q2,Research Grants,105946.0,101230.0,4716.0,4.66,FY2021/22
Sunshine Coast,2021,Q2,Other Commercial,32416.0,33666.0,-1250.0,-3.71,FY2021/22
Sunshine Coast,2021,Q3,Car Parking,307193.0,297506.0,9687.0,3.26,FY2021/22
Sunshine Coast,2021,Q3,Cafeteria & Food Services,166857.0,168904.0,-2048.0,-1.21,FY2021/22
Sunshine Coast,2021,Q3,Private Patient Fees,598882.0,602213.0,-3331.0,-0.55,FY2021/22
Sunshine Coast,2021,Q3,Pharmacy Retail,188848.0,191790.0,-2941.0,-1.53,FY2021/22
Sunshine Coast,2021,Q3,Medical Imaging (Private),149479.0,163371.0,-13892.0,-8.5,FY2021/22
Sunshine Coast,2021,Q3,Accommodation Fees,56269.0,51243.0,5026.0,9.81,FY2021/22
Sunshine Coast,2021,Q3,Equipment Hire,51950.0,52260.0,-310.0,-0.59,FY2021/22
Sunshine Coast,2021,Q3,Research Grants,112722.0,112326.0,396.0,0.35,FY2021/22
Sunshine Coast,2021,Q3,Other Commercial,28286.0,29802.0,-1517.0,-5.09,FY2021/22
Sunshine Coast,2021,Q4,Car Parking,298816.0,287562.0,11253.0,3.91,FY2021/22
Sunshine Coast,2021,Q4,Cafeteria & Food Services,149423.0,159519.0,-10096.0,-6.33,FY2021/22
Sunshine Coast,2021,Q4,Private Patient Fees,492193.0,529708.0,-37515.0,-7.08,FY2021/22
Sunshine Coast,2021,Q4,Pharmacy Retail,177070.0,180363.0,-3293.0,-1.83,FY2021/22
Sunshine Coast,2021,Q4,Medical Imaging (Private),155798.0,161348.0,-5550.0,-3.44,FY2021/22
Sunshine Coast,2021,Q4,Accommodation Fees,61397.0,63724.0,-2327.0,-3.65,FY2021/22
Sunshine Coast,2021,Q4,Equipment Hire,45253.0,43237.0,2016.0,4.66,FY2021/22
Sunshine Coast,2021,Q4,Research Grants,122774.0,128932.0,-6158.0,-4.78,FY2021/22
Sunshine Coast,2021,Q4,Other Commercial,32431.0,31492.0,939.0,2.98,FY2021/22
Sunshine Coast,2022,Q1,Car Parking,293951.0,266382.0,27569.0,10.35,FY2022/23
Sunshine Coast,2022,Q1,Cafeteria & Food Services,185501.0,195223.0,-9721.0,-4.98,FY2022/23
Sunshine Coast,2022,Q1,Private Patient Fees,646670.0,690745.0,-44075.0,-6.38,FY2022/23
Sunshine Coast,2022,Q1,Pharmacy Retail,195138.0,189937.0,5200.0,2.74,FY2022/23
Sunshine Coast,2022,Q1,Medical Imaging (Private),154408.0,152780.0,1628.0,1.07,FY2022/23
Sunshine Coast,2022,Q1,Accommodation Fees,65731.0,71701.0,-5970.0,-8.33,FY2022/23
Sunshine Coast,2022,Q1,Equipment Hire,51287.0,55619.0,-4332.0,-7.79,FY2022/23
Sunshine Coast,2022,Q1,Research Grants,125904.0,138130.0,-12226.0,-8.85,FY2022/23
Sunshine Coast,2022,Q1,Other Commercial,37099.0,40296.0,-3197.0,-7.93,FY2022/23
Sunshine Coast,2022,Q2,Car Parking,290485.0,304907.0,-14422.0,-4.73,FY2022/23
Sunshine Coast,2022,Q2,Cafeteria & Food Services,200834.0,186362.0,14471.0,7.77,FY2022/23
Sunshine Coast,2022,Q2,Private Patient Fees,578796.0,570064.0,8731.0,1.53,FY2022/23
Sunshine Coast,2022,Q2,Pharmacy Retail,242616.0,244672.0,-2057.0,-0.84,FY2022/23
Sunshine Coast,2022,Q2,Medical Imaging (Private),165894.0,153987.0,11907.0,7.73,FY2022/23
Sunshine Coast,2022,Q2,Accommodation Fees,64472.0,68471.0,-3999.0,-5.84,FY2022/23
Sunshine Coast,2022,Q2,Equipment Hire,49498.0,50823.0,-1325.0,-2.61,FY2022/23
Sunshine Coast,2022,Q2,Research Grants,140939.0,132727.0,8212.0,6.19,FY2022/23
Sunshine Coast,2022,Q2,Other Commercial,38077.0,34868.0,3208.0,9.2,FY2022/23
Sunshine Coast,2022,Q3,Car Parking,337824.0,315117.0,22706.0,7.21,FY2022/23
Sunshine Coast,2022,Q3,Cafeteria & Food Services,193490.0,185798.0,7692.0,4.14,FY2022/23
Sunshine Coast,2022,Q3,Private Patient Fees,635289.0,647922.0,-12633.0,-1.95,FY2022/23
Sunshine Coast,2022,Q3,Pharmacy Retail,202407.0,212189.0,-9782.0,-4.61,FY2022/23
Sunshine Coast,2022,Q3,Medical Imaging (Private),157002.0,162100.0,-5099.0,-3.15,FY2022/23
Sunshine Coast,2022,Q3,Accommodation Fees,67241.0,69771.0,-2530.0,-3.63,FY2022/23
Sunshine Coast,2022,Q3,Equipment Hire,50034.0,49287.0,747.0,1.52,FY2022/23
Sunshine Coast,2022,Q3,Research Grants,120407.0,126388.0,-5981.0,-4.73,FY2022/23
Sunshine Coast,2022,Q3,Other Commercial,34532.0,37169.0,-2636.0,-7.09,FY2022/23
Sunshine Coast,2022,Q4,Car Parking,360612.0,338719.0,21893.0,6.46,FY2022/23
Sunshine Coast,2022,Q4,Cafeteria & Food Services,188123.0,172611.0,15512.0,8.99,FY2022/23
Sunshine Coast,2022,Q4,Private Patient Fees,624236.0,650869.0,-26633.0,-4.09,FY2022/23
Sunshine Coast,2022,Q4,Pharmacy Retail,228152.0,233842.0,-5690.0,-2.43,FY2022/23
Sunshine Coast,2022,Q4,Medical Imaging (Private),156207.0,152396.0,3811.0,2.5,FY2022/23
Sunshine Coast,2022,Q4,Accommodation Fees,66268.0,69171.0,-2903.0,-4.2,FY2022/23
Sunshine Coast,2022,Q4,Equipment Hire,54987.0,57283.0,-2296.0,-4.01,FY2022/23
Sunshine Coast,2022,Q4,Research Grants,120460.0,116231.0,4230.0,3.64,FY2022/23
Sunshine Coast,2022,Q4,Other Commercial,35167.0,31831.0,3336.0,10.48,FY2022/23
Sunshine Coast,2023,Q1,Car Parking,325768.0,345529.0,-19761.0,-5.72,FY2023/24
Sunshine Coast,2023,Q1,Cafeteria & Food Services,206101.0,206852.0,-751.0,-0.36,FY2023/24
Sunshine Coast,2023,Q1,Private Patient Fees,651527.0,590391.0,61136.0,10.36,FY2023/24
Sunshine Coast,2023,Q1,Pharmacy Retail,246341.0,222348.0,23993.0,10.79,FY2023/24
Sunshine Coast,2023,Q1,Medical Imaging (Private),187420.0,187016.0,404.0,0.22,FY2023/24
Sunshine Coast,2023,Q1,Accommodation Fees,72409.0,78552.0,-6143.0,-7.82,FY2023/24
Sunshine Coast,2023,Q1,Equipment Hire,50005.0,50819.0,-814.0,-1.6,FY2023/24
Sunshine Coast,2023,Q1,Research Grants,133259.0,125778.0,7481.0,5.95,FY2023/24
Sunshine Coast,2023,Q1,Other Commercial,36990.0,38116.0,-1126.0,-2.96,FY2023/24
Sunshine Coast,2023,Q2,Car Parking,357150.0,321487.0,35664.0,11.09,FY2023/24
Sunshine Coast,2023,Q2,Cafeteria & Food Services,207888.0,193939.0,13948.0,7.19,FY2023/24
Sunshine Coast,2023,Q2,Private Patient Fees,616451.0,587290.0,29161.0,4.97,FY2023/24
Sunshine Coast,2023,Q2,Pharmacy Retail,200746.0,185612.0,15134.0,8.15,FY2023/24
Sunshine Coast,2023,Q2,Medical Imaging (Private),189111.0,182122.0,6989.0,3.84,FY2023/24
Sunshine Coast,2023,Q2,Accommodation Fees,68315.0,62945.0,5370.0,8.53,FY2023/24
Sunshine Coast,2023,Q2,Equipment Hire,59421.0,63635.0,-4214.0,-6.62,FY2023/24
Sunshine Coast,2023,Q2,Research Grants,124029.0,112145.0,11884.0,10.6,FY2023/24
Sunshine Coast,2023,Q2,Other Commercial,35131.0,32015.0,3116.0,9.73,FY2023/24
Sunshine Coast,2023,Q3,Car Parking,306450.0,302252.0,4198.0,1.39,FY2023/24
Sunshine Coast,2023,Q3,Cafeteria & Food Services,175964.0,176525.0,-561.0,-0.32,FY2023/24
Sunshine Coast,2023,Q3,Private Patient Fees,619599.0,674190.0,-54591.0,-8.1,FY2023/24
Sunshine Coast,2023,Q3,Pharmacy Retail,247790.0,251101.0,-3311.0,-1.32,FY2023/24
Sunshine Coast,2023,Q3,Medical Imaging (Private),163427.0,159543.0,3885.0,2.43,FY2023/24
Sunshine Coast,2023,Q3,Accommodation Fees,73672.0,77025.0,-3353.0,-4.35,FY2023/24
Sunshine Coast,2023,Q3,Equipment Hire,55793.0,59773.0,-3981.0,-6.66,FY2023/24
Sunshine Coast,2023,Q3,Research Grants,145750.0,140968.0,4782.0,3.39,FY2023/24
Sunshine Coast,2023,Q3,Other Commercial,38180.0,35088.0,3092.0,8.81,FY2023/24
Sunshine Coast,2023,Q4,Car Parking,314341.0,308900.0,5440.0,1.76,FY2023/24
Sunshine Coast,2023,Q4,Cafeteria & Food Services,174893.0,188064.0,-13172.0,-7.0,FY2023/24
Sunshine Coast,2023,Q4,Private Patient Fees,604551.0,599190.0,5361.0,0.89,FY2023/24
Sunshine Coast,2023,Q4,Pharmacy Retail,231520.0,240404.0,-8884.0,-3.7,FY2023/24
Sunshine Coast,2023,Q4,Medical Imaging (Private),164592.0,176742.0,-12150.0,-6.87,FY2023/24
Sunshine Coast,2023,Q4,Accommodation Fees,76498.0,75573.0,926.0,1.22,FY2023/24
Sunshine Coast,2023,Q4,Equipment Hire,50585.0,50228.0,357.0,0.71,FY2023/24
Sunshine Coast,2023,Q4,Research Grants,141851.0,145100.0,-3250.0,-2.24,FY2023/24
Sunshine Coast,2023,Q4,Other Commercial,40632.0,40583.0,49.0,0.12,FY2023/24
Sunshine Coast,2024,Q1,Car Parking,315916.0,285186.0,30730.0,10.78,FY2024/25
Sunshine Coast,2024,Q1,Cafeteria & Food Services,184076.0,191365.0,-7289.0,-3.81,FY2024/25
Sunshine Coast,2024,Q1,Private Patient Fees,723306.0,693759.0,29547.0,4.26,FY2024/25
Sunshine Coast,2024,Q1,Pharmacy Retail,231598.0,227944.0,3654.0,1.6,FY2024/25
Sunshine Coast,2024,Q1,Medical Imaging (Private),170146.0,161004.0,9142.0,5.68,FY2024/25
Sunshine Coast,2024,Q1,Accommodation Fees,70536.0,66257.0,4279.0,6.46,FY2024/25
Sunshine Coast,2024,Q1,Equipment Hire,51774.0,48649.0,3126.0,6.43,FY2024/25
Sunshine Coast,2024,Q1,Research Grants,119310.0,122346.0,-3037.0,-2.48,FY2024/25
Sunshine Coast,2024,Q1,Other Commercial,36937.0,40432.0,-3495.0,-8.64,FY2024/25
Sunshine Coast,2024,Q2,Car Parking,322197.0,312262.0,9935.0,3.18,FY2024/25
Sunshine Coast,2024,Q2,Cafeteria & Food Services,186608.0,168263.0,18345.0,10.9,FY2024/25
Sunshine Coast,2024,Q2,Private Patient Fees,731249.0,662804.0,68446.0,10.33,FY2024/25
Sunshine Coast,2024,Q2,Pharmacy Retail,256332.0,276433.0,-20100.0,-7.27,FY2024/25
Sunshine Coast,2024,Q2,Medical Imaging (Private),175362.0,176891.0,-1529.0,-0.86,FY2024/25
Sunshine Coast,2024,Q2,Accommodation Fees,80132.0,78322.0,1810.0,2.31,FY2024/25
Sunshine Coast,2024,Q2,Equipment Hire,60008.0,54544.0,5464.0,10.02,FY2024/25
Sunshine Coast,2024,Q2,Research Grants,120765.0,119732.0,1033.0,0.86,FY2024/25
Sunshine Coast,2024,Q2,Other Commercial,39100.0,42133.0,-3033.0,-7.2,FY2024/25
Sunshine Coast,2024,Q3,Car Parking,314764.0,335076.0,-20312.0,-6.06,FY2024/25
Sunshine Coast,2024,Q3,Cafeteria & Food Services,179755.0,175948.0,3808.0,2.16,FY2024/25
Sunshine Coast,2024,Q3,Private Patient Fees,646437.0,633528.0,12909.0,2.04,FY2024/25
Sunshine Coast,2024,Q3,Pharmacy Retail,212393.0,212545.0,-152.0,-0.07,FY2024/25
Sunshine Coast,2024,Q3,Medical Imaging (Private),186468.0,184288.0,2180.0,1.18,FY2024/25
Sunshine Coast,2024,Q3,Accommodation Fees,77106.0,82484.0,-5378.0,-6.52,FY2024/25
Sunshine Coast,2024,Q3,Equipment Hire,60826.0,60710.0,116.0,0.19,FY2024/25
Sunshine Coast,2024,Q3,Research Grants,127375.0,137181.0,-9806.0,-7.15,FY2024/25
Sunshine Coast,2024,Q3,Other Commercial,39354.0,37159.0,2195.0,5.91,FY2024/25
Sunshine Coast,2024,Q4,Car Parking,328490.0,348405.0,-19915.0,-5.72,FY2024/25
Sunshine Coast,2024,Q4,Cafeteria & Food Services,172063.0,188997.0,-16934.0,-8.96,FY2024/25
Sunshine Coast,2024,Q4,Private Patient Fees,616211.0,652699.0,-36488.0,-5.59,FY2024/25
Sunshine Coast,2024,Q4,Pharmacy Retail,225985.0,225633.0,352.0,0.16,FY2024/25
Sunshine Coast,2024,Q4,Medical Imaging (Private),189765.0,186460.0,3305.0,1.77,FY2024/25
Sunshine Coast,2024,Q4,Accommodation Fees,77975.0,70947.0,7029.0,9.91,FY2024/25
Sunshine Coast,2024,Q4,Equipment Hire,51037.0,48433.0,2605.0,5.38,FY2024/25
Sunshine Coast,2024,Q4,Research Grants,141101.0,130413.0,10688.0,8.2,FY2024/25
Sunshine Coast,2024,Q4,Other Commercial,35058.0,34434.0,624.0,1.81,FY2024/25
West Moreton,2019,Q1,Car Parking,208753.0,217607.0,-8854.0,-4.07,FY2019/20
West Moreton,2019,Q1,Cafeteria & Food Services,103357.0,94666.0,8690.0,9.18,FY2019/20
West Moreton,2019,Q1,Private Patient Fees,433433.0,412686.0,20747.0,5.03,FY2019/20
West Moreton,2019,Q1,Pharmacy Retail,145798.0,156397.0,-10599.0,-6.78,FY2019/20
West Moreton,2019,Q1,Medical Imaging (Private),107393.0,100280.0,7113.0,7.09,FY2019/20
West Moreton,2019,Q1,Accommodation Fees,48260.0,50859.0,-2599.0,-5.11,FY2019/20
West Moreton,2019,Q1,Equipment Hire,34380.0,33261.0,1119.0,3.37,FY2019/20
West Moreton,2019,Q1,Research Grants,73931.0,68341.0,5591.0,8.18,FY2019/20
West Moreton,2019,Q1,Other Commercial,22452.0,22835.0,-383.0,-1.68,FY2019/20
West Moreton,2019,Q2,Car Parking,194794.0,193834.0,960.0,0.5,FY2019/20
West Moreton,2019,Q2,Cafeteria & Food Services,108331.0,111386.0,-3055.0,-2.74,FY2019/20
West Moreton,2019,Q2,Private Patient Fees,429750.0,400864.0,28886.0,7.21,FY2019/20
West Moreton,2019,Q2,Pharmacy Retail,130575.0,121196.0,9379.0,7.74,FY2019/20
West Moreton,2019,Q2,Medical Imaging (Private),103823.0,108575.0,-4752.0,-4.38,FY2019/20
West Moreton,2019,Q2,Accommodation Fees,49444.0,47257.0,2187.0,4.63,FY2019/20
West Moreton,2019,Q2,Equipment Hire,37231.0,33979.0,3252.0,9.57,FY2019/20
West Moreton,2019,Q2,Research Grants,80338.0,73222.0,7116.0,9.72,FY2019/20
West Moreton,2019,Q2,Other Commercial,24517.0,24663.0,-146.0,-0.59,FY2019/20
West Moreton,2019,Q3,Car Parking,209794.0,223706.0,-13912.0,-6.22,FY2019/20
West Moreton,2019,Q3,Cafeteria & Food Services,102600.0,93132.0,9468.0,10.17,FY2019/20
West Moreton,2019,Q3,Private Patient Fees,427645.0,411817.0,15829.0,3.84,FY2019/20
West Moreton,2019,Q3,Pharmacy Retail,122432.0,121660.0,772.0,0.63,FY2019/20
West Moreton,2019,Q3,Medical Imaging (Private),103178.0,93499.0,9679.0,10.35,FY2019/20
West Moreton,2019,Q3,Accommodation Fees,42380.0,38420.0,3960.0,10.31,FY2019/20
West Moreton,2019,Q3,Equipment Hire,32958.0,35562.0,-2604.0,-7.32,FY2019/20
West Moreton,2019,Q3,Research Grants,87482.0,89879.0,-2398.0,-2.67,FY2019/20
West Moreton,2019,Q3,Other Commercial,20581.0,22252.0,-1671.0,-7.51,FY2019/20
West Moreton,2019,Q4,Car Parking,202386.0,188371.0,14015.0,7.44,FY2019/20
West Moreton,2019,Q4,Cafeteria & Food Services,123336.0,129687.0,-6351.0,-4.9,FY2019/20
West Moreton,2019,Q4,Private Patient Fees,413799.0,431111.0,-17312.0,-4.02,FY2019/20
West Moreton,2019,Q4,Pharmacy Retail,124734.0,117525.0,7209.0,6.13,FY2019/20
West Moreton,2019,Q4,Medical Imaging (Private),105355.0,99449.0,5906.0,5.94,FY2019/20
West Moreton,2019,Q4,Accommodation Fees,44141.0,46630.0,-2490.0,-5.34,FY2019/20
West Moreton,2019,Q4,Equipment Hire,35890.0,35554.0,335.0,0.94,FY2019/20
West Moreton,2019,Q4,Research Grants,83898.0,89580.0,-5682.0,-6.34,FY2019/20
West Moreton,2019,Q4,Other Commercial,23232.0,21970.0,1262.0,5.74,FY2019/20
West Moreton,2020,Q1,Car Parking,147289.0,141835.0,5454.0,3.85,FY2020/21
West Moreton,2020,Q1,Cafeteria & Food Services,78563.0,74999.0,3564.0,4.75,FY2020/21
West Moreton,2020,Q1,Private Patient Fees,281709.0,279192.0,2517.0,0.9,FY2020/21
West Moreton,2020,Q1,Pharmacy Retail,114001.0,104983.0,9018.0,8.59,FY2020/21
West Moreton,2020,Q1,Medical Imaging (Private),81984.0,85055.0,-3071.0,-3.61,FY2020/21
West Moreton,2020,Q1,Accommodation Fees,31250.0,33891.0,-2641.0,-7.79,FY2020/21
West Moreton,2020,Q1,Equipment Hire,26383.0,25663.0,719.0,2.8,FY2020/21
West Moreton,2020,Q1,Research Grants,64293.0,61173.0,3120.0,5.1,FY2020/21
West Moreton,2020,Q1,Other Commercial,18108.0,16441.0,1667.0,10.14,FY2020/21
West Moreton,2020,Q2,Car Parking,168422.0,166676.0,1746.0,1.05,FY2020/21
West Moreton,2020,Q2,Cafeteria & Food Services,89358.0,84376.0,4982.0,5.9,FY2020/21
West Moreton,2020,Q2,Private Patient Fees,315689.0,332878.0,-17189.0,-5.16,FY2020/21
West Moreton,2020,Q2,Pharmacy Retail,103157.0,105585.0,-2429.0,-2.3,FY2020/21
West Moreton,2020,Q2,Medical Imaging (Private),77052.0,83125.0,-6073.0,-7.31,FY2020/21
West Moreton,2020,Q2,Accommodation Fees,34590.0,36955.0,-2365.0,-6.4,FY2020/21
West Moreton,2020,Q2,Equipment Hire,27833.0,27335.0,498.0,1.82,FY2020/21
West Moreton,2020,Q2,Research Grants,56641.0,55577.0,1064.0,1.91,FY2020/21
West Moreton,2020,Q2,Other Commercial,18659.0,17642.0,1016.0,5.76,FY2020/21
West Moreton,2020,Q3,Car Parking,156649.0,166239.0,-9590.0,-5.77,FY2020/21
West Moreton,2020,Q3,Cafeteria & Food Services,83477.0,85852.0,-2374.0,-2.77,FY2020/21
West Moreton,2020,Q3,Private Patient Fees,284333.0,262114.0,22219.0,8.48,FY2020/21
West Moreton,2020,Q3,Pharmacy Retail,111159.0,102244.0,8916.0,8.72,FY2020/21
West Moreton,2020,Q3,Medical Imaging (Private),73596.0,78822.0,-5227.0,-6.63,FY2020/21
West Moreton,2020,Q3,Accommodation Fees,33333.0,36486.0,-3154.0,-8.64,FY2020/21
West Moreton,2020,Q3,Equipment Hire,28944.0,27603.0,1341.0,4.86,FY2020/21
West Moreton,2020,Q3,Research Grants,53892.0,56102.0,-2210.0,-3.94,FY2020/21
West Moreton,2020,Q3,Other Commercial,17100.0,15735.0,1365.0,8.68,FY2020/21
West Moreton,2020,Q4,Car Parking,163493.0,148163.0,15330.0,10.35,FY2020/21
West Moreton,2020,Q4,Cafeteria & Food Services,94207.0,87399.0,6808.0,7.79,FY2020/21
West Moreton,2020,Q4,Private Patient Fees,275734.0,257849.0,17886.0,6.94,FY2020/21
West Moreton,2020,Q4,Pharmacy Retail,115293.0,119747.0,-4454.0,-3.72,FY2020/21
West Moreton,2020,Q4,Medical Imaging (Private),83500.0,81791.0,1709.0,2.09,FY2020/21
West Moreton,2020,Q4,Accommodation Fees,33248.0,31483.0,1766.0,5.61,FY2020/21
West Moreton,2020,Q4,Equipment Hire,25835.0,26103.0,-268.0,-1.03,FY2020/21
West Moreton,2020,Q4,Research Grants,62479.0,59444.0,3035.0,5.11,FY2020/21
West Moreton,2020,Q4,Other Commercial,19167.0,17901.0,1266.0,7.07,FY2020/21
West Moreton,2021,Q1,Car Parking,209069.0,188783.0,20286.0,10.75,FY2021/22
West Moreton,2021,Q1,Cafeteria & Food Services,104000.0,100534.0,3466.0,3.45,FY2021/22
West Moreton,2021,Q1,Private Patient Fees,361193.0,366297.0,-5105.0,-1.39,FY2021/22
West Moreton,2021,Q1,Pharmacy Retail,123430.0,121328.0,2102.0,1.73,FY2021/22
West Moreton,2021,Q1,Medical Imaging (Private),99278.0,102969.0,-3691.0,-3.58,FY2021/22
West Moreton,2021,Q1,Accommodation Fees,45132.0,42875.0,2257.0,5.26,FY2021/22
West Moreton,2021,Q1,Equipment Hire,32166.0,32714.0,-548.0,-1.68,FY2021/22
West Moreton,2021,Q1,Research Grants,70845.0,70648.0,198.0,0.28,FY2021/22
West Moreton,2021,Q1,Other Commercial,19961.0,18531.0,1430.0,7.72,FY2021/22
West Moreton,2021,Q2,Car Parking,175136.0,161318.0,13818.0,8.57,FY2021/22
West Moreton,2021,Q2,Cafeteria & Food Services,109064.0,112570.0,-3506.0,-3.11,FY2021/22
West Moreton,2021,Q2,Private Patient Fees,405202.0,423815.0,-18613.0,-4.39,FY2021/22
West Moreton,2021,Q2,Pharmacy Retail,111890.0,120489.0,-8599.0,-7.14,FY2021/22
West Moreton,2021,Q2,Medical Imaging (Private),102210.0,101052.0,1159.0,1.15,FY2021/22
West Moreton,2021,Q2,Accommodation Fees,42651.0,46712.0,-4061.0,-8.69,FY2021/22
West Moreton,2021,Q2,Equipment Hire,31585.0,34146.0,-2560.0,-7.5,FY2021/22
West Moreton,2021,Q2,Research Grants,65813.0,61747.0,4067.0,6.59,FY2021/22
West Moreton,2021,Q2,Other Commercial,20598.0,20947.0,-349.0,-1.67,FY2021/22
West Moreton,2021,Q3,Car Parking,202325.0,222082.0,-19757.0,-8.9,FY2021/22
West Moreton,2021,Q3,Cafeteria & Food Services,101687.0,92482.0,9204.0,9.95,FY2021/22
West Moreton,2021,Q3,Private Patient Fees,392088.0,400273.0,-8185.0,-2.04,FY2021/22
West Moreton,2021,Q3,Pharmacy Retail,116298.0,116178.0,120.0,0.1,FY2021/22
West Moreton,2021,Q3,Medical Imaging (Private),99494.0,104875.0,-5381.0,-5.13,FY2021/22
West Moreton,2021,Q3,Accommodation Fees,41786.0,40158.0,1628.0,4.05,FY2021/22
West Moreton,2021,Q3,Equipment Hire,34906.0,36046.0,-1140.0,-3.16,FY2021/22
West Moreton,2021,Q3,Research Grants,71521.0,68381.0,3140.0,4.59,FY2021/22
West Moreton,2021,Q3,Other Commercial,22054.0,20916.0,1137.0,5.44,FY2021/22
West Moreton,2021,Q4,Car Parking,173236.0,174270.0,-1034.0,-0.59,FY2021/22
West Moreton,2021,Q4,Cafeteria & Food Services,99208.0,101765.0,-2558.0,-2.51,FY2021/22
West Moreton,2021,Q4,Private Patient Fees,332129.0,342421.0,-10292.0,-3.01,FY2021/22
West Moreton,2021,Q4,Pharmacy Retail,118848.0,106969.0,11879.0,11.11,FY2021/22
West Moreton,2021,Q4,Medical Imaging (Private),85608.0,93032.0,-7424.0,-7.98,FY2021/22
West Moreton,2021,Q4,Accommodation Fees,45474.0,43051.0,2423.0,5.63,FY2021/22
West Moreton,2021,Q4,Equipment Hire,33436.0,34162.0,-726.0,-2.13,FY2021/22
West Moreton,2021,Q4,Research Grants,81397.0,79339.0,2058.0,2.59,FY2021/22
West Moreton,2021,Q4,Other Commercial,21805.0,19901.0,1903.0,9.56,FY2021/22
West Moreton,2022,Q1,Car Parking,214272.0,234149.0,-19877.0,-8.49,FY2022/23
West Moreton,2022,Q1,Cafeteria & Food Services,123222.0,117995.0,5228.0,4.43,FY2022/23
West Moreton,2022,Q1,Private Patient Fees,388340.0,404147.0,-15808.0,-3.91,FY2022/23
West Moreton,2022,Q1,Pharmacy Retail,151589.0,147767.0,3822.0,2.59,FY2022/23
West Moreton,2022,Q1,Medical Imaging (Private),121763.0,110127.0,11636.0,10.57,FY2022/23
West Moreton,2022,Q1,Accommodation Fees,46532.0,50450.0,-3919.0,-7.77,FY2022/23
West Moreton,2022,Q1,Equipment Hire,35050.0,33313.0,1737.0,5.21,FY2022/23
West Moreton,2022,Q1,Research Grants,86158.0,91737.0,-5580.0,-6.08,FY2022/23
West Moreton,2022,Q1,Other Commercial,22091.0,24048.0,-1957.0,-8.14,FY2022/23
West Moreton,2022,Q2,Car Parking,235306.0,220305.0,15001.0,6.81,FY2022/23
West Moreton,2022,Q2,Cafeteria & Food Services,128292.0,125340.0,2952.0,2.36,FY2022/23
West Moreton,2022,Q2,Private Patient Fees,417261.0,440902.0,-23641.0,-5.36,FY2022/23
West Moreton,2022,Q2,Pharmacy Retail,162767.0,150613.0,12154.0,8.07,FY2022/23
West Moreton,2022,Q2,Medical Imaging (Private),107779.0,107368.0,411.0,0.38,FY2022/23
West Moreton,2022,Q2,Accommodation Fees,47382.0,46086.0,1296.0,2.81,FY2022/23
West Moreton,2022,Q2,Equipment Hire,32689.0,33902.0,-1213.0,-3.58,FY2022/23
West Moreton,2022,Q2,Research Grants,84148.0,79011.0,5136.0,6.5,FY2022/23
West Moreton,2022,Q2,Other Commercial,26268.0,27857.0,-1590.0,-5.71,FY2022/23
West Moreton,2022,Q3,Car Parking,219026.0,210197.0,8829.0,4.2,FY2022/23
West Moreton,2022,Q3,Cafeteria & Food Services,126126.0,120782.0,5344.0,4.42,FY2022/23
West Moreton,2022,Q3,Private Patient Fees,400208.0,418659.0,-18451.0,-4.41,FY2022/23
West Moreton,2022,Q3,Pharmacy Retail,130334.0,119771.0,10563.0,8.82,FY2022/23
West Moreton,2022,Q3,Medical Imaging (Private),96866.0,90143.0,6724.0,7.46,FY2022/23
West Moreton,2022,Q3,Accommodation Fees,43781.0,48122.0,-4341.0,-9.02,FY2022/23
West Moreton,2022,Q3,Equipment Hire,34768.0,32329.0,2439.0,7.54,FY2022/23
West Moreton,2022,Q3,Research Grants,80144.0,87135.0,-6991.0,-8.02,FY2022/23
West Moreton,2022,Q3,Other Commercial,24534.0,23871.0,663.0,2.78,FY2022/23
West Moreton,2022,Q4,Car Parking,239436.0,234408.0,5029.0,2.15,FY2022/23
West Moreton,2022,Q4,Cafeteria & Food Services,117246.0,110382.0,6864.0,6.22,FY2022/23
West Moreton,2022,Q4,Private Patient Fees,414748.0,399542.0,15206.0,3.81,FY2022/23
West Moreton,2022,Q4,Pharmacy Retail,152730.0,146302.0,6427.0,4.39,FY2022/23
West Moreton,2022,Q4,Medical Imaging (Private),111908.0,102192.0,9716.0,9.51,FY2022/23
West Moreton,2022,Q4,Accommodation Fees,45214.0,44377.0,837.0,1.89,FY2022/23
West Moreton,2022,Q4,Equipment Hire,40465.0,39471.0,993.0,2.52,FY2022/23
West Moreton,2022,Q4,Research Grants,88821.0,84470.0,4351.0,5.15,FY2022/23
West Moreton,2022,Q4,Other Commercial,22230.0,20268.0,1963.0,9.68,FY2022/23
West Moreton,2023,Q1,Car Parking,215247.0,200510.0,14738.0,7.35,FY2023/24
West Moreton,2023,Q1,Cafeteria & Food Services,115626.0,121656.0,-6030.0,-4.96,FY2023/24
West Moreton,2023,Q1,Private Patient Fees,388024.0,392510.0,-4486.0,-1.14,FY2023/24
West Moreton,2023,Q1,Pharmacy Retail,146173.0,146365.0,-191.0,-0.13,FY2023/24
West Moreton,2023,Q1,Medical Imaging (Private),114598.0,110321.0,4278.0,3.88,FY2023/24
West Moreton,2023,Q1,Accommodation Fees,47709.0,49936.0,-2227.0,-4.46,FY2023/24
West Moreton,2023,Q1,Equipment Hire,40985.0,38465.0,2520.0,6.55,FY2023/24
West Moreton,2023,Q1,Research Grants,79328.0,85640.0,-6311.0,-7.37,FY2023/24
West Moreton,2023,Q1,Other Commercial,24184.0,24432.0,-248.0,-1.02,FY2023/24
West Moreton,2023,Q2,Car Parking,218181.0,201852.0,16329.0,8.09,FY2023/24
West Moreton,2023,Q2,Cafeteria & Food Services,128129.0,128774.0,-644.0,-0.5,FY2023/24
West Moreton,2023,Q2,Private Patient Fees,407745.0,403820.0,3925.0,0.97,FY2023/24
West Moreton,2023,Q2,Pharmacy Retail,161256.0,164172.0,-2916.0,-1.78,FY2023/24
West Moreton,2023,Q2,Medical Imaging (Private),101974.0,102954.0,-979.0,-0.95,FY2023/24
West Moreton,2023,Q2,Accommodation Fees,52617.0,55698.0,-3080.0,-5.53,FY2023/24
West Moreton,2023,Q2,Equipment Hire,38798.0,36103.0,2695.0,7.47,FY2023/24
West Moreton,2023,Q2,Research Grants,92237.0,95509.0,-3272.0,-3.43,FY2023/24
West Moreton,2023,Q2,Other Commercial,22225.0,21832.0,392.0,1.8,FY2023/24
West Moreton,2023,Q3,Car Parking,216740.0,224083.0,-7344.0,-3.28,FY2023/24
West Moreton,2023,Q3,Cafeteria & Food Services,116894.0,119019.0,-2124.0,-1.78,FY2023/24
West Moreton,2023,Q3,Private Patient Fees,482579.0,511322.0,-28743.0,-5.62,FY2023/24
West Moreton,2023,Q3,Pharmacy Retail,165754.0,181617.0,-15863.0,-8.73,FY2023/24
West Moreton,2023,Q3,Medical Imaging (Private),99638.0,102084.0,-2446.0,-2.4,FY2023/24
West Moreton,2023,Q3,Accommodation Fees,49126.0,52662.0,-3536.0,-6.71,FY2023/24
West Moreton,2023,Q3,Equipment Hire,35390.0,38795.0,-3405.0,-8.78,FY2023/24
West Moreton,2023,Q3,Research Grants,90204.0,95500.0,-5296.0,-5.55,FY2023/24
West Moreton,2023,Q3,Other Commercial,22593.0,21163.0,1430.0,6.76,FY2023/24
West Moreton,2023,Q4,Car Parking,239795.0,216870.0,22925.0,10.57,FY2023/24
West Moreton,2023,Q4,Cafeteria & Food Services,134980.0,121858.0,13121.0,10.77,FY2023/24
West Moreton,2023,Q4,Private Patient Fees,455596.0,443303.0,12293.0,2.77,FY2023/24
West Moreton,2023,Q4,Pharmacy Retail,154556.0,160616.0,-6060.0,-3.77,FY2023/24
West Moreton,2023,Q4,Medical Imaging (Private),108628.0,100111.0,8517.0,8.51,FY2023/24
West Moreton,2023,Q4,Accommodation Fees,44994.0,45794.0,-800.0,-1.75,FY2023/24
West Moreton,2023,Q4,Equipment Hire,37819.0,39650.0,-1832.0,-4.62,FY2023/24
West Moreton,2023,Q4,Research Grants,88013.0,86648.0,1365.0,1.58,FY2023/24
West Moreton,2023,Q4,Other Commercial,24474.0,22156.0,2318.0,10.46,FY2023/24
West Moreton,2024,Q1,Car Parking,222690.0,243891.0,-21201.0,-8.69,FY2024/25
West Moreton,2024,Q1,Cafeteria & Food Services,140347.0,135558.0,4789.0,3.53,FY2024/25
West Moreton,2024,Q1,Private Patient Fees,460299.0,492271.0,-31972.0,-6.49,FY2024/25
West Moreton,2024,Q1,Pharmacy Retail,152382.0,137691.0,14691.0,10.67,FY2024/25
West Moreton,2024,Q1,Medical Imaging (Private),104083.0,104299.0,-216.0,-0.21,FY2024/25
West Moreton,2024,Q1,Accommodation Fees,57325.0,59540.0,-2215.0,-3.72,FY2024/25
West Moreton,2024,Q1,Equipment Hire,34661.0,32507.0,2153.0,6.62,FY2024/25
West Moreton,2024,Q1,Research Grants,96031.0,102589.0,-6558.0,-6.39,FY2024/25
West Moreton,2024,Q1,Other Commercial,26488.0,27253.0,-765.0,-2.81,FY2024/25
West Moreton,2024,Q2,Car Parking,205596.0,219105.0,-13509.0,-6.17,FY2024/25
West Moreton,2024,Q2,Cafeteria & Food Services,137711.0,131074.0,6637.0,5.06,FY2024/25
West Moreton,2024,Q2,Private Patient Fees,473377.0,446381.0,26996.0,6.05,FY2024/25
West Moreton,2024,Q2,Pharmacy Retail,137509.0,129290.0,8219.0,6.36,FY2024/25
West Moreton,2024,Q2,Medical Imaging (Private),106979.0,103508.0,3472.0,3.35,FY2024/25
West Moreton,2024,Q2,Accommodation Fees,50512.0,50598.0,-86.0,-0.17,FY2024/25
West Moreton,2024,Q2,Equipment Hire,38424.0,36662.0,1762.0,4.81,FY2024/25
West Moreton,2024,Q2,Research Grants,79972.0,81653.0,-1681.0,-2.06,FY2024/25
West Moreton,2024,Q2,Other Commercial,25115.0,24104.0,1011.0,4.2,FY2024/25
West Moreton,2024,Q3,Car Parking,252257.0,264706.0,-12449.0,-4.7,FY2024/25
West Moreton,2024,Q3,Cafeteria & Food Services,139859.0,139719.0,140.0,0.1,FY2024/25
West Moreton,2024,Q3,Private Patient Fees,410870.0,426994.0,-16124.0,-3.78,FY2024/25
West Moreton,2024,Q3,Pharmacy Retail,143657.0,141968.0,1689.0,1.19,FY2024/25
West Moreton,2024,Q3,Medical Imaging (Private),103818.0,110573.0,-6755.0,-6.11,FY2024/25
West Moreton,2024,Q3,Accommodation Fees,46895.0,50675.0,-3781.0,-7.46,FY2024/25
West Moreton,2024,Q3,Equipment Hire,42018.0,41720.0,298.0,0.71,FY2024/25
West Moreton,2024,Q3,Research Grants,95448.0,97728.0,-2280.0,-2.33,FY2024/25
West Moreton,2024,Q3,Other Commercial,27634.0,27257.0,377.0,1.38,FY2024/25
West Moreton,2024,Q4,Car Parking,247743.0,245883.0,1860.0,0.76,FY2024/25
West Moreton,2024,Q4,Cafeteria & Food Services,142431.0,142043.0,388.0,0.27,FY2024/25
West Moreton,2024,Q4,Private Patient Fees,446756.0,472227.0,-25471.0,-5.39,FY2024/25
West Moreton,2024,Q4,Pharmacy Retail,166489.0,168303.0,-1814.0,-1.08,FY2024/25
West Moreton,2024,Q4,Medical Imaging (Private),107012.0,106322.0,690.0,0.65,FY2024/25
West Moreton,2024,Q4,Accommodation Fees,57308.0,60207.0,-2900.0,-4.82,FY2024/25
West Moreton,2024,Q4,Equipment Hire,41526.0,37646.0,3880.0,10.31,FY2024/25
West Moreton,2024,Q4,Research Grants,89465.0,92088.0,-2623.0,-2.85,FY2024/25
West Moreton,2024,Q4,Other Commercial,27800.0,25294.0,2506.0,9.91,FY2024/25
Darling Downs,2019,Q1,Car Parking,187416.0,189231.0,-1814.0,-0.96,FY2019/20
Darling Downs,2019,Q1,Cafeteria & Food Services,89026.0,85772.0,3254.0,3.79,FY2019/20
Darling Downs,2019,Q1,Private Patient Fees,318415.0,320380.0,-1965.0,-0.61,FY2019/20
Darling Downs,2019,Q1,Pharmacy Retail,102805.0,95784.0,7021.0,7.33,FY2019/20
Darling Downs,2019,Q1,Medical Imaging (Private),92884.0,86059.0,6825.0,7.93,FY2019/20
Darling Downs,2019,Q1,Accommodation Fees,35943.0,35608.0,335.0,0.94,FY2019/20
Darling Downs,2019,Q1,Equipment Hire,28918.0,30443.0,-1525.0,-5.01,FY2019/20
Darling Downs,2019,Q1,Research Grants,66351.0,70197.0,-3847.0,-5.48,FY2019/20
Darling Downs,2019,Q1,Other Commercial,19745.0,18217.0,1528.0,8.39,FY2019/20
Darling Downs,2019,Q2,Car Parking,158547.0,156551.0,1997.0,1.28,FY2019/20
Darling Downs,2019,Q2,Cafeteria & Food Services,93624.0,98185.0,-4560.0,-4.64,FY2019/20
Darling Downs,2019,Q2,Private Patient Fees,342511.0,334848.0,7663.0,2.29,FY2019/20
Darling Downs,2019,Q2,Pharmacy Retail,106097.0,100301.0,5796.0,5.78,FY2019/20
Darling Downs,2019,Q2,Medical Imaging (Private),87966.0,86619.0,1347.0,1.56,FY2019/20
Darling Downs,2019,Q2,Accommodation Fees,38538.0,35999.0,2538.0,7.05,FY2019/20
Darling Downs,2019,Q2,Equipment Hire,29926.0,32036.0,-2110.0,-6.59,FY2019/20
Darling Downs,2019,Q2,Research Grants,63296.0,63189.0,107.0,0.17,FY2019/20
Darling Downs,2019,Q2,Other Commercial,21391.0,20678.0,713.0,3.45,FY2019/20
Darling Downs,2019,Q3,Car Parking,176742.0,162256.0,14486.0,8.93,FY2019/20
Darling Downs,2019,Q3,Cafeteria & Food Services,98443.0,90363.0,8080.0,8.94,FY2019/20
Darling Downs,2019,Q3,Private Patient Fees,373033.0,389123.0,-16090.0,-4.13,FY2019/20
Darling Downs,2019,Q3,Pharmacy Retail,123167.0,128195.0,-5028.0,-3.92,FY2019/20
Darling Downs,2019,Q3,Medical Imaging (Private),88261.0,87376.0,884.0,1.01,FY2019/20
Darling Downs,2019,Q3,Accommodation Fees,41703.0,45513.0,-3810.0,-8.37,FY2019/20
Darling Downs,2019,Q3,Equipment Hire,28793.0,31278.0,-2485.0,-7.94,FY2019/20
Darling Downs,2019,Q3,Research Grants,68544.0,69070.0,-526.0,-0.76,FY2019/20
Darling Downs,2019,Q3,Other Commercial,18990.0,17886.0,1104.0,6.17,FY2019/20
Darling Downs,2019,Q4,Car Parking,152218.0,144349.0,7869.0,5.45,FY2019/20
Darling Downs,2019,Q4,Cafeteria & Food Services,96224.0,93914.0,2310.0,2.46,FY2019/20
Darling Downs,2019,Q4,Private Patient Fees,331846.0,363746.0,-31900.0,-8.77,FY2019/20
Darling Downs,2019,Q4,Pharmacy Retail,111060.0,109998.0,1062.0,0.97,FY2019/20
Darling Downs,2019,Q4,Medical Imaging (Private),78801.0,71676.0,7124.0,9.94,FY2019/20
Darling Downs,2019,Q4,Accommodation Fees,40938.0,41517.0,-579.0,-1.39,FY2019/20
Darling Downs,2019,Q4,Equipment Hire,30602.0,28459.0,2143.0,7.53,FY2019/20
Darling Downs,2019,Q4,Research Grants,68358.0,64990.0,3368.0,5.18,FY2019/20
Darling Downs,2019,Q4,Other Commercial,17947.0,16194.0,1753.0,10.83,FY2019/20
Darling Downs,2020,Q1,Car Parking,121645.0,117005.0,4640.0,3.97,FY2020/21
Darling Downs,2020,Q1,Cafeteria & Food Services,67341.0,73885.0,-6544.0,-8.86,FY2020/21
Darling Downs,2020,Q1,Private Patient Fees,247639.0,229330.0,18309.0,7.98,FY2020/21
Darling Downs,2020,Q1,Pharmacy Retail,82565.0,84013.0,-1448.0,-1.72,FY2020/21
Darling Downs,2020,Q1,Medical Imaging (Private),59761.0,64092.0,-4332.0,-6.76,FY2020/21
Darling Downs,2020,Q1,Accommodation Fees,32950.0,31281.0,1669.0,5.34,FY2020/21
Darling Downs,2020,Q1,Equipment Hire,21982.0,19881.0,2101.0,10.57,FY2020/21
Darling Downs,2020,Q1,Research Grants,53665.0,52741.0,924.0,1.75,FY2020/21
Darling Downs,2020,Q1,Other Commercial,14013.0,13192.0,822.0,6.23,FY2020/21
Darling Downs,2020,Q2,Car Parking,138422.0,136103.0,2319.0,1.7,FY2020/21
Darling Downs,2020,Q2,Cafeteria & Food Services,68458.0,71048.0,-2589.0,-3.64,FY2020/21
Darling Downs,2020,Q2,Private Patient Fees,263614.0,282524.0,-18910.0,-6.69,FY2020/21
Darling Downs,2020,Q2,Pharmacy Retail,80822.0,85440.0,-4618.0,-5.4,FY2020/21
Darling Downs,2020,Q2,Medical Imaging (Private),69523.0,64170.0,5353.0,8.34,FY2020/21
Darling Downs,2020,Q2,Accommodation Fees,31051.0,30688.0,363.0,1.18,FY2020/21
Darling Downs,2020,Q2,Equipment Hire,24624.0,22859.0,1765.0,7.72,FY2020/21
Darling Downs,2020,Q2,Research Grants,53692.0,52424.0,1267.0,2.42,FY2020/21
Darling Downs,2020,Q2,Other Commercial,16458.0,15898.0,560.0,3.52,FY2020/21
Darling Downs,2020,Q3,Car Parking,148295.0,160203.0,-11908.0,-7.43,FY2020/21
Darling Downs,2020,Q3,Cafeteria & Food Services,70073.0,74327.0,-4254.0,-5.72,FY2020/21
Darling Downs,2020,Q3,Private Patient Fees,290433.0,276066.0,14367.0,5.2,FY2020/21
Darling Downs,2020,Q3,Pharmacy Retail,87642.0,87995.0,-354.0,-0.4,FY2020/21
Darling Downs,2020,Q3,Medical Imaging (Private),63459.0,57307.0,6152.0,10.74,FY2020/21
Darling Downs,2020,Q3,Accommodation Fees,27671.0,26465.0,1207.0,4.56,FY2020/21
Darling Downs,2020,Q3,Equipment Hire,21947.0,20503.0,1444.0,7.04,FY2020/21
Darling Downs,2020,Q3,Research Grants,56562.0,58880.0,-2318.0,-3.94,FY2020/21
Darling Downs,2020,Q3,Other Commercial,13355.0,13756.0,-401.0,-2.91,FY2020/21
Darling Downs,2020,Q4,Car Parking,138411.0,151040.0,-12629.0,-8.36,FY2020/21
Darling Downs,2020,Q4,Cafeteria & Food Services,65315.0,62022.0,3293.0,5.31,FY2020/21
Darling Downs,2020,Q4,Private Patient Fees,286209.0,310945.0,-24736.0,-7.96,FY2020/21
Darling Downs,2020,Q4,Pharmacy Retail,93703.0,98684.0,-4981.0,-5.05,FY2020/21
Darling Downs,2020,Q4,Medical Imaging (Private),60200.0,60367.0,-167.0,-0.28,FY2020/21
Darling Downs,2020,Q4,Accommodation Fees,27753.0,25984.0,1769.0,6.81,FY2020/21
Darling Downs,2020,Q4,Equipment Hire,23905.0,22160.0,1745.0,7.87,FY2020/21
Darling Downs,2020,Q4,Research Grants,51521.0,56041.0,-4519.0,-8.06,FY2020/21
Darling Downs,2020,Q4,Other Commercial,13714.0,15025.0,-1311.0,-8.73,FY2020/21
Darling Downs,2021,Q1,Car Parking,180309.0,182315.0,-2006.0,-1.1,FY2021/22
Darling Downs,2021,Q1,Cafeteria & Food Services,82460.0,79427.0,3033.0,3.82,FY2021/22
Darling Downs,2021,Q1,Private Patient Fees,307741.0,296005.0,11736.0,3.96,FY2021/22
Darling Downs,2021,Q1,Pharmacy Retail,101801.0,111416.0,-9615.0,-8.63,FY2021/22
Darling Downs,2021,Q1,Medical Imaging (Private),73889.0,77337.0,-3448.0,-4.46,FY2021/22
Darling Downs,2021,Q1,Accommodation Fees,31525.0,32131.0,-606.0,-1.89,FY2021/22
Darling Downs,2021,Q1,Equipment Hire,29546.0,28293.0,1253.0,4.43,FY2021/22
Darling Downs,2021,Q1,Research Grants,57953.0,59711.0,-1758.0,-2.94,FY2021/22
Darling Downs,2021,Q1,Other Commercial,18824.0,19531.0,-708.0,-3.62,FY2021/22
Darling Downs,2021,Q2,Car Parking,154198.0,146556.0,7642.0,5.21,FY2021/22
Darling Downs,2021,Q2,Cafeteria & Food Services,99347.0,107758.0,-8411.0,-7.81,FY2021/22
Darling Downs,2021,Q2,Private Patient Fees,310210.0,331689.0,-21479.0,-6.48,FY2021/22
Darling Downs,2021,Q2,Pharmacy Retail,106229.0,104623.0,1606.0,1.54,FY2021/22
Darling Downs,2021,Q2,Medical Imaging (Private),73955.0,72866.0,1089.0,1.49,FY2021/22
Darling Downs,2021,Q2,Accommodation Fees,36141.0,32690.0,3451.0,10.56,FY2021/22
Darling Downs,2021,Q2,Equipment Hire,26504.0,27996.0,-1491.0,-5.33,FY2021/22
Darling Downs,2021,Q2,Research Grants,65393.0,67160.0,-1768.0,-2.63,FY2021/22
Darling Downs,2021,Q2,Other Commercial,19670.0,17774.0,1896.0,10.67,FY2021/22
Darling Downs,2021,Q3,Car Parking,163395.0,172785.0,-9390.0,-5.43,FY2021/22
Darling Downs,2021,Q3,Cafeteria & Food Services,90437.0,87252.0,3185.0,3.65,FY2021/22
Darling Downs,2021,Q3,Private Patient Fees,286059.0,308232.0,-22173.0,-7.19,FY2021/22
Darling Downs,2021,Q3,Pharmacy Retail,106705.0,114774.0,-8069.0,-7.03,FY2021/22
Darling Downs,2021,Q3,Medical Imaging (Private),82255.0,85120.0,-2866.0,-3.37,FY2021/22
Darling Downs,2021,Q3,Accommodation Fees,38435.0,39659.0,-1223.0,-3.08,FY2021/22
Darling Downs,2021,Q3,Equipment Hire,26207.0,26279.0,-71.0,-0.27,FY2021/22
Darling Downs,2021,Q3,Research Grants,67243.0,65544.0,1699.0,2.59,FY2021/22
Darling Downs,2021,Q3,Other Commercial,17429.0,16020.0,1409.0,8.8,FY2021/22
Darling Downs,2021,Q4,Car Parking,177226.0,162730.0,14496.0,8.91,FY2021/22
Darling Downs,2021,Q4,Cafeteria & Food Services,92734.0,91124.0,1610.0,1.77,FY2021/22
Darling Downs,2021,Q4,Private Patient Fees,306321.0,317322.0,-11000.0,-3.47,FY2021/22
Darling Downs,2021,Q4,Pharmacy Retail,96294.0,98099.0,-1805.0,-1.84,FY2021/22
Darling Downs,2021,Q4,Medical Imaging (Private),85856.0,91491.0,-5636.0,-6.16,FY2021/22
Darling Downs,2021,Q4,Accommodation Fees,32987.0,35609.0,-2622.0,-7.36,FY2021/22
Darling Downs,2021,Q4,Equipment Hire,27871.0,30000.0,-2129.0,-7.1,FY2021/22
Darling Downs,2021,Q4,Research Grants,62463.0,62988.0,-525.0,-0.83,FY2021/22
Darling Downs,2021,Q4,Other Commercial,19711.0,21287.0,-1577.0,-7.41,FY2021/22
Darling Downs,2022,Q1,Car Parking,186009.0,177616.0,8392.0,4.72,FY2022/23
Darling Downs,2022,Q1,Cafeteria & Food Services,101957.0,99668.0,2289.0,2.3,FY2022/23
Darling Downs,2022,Q1,Private Patient Fees,347506.0,331422.0,16084.0,4.85,FY2022/23
Darling Downs,2022,Q1,Pharmacy Retail,136449.0,124711.0,11738.0,9.41,FY2022/23
Darling Downs,2022,Q1,Medical Imaging (Private),98190.0,91765.0,6425.0,7.0,FY2022/23
Darling Downs,2022,Q1,Accommodation Fees,40294.0,36761.0,3533.0,9.61,FY2022/23
Darling Downs,2022,Q1,Equipment Hire,29659.0,31251.0,-1592.0,-5.09,FY2022/23
Darling Downs,2022,Q1,Research Grants,80016.0,75560.0,4456.0,5.9,FY2022/23
Darling Downs,2022,Q1,Other Commercial,20745.0,20622.0,123.0,0.6,FY2022/23
Darling Downs,2022,Q2,Car Parking,205239.0,216027.0,-10787.0,-4.99,FY2022/23
Darling Downs,2022,Q2,Cafeteria & Food Services,104968.0,108553.0,-3585.0,-3.3,FY2022/23
Darling Downs,2022,Q2,Private Patient Fees,396772.0,357851.0,38920.0,10.88,FY2022/23
Darling Downs,2022,Q2,Pharmacy Retail,122641.0,132630.0,-9989.0,-7.53,FY2022/23
Darling Downs,2022,Q2,Medical Imaging (Private),99608.0,100461.0,-853.0,-0.85,FY2022/23
Darling Downs,2022,Q2,Accommodation Fees,42154.0,40870.0,1283.0,3.14,FY2022/23
Darling Downs,2022,Q2,Equipment Hire,31547.0,32527.0,-980.0,-3.01,FY2022/23
Darling Downs,2022,Q2,Research Grants,71813.0,74889.0,-3076.0,-4.11,FY2022/23
Darling Downs,2022,Q2,Other Commercial,22742.0,21172.0,1571.0,7.42,FY2022/23
Darling Downs,2022,Q3,Car Parking,186162.0,182737.0,3425.0,1.87,FY2022/23
Darling Downs,2022,Q3,Cafeteria & Food Services,109348.0,103878.0,5470.0,5.27,FY2022/23
Darling Downs,2022,Q3,Private Patient Fees,378568.0,407149.0,-28581.0,-7.02,FY2022/23
Darling Downs,2022,Q3,Pharmacy Retail,123101.0,133220.0,-10119.0,-7.6,FY2022/23
Darling Downs,2022,Q3,Medical Imaging (Private),105323.0,97025.0,8297.0,8.55,FY2022/23
Darling Downs,2022,Q3,Accommodation Fees,39174.0,42703.0,-3529.0,-8.26,FY2022/23
Darling Downs,2022,Q3,Equipment Hire,34845.0,32041.0,2804.0,8.75,FY2022/23
Darling Downs,2022,Q3,Research Grants,64722.0,60335.0,4387.0,7.27,FY2022/23
Darling Downs,2022,Q3,Other Commercial,23419.0,21920.0,1499.0,6.84,FY2022/23
Darling Downs,2022,Q4,Car Parking,188467.0,201600.0,-13133.0,-6.51,FY2022/23
Darling Downs,2022,Q4,Cafeteria & Food Services,92596.0,94531.0,-1935.0,-2.05,FY2022/23
Darling Downs,2022,Q4,Private Patient Fees,346641.0,371761.0,-25120.0,-6.76,FY2022/23
Darling Downs,2022,Q4,Pharmacy Retail,119042.0,123489.0,-4446.0,-3.6,FY2022/23
Darling Downs,2022,Q4,Medical Imaging (Private),98114.0,92649.0,5465.0,5.9,FY2022/23
Darling Downs,2022,Q4,Accommodation Fees,37183.0,36508.0,675.0,1.85,FY2022/23
Darling Downs,2022,Q4,Equipment Hire,29804.0,31646.0,-1842.0,-5.82,FY2022/23
Darling Downs,2022,Q4,Research Grants,78528.0,77853.0,675.0,0.87,FY2022/23
Darling Downs,2022,Q4,Other Commercial,21463.0,21911.0,-448.0,-2.04,FY2022/23
Darling Downs,2023,Q1,Car Parking,208732.0,205601.0,3131.0,1.52,FY2023/24
Darling Downs,2023,Q1,Cafeteria & Food Services,101725.0,96945.0,4780.0,4.93,FY2023/24
Darling Downs,2023,Q1,Private Patient Fees,379589.0,375728.0,3861.0,1.03,FY2023/24
Darling Downs,2023,Q1,Pharmacy Retail,127170.0,116771.0,10399.0,8.91,FY2023/24
Darling Downs,2023,Q1,Medical Imaging (Private),101845.0,96014.0,5831.0,6.07,FY2023/24
Darling Downs,2023,Q1,Accommodation Fees,39880.0,39184.0,696.0,1.78,FY2023/24
Darling Downs,2023,Q1,Equipment Hire,30149.0,30654.0,-506.0,-1.65,FY2023/24
Darling Downs,2023,Q1,Research Grants,72942.0,72197.0,745.0,1.03,FY2023/24
Darling Downs,2023,Q1,Other Commercial,21696.0,20409.0,1286.0,6.3,FY2023/24
Darling Downs,2023,Q2,Car Parking,177546.0,191055.0,-13508.0,-7.07,FY2023/24
Darling Downs,2023,Q2,Cafeteria & Food Services,105810.0,103949.0,1860.0,1.79,FY2023/24
Darling Downs,2023,Q2,Private Patient Fees,334378.0,334243.0,135.0,0.04,FY2023/24
Darling Downs,2023,Q2,Pharmacy Retail,130701.0,132240.0,-1538.0,-1.16,FY2023/24
Darling Downs,2023,Q2,Medical Imaging (Private),101576.0,95024.0,6552.0,6.9,FY2023/24
Darling Downs,2023,Q2,Accommodation Fees,40450.0,42964.0,-2514.0,-5.85,FY2023/24
Darling Downs,2023,Q2,Equipment Hire,35718.0,33117.0,2601.0,7.85,FY2023/24
Darling Downs,2023,Q2,Research Grants,75222.0,70922.0,4300.0,6.06,FY2023/24
Darling Downs,2023,Q2,Other Commercial,19234.0,18562.0,671.0,3.62,FY2023/24
Darling Downs,2023,Q3,Car Parking,176986.0,184417.0,-7431.0,-4.03,FY2023/24
Darling Downs,2023,Q3,Cafeteria & Food Services,108390.0,100669.0,7721.0,7.67,FY2023/24
Darling Downs,2023,Q3,Private Patient Fees,331996.0,352458.0,-20461.0,-5.81,FY2023/24
Darling Downs,2023,Q3,Pharmacy Retail,118997.0,121525.0,-2528.0,-2.08,FY2023/24
Darling Downs,2023,Q3,Medical Imaging (Private),92981.0,94570.0,-1590.0,-1.68,FY2023/24
Darling Downs,2023,Q3,Accommodation Fees,41105.0,37709.0,3396.0,9.01,FY2023/24
Darling Downs,2023,Q3,Equipment Hire,30111.0,28233.0,1879.0,6.65,FY2023/24
Darling Downs,2023,Q3,Research Grants,73964.0,76305.0,-2341.0,-3.07,FY2023/24
Darling Downs,2023,Q3,Other Commercial,20285.0,18305.0,1980.0,10.81,FY2023/24
Darling Downs,2023,Q4,Car Parking,194416.0,198528.0,-4112.0,-2.07,FY2023/24
Darling Downs,2023,Q4,Cafeteria & Food Services,119464.0,121602.0,-2138.0,-1.76,FY2023/24
Darling Downs,2023,Q4,Private Patient Fees,373716.0,379203.0,-5486.0,-1.45,FY2023/24
Darling Downs,2023,Q4,Pharmacy Retail,142274.0,151618.0,-9344.0,-6.16,FY2023/24
Darling Downs,2023,Q4,Medical Imaging (Private),92657.0,87788.0,4869.0,5.55,FY2023/24
Darling Downs,2023,Q4,Accommodation Fees,40558.0,40594.0,-36.0,-0.09,FY2023/24
Darling Downs,2023,Q4,Equipment Hire,34145.0,34167.0,-22.0,-0.06,FY2023/24
Darling Downs,2023,Q4,Research Grants,67457.0,70473.0,-3016.0,-4.28,FY2023/24
Darling Downs,2023,Q4,Other Commercial,23083.0,22111.0,972.0,4.4,FY2023/24
Darling Downs,2024,Q1,Car Parking,206548.0,203515.0,3032.0,1.49,FY2024/25
Darling Downs,2024,Q1,Cafeteria & Food Services,120710.0,129045.0,-8334.0,-6.46,FY2024/25
Darling Downs,2024,Q1,Private Patient Fees,388758.0,403648.0,-14890.0,-3.69,FY2024/25
Darling Downs,2024,Q1,Pharmacy Retail,144669.0,144545.0,124.0,0.09,FY2024/25
Darling Downs,2024,Q1,Medical Imaging (Private),94907.0,99722.0,-4815.0,-4.83,FY2024/25
Darling Downs,2024,Q1,Accommodation Fees,41193.0,40275.0,918.0,2.28,FY2024/25
Darling Downs,2024,Q1,Equipment Hire,36027.0,37644.0,-1617.0,-4.3,FY2024/25
Darling Downs,2024,Q1,Research Grants,75496.0,71189.0,4307.0,6.05,FY2024/25
Darling Downs,2024,Q1,Other Commercial,21317.0,20396.0,920.0,4.51,FY2024/25
Darling Downs,2024,Q2,Car Parking,183272.0,192191.0,-8919.0,-4.64,FY2024/25
Darling Downs,2024,Q2,Cafeteria & Food Services,103831.0,102879.0,952.0,0.93,FY2024/25
Darling Downs,2024,Q2,Private Patient Fees,375815.0,412049.0,-36234.0,-8.79,FY2024/25
Darling Downs,2024,Q2,Pharmacy Retail,129017.0,118179.0,10838.0,9.17,FY2024/25
Darling Downs,2024,Q2,Medical Imaging (Private),89579.0,91205.0,-1626.0,-1.78,FY2024/25
Darling Downs,2024,Q2,Accommodation Fees,45213.0,44478.0,735.0,1.65,FY2024/25
Darling Downs,2024,Q2,Equipment Hire,32578.0,29672.0,2906.0,9.8,FY2024/25
Darling Downs,2024,Q2,Research Grants,77587.0,77660.0,-74.0,-0.09,FY2024/25
Darling Downs,2024,Q2,Other Commercial,20223.0,18621.0,1602.0,8.61,FY2024/25
Darling Downs,2024,Q3,Car Parking,180767.0,166343.0,14424.0,8.67,FY2024/25
Darling Downs,2024,Q3,Cafeteria & Food Services,113307.0,106429.0,6878.0,6.46,FY2024/25
Darling Downs,2024,Q3,Private Patient Fees,363349.0,339627.0,23721.0,6.98,FY2024/25
Darling Downs,2024,Q3,Pharmacy Retail,147037.0,157465.0,-10428.0,-6.62,FY2024/25
Darling Downs,2024,Q3,Medical Imaging (Private),92933.0,89728.0,3205.0,3.57,FY2024/25
Darling Downs,2024,Q3,Accommodation Fees,41085.0,41019.0,67.0,0.16,FY2024/25
Darling Downs,2024,Q3,Equipment Hire,29301.0,30306.0,-1004.0,-3.31,FY2024/25
Darling Downs,2024,Q3,Research Grants,77710.0,83905.0,-6196.0,-7.38,FY2024/25
Darling Downs,2024,Q3,Other Commercial,20302.0,21536.0,-1235.0,-5.73,FY2024/25
Darling Downs,2024,Q4,Car Parking,212644.0,196789.0,15856.0,8.06,FY2024/25
Darling Downs,2024,Q4,Cafeteria & Food Services,107712.0,100607.0,7106.0,7.06,FY2024/25
Darling Downs,2024,Q4,Private Patient Fees,363654.0,346434.0,17219.0,4.97,FY2024/25
Darling Downs,2024,Q4,Pharmacy Retail,134268.0,131889.0,2379.0,1.8,FY2024/25
Darling Downs,2024,Q4,Medical Imaging (Private),110037.0,101814.0,8223.0,8.08,FY2024/25
Darling Downs,2024,Q4,Accommodation Fees,49180.0,46531.0,2649.0,5.69,FY2024/25
Darling Downs,2024,Q4,Equipment Hire,35289.0,34153.0,1137.0,3.33,FY2024/25
Darling Downs,2024,Q4,Research Grants,70660.0,75718.0,-5058.0,-6.68,FY2024/25
Darling Downs,2024,Q4,Other Commercial,21067.0,21736.0,-669.0,-3.08,FY2024/25
Central Queensland,2019,Q1,Car Parking,160926.0,160017.0,909.0,0.57,FY2019/20
Central Queensland,2019,Q1,Cafeteria & Food Services,87912.0,91995.0,-4083.0,-4.44,FY2019/20
Central Queensland,2019,Q1,Private Patient Fees,277528.0,286863.0,-9335.0,-3.25,FY2019/20
Central Queensland,2019,Q1,Pharmacy Retail,115631.0,105405.0,10227.0,9.7,FY2019/20
Central Queensland,2019,Q1,Medical Imaging (Private),72370.0,75505.0,-3136.0,-4.15,FY2019/20
Central Queensland,2019,Q1,Accommodation Fees,34670.0,34001.0,669.0,1.97,FY2019/20
Central Queensland,2019,Q1,Equipment Hire,24100.0,24132.0,-33.0,-0.14,FY2019/20
Central Queensland,2019,Q1,Research Grants,56079.0,55817.0,262.0,0.47,FY2019/20
Central Queensland,2019,Q1,Other Commercial,18714.0,17809.0,905.0,5.08,FY2019/20
Central Queensland,2019,Q2,Car Parking,157670.0,173185.0,-15515.0,-8.96,FY2019/20
Central Queensland,2019,Q2,Cafeteria & Food Services,91942.0,98219.0,-6277.0,-6.39,FY2019/20
Central Queensland,2019,Q2,Private Patient Fees,301706.0,317869.0,-16163.0,-5.08,FY2019/20
Central Queensland,2019,Q2,Pharmacy Retail,93955.0,86869.0,7086.0,8.16,FY2019/20
Central Queensland,2019,Q2,Medical Imaging (Private),73556.0,72114.0,1442.0,2.0,FY2019/20
Central Queensland,2019,Q2,Accommodation Fees,38121.0,36949.0,1172.0,3.17,FY2019/20
Central Queensland,2019,Q2,Equipment Hire,27380.0,28526.0,-1146.0,-4.02,FY2019/20
Central Queensland,2019,Q2,Research Grants,62874.0,61079.0,1795.0,2.94,FY2019/20
Central Queensland,2019,Q2,Other Commercial,17925.0,17360.0,565.0,3.26,FY2019/20
Central Queensland,2019,Q3,Car Parking,142581.0,156633.0,-14053.0,-8.97,FY2019/20
Central Queensland,2019,Q3,Cafeteria & Food Services,80126.0,73273.0,6853.0,9.35,FY2019/20
Central Queensland,2019,Q3,Private Patient Fees,335981.0,322665.0,13316.0,4.13,FY2019/20
Central Queensland,2019,Q3,Pharmacy Retail,109409.0,105667.0,3742.0,3.54,FY2019/20
Central Queensland,2019,Q3,Medical Imaging (Private),77137.0,73467.0,3670.0,5.0,FY2019/20
Central Queensland,2019,Q3,Accommodation Fees,33874.0,33269.0,605.0,1.82,FY2019/20
Central Queensland,2019,Q3,Equipment Hire,27797.0,27861.0,-64.0,-0.23,FY2019/20
Central Queensland,2019,Q3,Research Grants,68158.0,61913.0,6245.0,10.09,FY2019/20
Central Queensland,2019,Q3,Other Commercial,17613.0,17910.0,-297.0,-1.66,FY2019/20
Central Queensland,2019,Q4,Car Parking,174374.0,158651.0,15723.0,9.91,FY2019/20
Central Queensland,2019,Q4,Cafeteria & Food Services,89552.0,95886.0,-6334.0,-6.61,FY2019/20
Central Queensland,2019,Q4,Private Patient Fees,288923.0,310667.0,-21744.0,-7.0,FY2019/20
Central Queensland,2019,Q4,Pharmacy Retail,93411.0,97753.0,-4343.0,-4.44,FY2019/20
Central Queensland,2019,Q4,Medical Imaging (Private),87433.0,90181.0,-2749.0,-3.05,FY2019/20
Central Queensland,2019,Q4,Accommodation Fees,34685.0,31528.0,3157.0,10.01,FY2019/20
Central Queensland,2019,Q4,Equipment Hire,29062.0,28889.0,173.0,0.6,FY2019/20
Central Queensland,2019,Q4,Research Grants,54637.0,56711.0,-2074.0,-3.66,FY2019/20
Central Queensland,2019,Q4,Other Commercial,17523.0,16207.0,1317.0,8.12,FY2019/20
Central Queensland,2020,Q1,Car Parking,113973.0,104046.0,9927.0,9.54,FY2020/21
Central Queensland,2020,Q1,Cafeteria & Food Services,69192.0,70881.0,-1689.0,-2.38,FY2020/21
Central Queensland,2020,Q1,Private Patient Fees,238258.0,253368.0,-15110.0,-5.96,FY2020/21
Central Queensland,2020,Q1,Pharmacy Retail,88644.0,90694.0,-2050.0,-2.26,FY2020/21
Central Queensland,2020,Q1,Medical Imaging (Private),54027.0,56137.0,-2110.0,-3.76,FY2020/21
Central Queensland,2020,Q1,Accommodation Fees,26657.0,27006.0,-350.0,-1.29,FY2020/21
Central Queensland,2020,Q1,Equipment Hire,21124.0,20491.0,633.0,3.09,FY2020/21
Central Queensland,2020,Q1,Research Grants,52350.0,48517.0,3832.0,7.9,FY2020/21
Central Queensland,2020,Q1,Other Commercial,14156.0,12752.0,1403.0,11.0,FY2020/21
Central Queensland,2020,Q2,Car Parking,134835.0,124385.0,10450.0,8.4,FY2020/21
Central Queensland,2020,Q2,Cafeteria & Food Services,61370.0,59321.0,2050.0,3.46,FY2020/21
Central Queensland,2020,Q2,Private Patient Fees,230710.0,217527.0,13183.0,6.06,FY2020/21
Central Queensland,2020,Q2,Pharmacy Retail,83243.0,82292.0,950.0,1.15,FY2020/21
Central Queensland,2020,Q2,Medical Imaging (Private),54342.0,52382.0,1960.0,3.74,FY2020/21
Central Queensland,2020,Q2,Accommodation Fees,29218.0,30326.0,-1109.0,-3.66,FY2020/21
Central Queensland,2020,Q2,Equipment Hire,21495.0,22346.0,-852.0,-3.81,FY2020/21
Central Queensland,2020,Q2,Research Grants,45427.0,41790.0,3637.0,8.7,FY2020/21
Central Queensland,2020,Q2,Other Commercial,12854.0,13706.0,-853.0,-6.22,FY2020/21
Central Queensland,2020,Q3,Car Parking,136474.0,136306.0,168.0,0.12,FY2020/21
Central Queensland,2020,Q3,Cafeteria & Food Services,59981.0,55663.0,4318.0,7.76,FY2020/21
Central Queensland,2020,Q3,Private Patient Fees,227770.0,231350.0,-3580.0,-1.55,FY2020/21
Central Queensland,2020,Q3,Pharmacy Retail,73257.0,79753.0,-6496.0,-8.14,FY2020/21
Central Queensland,2020,Q3,Medical Imaging (Private),59201.0,64086.0,-4885.0,-7.62,FY2020/21
Central Queensland,2020,Q3,Accommodation Fees,29023.0,30505.0,-1483.0,-4.86,FY2020/21
Central Queensland,2020,Q3,Equipment Hire,20916.0,21447.0,-530.0,-2.47,FY2020/21
Central Queensland,2020,Q3,Research Grants,49162.0,50428.0,-1266.0,-2.51,FY2020/21
Central Queensland,2020,Q3,Other Commercial,13771.0,15111.0,-1340.0,-8.87,FY2020/21
Central Queensland,2020,Q4,Car Parking,129186.0,136341.0,-7156.0,-5.25,FY2020/21
Central Queensland,2020,Q4,Cafeteria & Food Services,74057.0,69845.0,4212.0,6.03,FY2020/21
Central Queensland,2020,Q4,Private Patient Fees,214164.0,213431.0,733.0,0.34,FY2020/21
Central Queensland,2020,Q4,Pharmacy Retail,81852.0,87240.0,-5389.0,-6.18,FY2020/21
Central Queensland,2020,Q4,Medical Imaging (Private),60357.0,61212.0,-855.0,-1.4,FY2020/21
Central Queensland,2020,Q4,Accommodation Fees,27369.0,24841.0,2528.0,10.18,FY2020/21
Central Queensland,2020,Q4,Equipment Hire,20958.0,22333.0,-1375.0,-6.16,FY2020/21
Central Queensland,2020,Q4,Research Grants,43674.0,44498.0,-824.0,-1.85,FY2020/21
Central Queensland,2020,Q4,Other Commercial,13901.0,12968.0,934.0,7.2,FY2020/21
Central Queensland,2021,Q1,Car Parking,134403.0,147307.0,-12904.0,-8.76,FY2021/22
Central Queensland,2021,Q1,Cafeteria & Food Services,79993.0,75632.0,4361.0,5.77,FY2021/22
Central Queensland,2021,Q1,Private Patient Fees,264639.0,273510.0,-8871.0,-3.24,FY2021/22
Central Queensland,2021,Q1,Pharmacy Retail,101091.0,103993.0,-2902.0,-2.79,FY2021/22
Central Queensland,2021,Q1,Medical Imaging (Private),66573.0,71813.0,-5240.0,-7.3,FY2021/22
Central Queensland,2021,Q1,Accommodation Fees,31962.0,30769.0,1193.0,3.88,FY2021/22
Central Queensland,2021,Q1,Equipment Hire,24403.0,23867.0,537.0,2.25,FY2021/22
Central Queensland,2021,Q1,Research Grants,62474.0,67838.0,-5364.0,-7.91,FY2021/22
Central Queensland,2021,Q1,Other Commercial,15643.0,16781.0,-1139.0,-6.78,FY2021/22
Central Queensland,2021,Q2,Car Parking,157739.0,171330.0,-13591.0,-7.93,FY2021/22
Central Queensland,2021,Q2,Cafeteria & Food Services,77077.0,78264.0,-1186.0,-1.52,FY2021/22
Central Queensland,2021,Q2,Private Patient Fees,271757.0,289372.0,-17615.0,-6.09,FY2021/22
Central Queensland,2021,Q2,Pharmacy Retail,86809.0,87934.0,-1125.0,-1.28,FY2021/22
Central Queensland,2021,Q2,Medical Imaging (Private),71027.0,68508.0,2519.0,3.68,FY2021/22
Central Queensland,2021,Q2,Accommodation Fees,33976.0,36365.0,-2388.0,-6.57,FY2021/22
Central Queensland,2021,Q2,Equipment Hire,25271.0,27056.0,-1785.0,-6.6,FY2021/22
Central Queensland,2021,Q2,Research Grants,54214.0,54426.0,-211.0,-0.39,FY2021/22
Central Queensland,2021,Q2,Other Commercial,16222.0,14638.0,1584.0,10.82,FY2021/22
Central Queensland,2021,Q3,Car Parking,149770.0,154608.0,-4838.0,-3.13,FY2021/22
Central Queensland,2021,Q3,Cafeteria & Food Services,83897.0,87862.0,-3965.0,-4.51,FY2021/22
Central Queensland,2021,Q3,Private Patient Fees,292221.0,266900.0,25321.0,9.49,FY2021/22
Central Queensland,2021,Q3,Pharmacy Retail,89436.0,91162.0,-1726.0,-1.89,FY2021/22
Central Queensland,2021,Q3,Medical Imaging (Private),69888.0,64012.0,5876.0,9.18,FY2021/22
Central Queensland,2021,Q3,Accommodation Fees,32280.0,32631.0,-351.0,-1.07,FY2021/22
Central Queensland,2021,Q3,Equipment Hire,23614.0,24655.0,-1041.0,-4.22,FY2021/22
Central Queensland,2021,Q3,Research Grants,59443.0,57456.0,1988.0,3.46,FY2021/22
Central Queensland,2021,Q3,Other Commercial,17422.0,17940.0,-518.0,-2.89,FY2021/22
Central Queensland,2021,Q4,Car Parking,152630.0,154260.0,-1631.0,-1.06,FY2021/22
Central Queensland,2021,Q4,Cafeteria & Food Services,72460.0,75308.0,-2848.0,-3.78,FY2021/22
Central Queensland,2021,Q4,Private Patient Fees,278755.0,303431.0,-24676.0,-8.13,FY2021/22
Central Queensland,2021,Q4,Pharmacy Retail,106021.0,107881.0,-1859.0,-1.72,FY2021/22
Central Queensland,2021,Q4,Medical Imaging (Private),69484.0,65366.0,4117.0,6.3,FY2021/22
Central Queensland,2021,Q4,Accommodation Fees,31577.0,31429.0,148.0,0.47,FY2021/22
Central Queensland,2021,Q4,Equipment Hire,23421.0,23491.0,-70.0,-0.3,FY2021/22
Central Queensland,2021,Q4,Research Grants,52846.0,57895.0,-5049.0,-8.72,FY2021/22
Central Queensland,2021,Q4,Other Commercial,14872.0,16157.0,-1285.0,-7.95,FY2021/22
Central Queensland,2022,Q1,Car Parking,189794.0,190756.0,-963.0,-0.5,FY2022/23
Central Queensland,2022,Q1,Cafeteria & Food Services,101098.0,99805.0,1293.0,1.3,FY2022/23
Central Queensland,2022,Q1,Private Patient Fees,346197.0,335159.0,11038.0,3.29,FY2022/23
Central Queensland,2022,Q1,Pharmacy Retail,109611.0,111326.0,-1715.0,-1.54,FY2022/23
Central Queensland,2022,Q1,Medical Imaging (Private),86289.0,87662.0,-1373.0,-1.57,FY2022/23
Central Queensland,2022,Q1,Accommodation Fees,36404.0,35435.0,969.0,2.73,FY2022/23
Central Queensland,2022,Q1,Equipment Hire,25902.0,23583.0,2319.0,9.84,FY2022/23
Central Queensland,2022,Q1,Research Grants,63171.0,57792.0,5379.0,9.31,FY2022/23
Central Queensland,2022,Q1,Other Commercial,17360.0,18446.0,-1086.0,-5.89,FY2022/23
Central Queensland,2022,Q2,Car Parking,153548.0,158429.0,-4881.0,-3.08,FY2022/23
Central Queensland,2022,Q2,Cafeteria & Food Services,90684.0,97423.0,-6739.0,-6.92,FY2022/23
Central Queensland,2022,Q2,Private Patient Fees,334511.0,321503.0,13007.0,4.05,FY2022/23
Central Queensland,2022,Q2,Pharmacy Retail,115591.0,112862.0,2729.0,2.42,FY2022/23
Central Queensland,2022,Q2,Medical Imaging (Private),87660.0,80902.0,6758.0,8.35,FY2022/23
Central Queensland,2022,Q2,Accommodation Fees,42944.0,42305.0,639.0,1.51,FY2022/23
Central Queensland,2022,Q2,Equipment Hire,27728.0,28894.0,-1166.0,-4.03,FY2022/23
Central Queensland,2022,Q2,Research Grants,64951.0,69280.0,-4329.0,-6.25,FY2022/23
Central Queensland,2022,Q2,Other Commercial,18973.0,19807.0,-833.0,-4.21,FY2022/23
Central Queensland,2022,Q3,Car Parking,156390.0,167216.0,-10826.0,-6.47,FY2022/23
Central Queensland,2022,Q3,Cafeteria & Food Services,101346.0,95503.0,5843.0,6.12,FY2022/23
Central Queensland,2022,Q3,Private Patient Fees,307140.0,295855.0,11285.0,3.81,FY2022/23
Central Queensland,2022,Q3,Pharmacy Retail,128255.0,122018.0,6238.0,5.11,FY2022/23
Central Queensland,2022,Q3,Medical Imaging (Private),85419.0,77390.0,8029.0,10.37,FY2022/23
Central Queensland,2022,Q3,Accommodation Fees,37422.0,37955.0,-534.0,-1.41,FY2022/23
Central Queensland,2022,Q3,Equipment Hire,31905.0,32012.0,-107.0,-0.33,FY2022/23
Central Queensland,2022,Q3,Research Grants,72286.0,72968.0,-681.0,-0.93,FY2022/23
Central Queensland,2022,Q3,Other Commercial,17070.0,16438.0,632.0,3.84,FY2022/23
Central Queensland,2022,Q4,Car Parking,175787.0,191628.0,-15842.0,-8.27,FY2022/23
Central Queensland,2022,Q4,Cafeteria & Food Services,104187.0,98527.0,5660.0,5.75,FY2022/23
Central Queensland,2022,Q4,Private Patient Fees,313168.0,294452.0,18717.0,6.36,FY2022/23
Central Queensland,2022,Q4,Pharmacy Retail,126776.0,135717.0,-8942.0,-6.59,FY2022/23
Central Queensland,2022,Q4,Medical Imaging (Private),92023.0,90049.0,1974.0,2.19,FY2022/23
Central Queensland,2022,Q4,Accommodation Fees,38408.0,38134.0,274.0,0.72,FY2022/23
Central Queensland,2022,Q4,Equipment Hire,27073.0,27100.0,-27.0,-0.1,FY2022/23
Central Queensland,2022,Q4,Research Grants,59578.0,55191.0,4387.0,7.95,FY2022/23
Central Queensland,2022,Q4,Other Commercial,20964.0,22019.0,-1055.0,-4.79,FY2022/23
Central Queensland,2023,Q1,Car Parking,174124.0,174721.0,-597.0,-0.34,FY2023/24
Central Queensland,2023,Q1,Cafeteria & Food Services,95485.0,100083.0,-4598.0,-4.59,FY2023/24
Central Queensland,2023,Q1,Private Patient Fees,368488.0,387891.0,-19403.0,-5.0,FY2023/24
Central Queensland,2023,Q1,Pharmacy Retail,124591.0,117228.0,7363.0,6.28,FY2023/24
Central Queensland,2023,Q1,Medical Imaging (Private),85255.0,84740.0,514.0,0.61,FY2023/24
Central Queensland,2023,Q1,Accommodation Fees,37823.0,39752.0,-1929.0,-4.85,FY2023/24
Central Queensland,2023,Q1,Equipment Hire,28357.0,26305.0,2052.0,7.8,FY2023/24
Central Queensland,2023,Q1,Research Grants,67320.0,73782.0,-6462.0,-8.76,FY2023/24
Central Queensland,2023,Q1,Other Commercial,18415.0,18828.0,-413.0,-2.19,FY2023/24
Central Queensland,2023,Q2,Car Parking,174554.0,159578.0,14976.0,9.38,FY2023/24
Central Queensland,2023,Q2,Cafeteria & Food Services,98273.0,102247.0,-3973.0,-3.89,FY2023/24
Central Queensland,2023,Q2,Private Patient Fees,346054.0,371808.0,-25754.0,-6.93,FY2023/24
Central Queensland,2023,Q2,Pharmacy Retail,112281.0,102990.0,9291.0,9.02,FY2023/24
Central Queensland,2023,Q2,Medical Imaging (Private),97998.0,95611.0,2387.0,2.5,FY2023/24
Central Queensland,2023,Q2,Accommodation Fees,40147.0,42492.0,-2345.0,-5.52,FY2023/24
Central Queensland,2023,Q2,Equipment Hire,28321.0,29546.0,-1224.0,-4.14,FY2023/24
Central Queensland,2023,Q2,Research Grants,62955.0,60327.0,2628.0,4.36,FY2023/24
Central Queensland,2023,Q2,Other Commercial,18031.0,19154.0,-1122.0,-5.86,FY2023/24
Central Queensland,2023,Q3,Car Parking,165599.0,172799.0,-7200.0,-4.17,FY2023/24
Central Queensland,2023,Q3,Cafeteria & Food Services,109046.0,109652.0,-606.0,-0.55,FY2023/24
Central Queensland,2023,Q3,Private Patient Fees,348274.0,345560.0,2714.0,0.79,FY2023/24
Central Queensland,2023,Q3,Pharmacy Retail,113330.0,112778.0,552.0,0.49,FY2023/24
Central Queensland,2023,Q3,Medical Imaging (Private),90893.0,99727.0,-8835.0,-8.86,FY2023/24
Central Queensland,2023,Q3,Accommodation Fees,43566.0,46722.0,-3156.0,-6.75,FY2023/24
Central Queensland,2023,Q3,Equipment Hire,32329.0,32122.0,208.0,0.65,FY2023/24
Central Queensland,2023,Q3,Research Grants,71599.0,77256.0,-5657.0,-7.32,FY2023/24
Central Queensland,2023,Q3,Other Commercial,19206.0,20979.0,-1774.0,-8.45,FY2023/24
Central Queensland,2023,Q4,Car Parking,173822.0,177336.0,-3514.0,-1.98,FY2023/24
Central Queensland,2023,Q4,Cafeteria & Food Services,103523.0,112852.0,-9329.0,-8.27,FY2023/24
Central Queensland,2023,Q4,Private Patient Fees,323817.0,339757.0,-15940.0,-4.69,FY2023/24
Central Queensland,2023,Q4,Pharmacy Retail,118863.0,113361.0,5502.0,4.85,FY2023/24
Central Queensland,2023,Q4,Medical Imaging (Private),94593.0,95581.0,-988.0,-1.03,FY2023/24
Central Queensland,2023,Q4,Accommodation Fees,40947.0,39497.0,1450.0,3.67,FY2023/24
Central Queensland,2023,Q4,Equipment Hire,29435.0,30126.0,-691.0,-2.29,FY2023/24
Central Queensland,2023,Q4,Research Grants,67418.0,63351.0,4067.0,6.42,FY2023/24
Central Queensland,2023,Q4,Other Commercial,21896.0,21946.0,-50.0,-0.23,FY2023/24
Central Queensland,2024,Q1,Car Parking,192387.0,188964.0,3423.0,1.81,FY2024/25
Central Queensland,2024,Q1,Cafeteria & Food Services,97681.0,95868.0,1814.0,1.89,FY2024/25
Central Queensland,2024,Q1,Private Patient Fees,346481.0,349543.0,-3062.0,-0.88,FY2024/25
Central Queensland,2024,Q1,Pharmacy Retail,122707.0,122637.0,70.0,0.06,FY2024/25
Central Queensland,2024,Q1,Medical Imaging (Private),83097.0,83031.0,65.0,0.08,FY2024/25
Central Queensland,2024,Q1,Accommodation Fees,37265.0,34479.0,2786.0,8.08,FY2024/25
Central Queensland,2024,Q1,Equipment Hire,33512.0,34216.0,-703.0,-2.06,FY2024/25
Central Queensland,2024,Q1,Research Grants,73552.0,72107.0,1445.0,2.0,FY2024/25
Central Queensland,2024,Q1,Other Commercial,22227.0,22840.0,-613.0,-2.68,FY2024/25
Central Queensland,2024,Q2,Car Parking,193928.0,188830.0,5098.0,2.7,FY2024/25
Central Queensland,2024,Q2,Cafeteria & Food Services,112373.0,119575.0,-7202.0,-6.02,FY2024/25
Central Queensland,2024,Q2,Private Patient Fees,384288.0,359094.0,25194.0,7.02,FY2024/25
Central Queensland,2024,Q2,Pharmacy Retail,114765.0,109844.0,4920.0,4.48,FY2024/25
Central Queensland,2024,Q2,Medical Imaging (Private),86072.0,92190.0,-6118.0,-6.64,FY2024/25
Central Queensland,2024,Q2,Accommodation Fees,35932.0,32886.0,3046.0,9.26,FY2024/25
Central Queensland,2024,Q2,Equipment Hire,28713.0,26989.0,1723.0,6.39,FY2024/25
Central Queensland,2024,Q2,Research Grants,66281.0,70231.0,-3950.0,-5.62,FY2024/25
Central Queensland,2024,Q2,Other Commercial,20547.0,18516.0,2031.0,10.97,FY2024/25
Central Queensland,2024,Q3,Car Parking,179070.0,175771.0,3299.0,1.88,FY2024/25
Central Queensland,2024,Q3,Cafeteria & Food Services,91824.0,95058.0,-3235.0,-3.4,FY2024/25
Central Queensland,2024,Q3,Private Patient Fees,371380.0,387787.0,-16407.0,-4.23,FY2024/25
Central Queensland,2024,Q3,Pharmacy Retail,128099.0,115290.0,12809.0,11.11,FY2024/25
Central Queensland,2024,Q3,Medical Imaging (Private),101002.0,107350.0,-6347.0,-5.91,FY2024/25
Central Queensland,2024,Q3,Accommodation Fees,44405.0,40103.0,4302.0,10.73,FY2024/25
Central Queensland,2024,Q3,Equipment Hire,33521.0,35598.0,-2077.0,-5.83,FY2024/25
Central Queensland,2024,Q3,Research Grants,76573.0,70345.0,6229.0,8.85,FY2024/25
Central Queensland,2024,Q3,Other Commercial,21400.0,23368.0,-1968.0,-8.42,FY2024/25
Central Queensland,2024,Q4,Car Parking,189966.0,192647.0,-2681.0,-1.39,FY2024/25
Central Queensland,2024,Q4,Cafeteria & Food Services,112023.0,110745.0,1278.0,1.15,FY2024/25
Central Queensland,2024,Q4,Private Patient Fees,362641.0,360925.0,1716.0,0.48,FY2024/25
Central Queensland,2024,Q4,Pharmacy Retail,134056.0,122690.0,11366.0,9.26,FY2024/25
Central Queensland,2024,Q4,Medical Imaging (Private),91104.0,94511.0,-3406.0,-3.6,FY2024/25
Central Queensland,2024,Q4,Accommodation Fees,43316.0,44035.0,-719.0,-1.63,FY2024/25
Central Queensland,2024,Q4,Equipment Hire,33340.0,36287.0,-2947.0,-8.12,FY2024/25
Central Queensland,2024,Q4,Research Grants,63433.0,62194.0,1239.0,1.99,FY2024/25
Central Queensland,2024,Q4,Other Commercial,17925.0,17314.0,612.0,3.53,FY2024/25
Wide Bay,2019,Q1,Car Parking,138010.0,149349.0,-11339.0,-7.59,FY2019/20
Wide Bay,2019,Q1,Cafeteria & Food Services,82321.0,76188.0,6133.0,8.05,FY2019/20
Wide Bay,2019,Q1,Private Patient Fees,240019.0,244304.0,-4285.0,-1.75,FY2019/20
Wide Bay,2019,Q1,Pharmacy Retail,91903.0,87609.0,4294.0,4.9,FY2019/20
Wide Bay,2019,Q1,Medical Imaging (Private),74957.0,81364.0,-6407.0,-7.87,FY2019/20
Wide Bay,2019,Q1,Accommodation Fees,29689.0,32007.0,-2318.0,-7.24,FY2019/20
Wide Bay,2019,Q1,Equipment Hire,22165.0,23215.0,-1050.0,-4.52,FY2019/20
Wide Bay,2019,Q1,Research Grants,52893.0,48900.0,3993.0,8.16,FY2019/20
Wide Bay,2019,Q1,Other Commercial,16761.0,16607.0,154.0,0.93,FY2019/20
Wide Bay,2019,Q2,Car Parking,144499.0,140660.0,3839.0,2.73,FY2019/20
Wide Bay,2019,Q2,Cafeteria & Food Services,67224.0,61854.0,5371.0,8.68,FY2019/20
Wide Bay,2019,Q2,Private Patient Fees,265759.0,275856.0,-10097.0,-3.66,FY2019/20
Wide Bay,2019,Q2,Pharmacy Retail,87583.0,91007.0,-3424.0,-3.76,FY2019/20
Wide Bay,2019,Q2,Medical Imaging (Private),71661.0,74584.0,-2923.0,-3.92,FY2019/20
Wide Bay,2019,Q2,Accommodation Fees,30345.0,32863.0,-2518.0,-7.66,FY2019/20
Wide Bay,2019,Q2,Equipment Hire,22741.0,22515.0,226.0,1.0,FY2019/20
Wide Bay,2019,Q2,Research Grants,49362.0,47463.0,1899.0,4.0,FY2019/20
Wide Bay,2019,Q2,Other Commercial,13530.0,13892.0,-361.0,-2.6,FY2019/20
Wide Bay,2019,Q3,Car Parking,128544.0,123509.0,5035.0,4.08,FY2019/20
Wide Bay,2019,Q3,Cafeteria & Food Services,80940.0,78143.0,2797.0,3.58,FY2019/20
Wide Bay,2019,Q3,Private Patient Fees,249542.0,233025.0,16517.0,7.09,FY2019/20
Wide Bay,2019,Q3,Pharmacy Retail,97216.0,90016.0,7200.0,8.0,FY2019/20
Wide Bay,2019,Q3,Medical Imaging (Private),67641.0,67735.0,-94.0,-0.14,FY2019/20
Wide Bay,2019,Q3,Accommodation Fees,31767.0,32614.0,-847.0,-2.6,FY2019/20
Wide Bay,2019,Q3,Equipment Hire,24500.0,22270.0,2231.0,10.02,FY2019/20
Wide Bay,2019,Q3,Research Grants,50601.0,48376.0,2225.0,4.6,FY2019/20
Wide Bay,2019,Q3,Other Commercial,13909.0,13322.0,586.0,4.4,FY2019/20
Wide Bay,2019,Q4,Car Parking,130554.0,131126.0,-571.0,-0.44,FY2019/20
Wide Bay,2019,Q4,Cafeteria & Food Services,78986.0,77108.0,1878.0,2.44,FY2019/20
Wide Bay,2019,Q4,Private Patient Fees,280011.0,270836.0,9175.0,3.39,FY2019/20
Wide Bay,2019,Q4,Pharmacy Retail,86610.0,87323.0,-713.0,-0.82,FY2019/20
Wide Bay,2019,Q4,Medical Imaging (Private),60581.0,55490.0,5091.0,9.18,FY2019/20
Wide Bay,2019,Q4,Accommodation Fees,29802.0,32441.0,-2640.0,-8.14,FY2019/20
Wide Bay,2019,Q4,Equipment Hire,24012.0,22034.0,1978.0,8.98,FY2019/20
Wide Bay,2019,Q4,Research Grants,57622.0,60299.0,-2677.0,-4.44,FY2019/20
Wide Bay,2019,Q4,Other Commercial,15605.0,16604.0,-1000.0,-6.02,FY2019/20
Wide Bay,2020,Q1,Car Parking,103246.0,97495.0,5751.0,5.9,FY2020/21
Wide Bay,2020,Q1,Cafeteria & Food Services,58879.0,59455.0,-575.0,-0.97,FY2020/21
Wide Bay,2020,Q1,Private Patient Fees,207375.0,210074.0,-2699.0,-1.28,FY2020/21
Wide Bay,2020,Q1,Pharmacy Retail,78039.0,84317.0,-6278.0,-7.45,FY2020/21
Wide Bay,2020,Q1,Medical Imaging (Private),57604.0,61076.0,-3473.0,-5.69,FY2020/21
Wide Bay,2020,Q1,Accommodation Fees,25983.0,23897.0,2086.0,8.73,FY2020/21
Wide Bay,2020,Q1,Equipment Hire,16620.0,16604.0,16.0,0.1,FY2020/21
Wide Bay,2020,Q1,Research Grants,44515.0,44561.0,-46.0,-0.1,FY2020/21
Wide Bay,2020,Q1,Other Commercial,12441.0,11543.0,898.0,7.78,FY2020/21
Wide Bay,2020,Q2,Car Parking,99399.0,104006.0,-4608.0,-4.43,FY2020/21
Wide Bay,2020,Q2,Cafeteria & Food Services,53986.0,52381.0,1605.0,3.06,FY2020/21
Wide Bay,2020,Q2,Private Patient Fees,193889.0,188067.0,5822.0,3.1,FY2020/21
Wide Bay,2020,Q2,Pharmacy Retail,73974.0,72019.0,1955.0,2.71,FY2020/21
Wide Bay,2020,Q2,Medical Imaging (Private),53540.0,49256.0,4284.0,8.7,FY2020/21
Wide Bay,2020,Q2,Accommodation Fees,25203.0,24547.0,656.0,2.67,FY2020/21
Wide Bay,2020,Q2,Equipment Hire,18241.0,19063.0,-822.0,-4.31,FY2020/21
Wide Bay,2020,Q2,Research Grants,38233.0,41175.0,-2941.0,-7.14,FY2020/21
Wide Bay,2020,Q2,Other Commercial,12070.0,11897.0,172.0,1.45,FY2020/21
Wide Bay,2020,Q3,Car Parking,97621.0,106257.0,-8636.0,-8.13,FY2020/21
Wide Bay,2020,Q3,Cafeteria & Food Services,62304.0,58666.0,3638.0,6.2,FY2020/21
Wide Bay,2020,Q3,Private Patient Fees,197481.0,209712.0,-12231.0,-5.83,FY2020/21
Wide Bay,2020,Q3,Pharmacy Retail,73761.0,77681.0,-3921.0,-5.05,FY2020/21
Wide Bay,2020,Q3,Medical Imaging (Private),52093.0,54349.0,-2255.0,-4.15,FY2020/21
Wide Bay,2020,Q3,Accommodation Fees,22844.0,21525.0,1319.0,6.13,FY2020/21
Wide Bay,2020,Q3,Equipment Hire,18174.0,19904.0,-1730.0,-8.69,FY2020/21
Wide Bay,2020,Q3,Research Grants,39229.0,38923.0,306.0,0.79,FY2020/21
Wide Bay,2020,Q3,Other Commercial,12232.0,12334.0,-102.0,-0.82,FY2020/21
Wide Bay,2020,Q4,Car Parking,114388.0,120376.0,-5988.0,-4.97,FY2020/21
Wide Bay,2020,Q4,Cafeteria & Food Services,52486.0,57718.0,-5232.0,-9.06,FY2020/21
Wide Bay,2020,Q4,Private Patient Fees,217933.0,233794.0,-15861.0,-6.78,FY2020/21
Wide Bay,2020,Q4,Pharmacy Retail,73009.0,78211.0,-5202.0,-6.65,FY2020/21
Wide Bay,2020,Q4,Medical Imaging (Private),47923.0,46464.0,1459.0,3.14,FY2020/21
Wide Bay,2020,Q4,Accommodation Fees,25606.0,24078.0,1528.0,6.35,FY2020/21
Wide Bay,2020,Q4,Equipment Hire,15830.0,16742.0,-912.0,-5.45,FY2020/21
Wide Bay,2020,Q4,Research Grants,44406.0,41410.0,2996.0,7.24,FY2020/21
Wide Bay,2020,Q4,Other Commercial,12741.0,13216.0,-476.0,-3.6,FY2020/21
Wide Bay,2021,Q1,Car Parking,128222.0,136691.0,-8469.0,-6.2,FY2021/22
Wide Bay,2021,Q1,Cafeteria & Food Services,69519.0,65264.0,4255.0,6.52,FY2021/22
Wide Bay,2021,Q1,Private Patient Fees,235313.0,235556.0,-243.0,-0.1,FY2021/22
Wide Bay,2021,Q1,Pharmacy Retail,85711.0,90949.0,-5238.0,-5.76,FY2021/22
Wide Bay,2021,Q1,Medical Imaging (Private),68265.0,69376.0,-1111.0,-1.6,FY2021/22
Wide Bay,2021,Q1,Accommodation Fees,30268.0,28402.0,1866.0,6.57,FY2021/22
Wide Bay,2021,Q1,Equipment Hire,18971.0,20389.0,-1418.0,-6.95,FY2021/22
Wide Bay,2021,Q1,Research Grants,44570.0,42312.0,2258.0,5.34,FY2021/22
Wide Bay,2021,Q1,Other Commercial,14843.0,14574.0,269.0,1.84,FY2021/22
Wide Bay,2021,Q2,Car Parking,139132.0,133510.0,5621.0,4.21,FY2021/22
Wide Bay,2021,Q2,Cafeteria & Food Services,62588.0,60092.0,2495.0,4.15,FY2021/22
Wide Bay,2021,Q2,Private Patient Fees,252774.0,246502.0,6272.0,2.54,FY2021/22
Wide Bay,2021,Q2,Pharmacy Retail,85783.0,92245.0,-6461.0,-7.0,FY2021/22
Wide Bay,2021,Q2,Medical Imaging (Private),70120.0,66838.0,3282.0,4.91,FY2021/22
Wide Bay,2021,Q2,Accommodation Fees,28099.0,28376.0,-276.0,-0.97,FY2021/22
Wide Bay,2021,Q2,Equipment Hire,23560.0,25910.0,-2350.0,-9.07,FY2021/22
Wide Bay,2021,Q2,Research Grants,46474.0,48583.0,-2110.0,-4.34,FY2021/22
Wide Bay,2021,Q2,Other Commercial,13764.0,12409.0,1354.0,10.91,FY2021/22
Wide Bay,2021,Q3,Car Parking,112578.0,111690.0,888.0,0.79,FY2021/22
Wide Bay,2021,Q3,Cafeteria & Food Services,70694.0,63944.0,6750.0,10.56,FY2021/22
Wide Bay,2021,Q3,Private Patient Fees,259256.0,248575.0,10681.0,4.3,FY2021/22
Wide Bay,2021,Q3,Pharmacy Retail,86294.0,82858.0,3436.0,4.15,FY2021/22
Wide Bay,2021,Q3,Medical Imaging (Private),58706.0,57617.0,1090.0,1.89,FY2021/22
Wide Bay,2021,Q3,Accommodation Fees,26535.0,26720.0,-185.0,-0.69,FY2021/22
Wide Bay,2021,Q3,Equipment Hire,19731.0,19764.0,-33.0,-0.17,FY2021/22
Wide Bay,2021,Q3,Research Grants,45544.0,47102.0,-1557.0,-3.31,FY2021/22
Wide Bay,2021,Q3,Other Commercial,15043.0,13871.0,1172.0,8.45,FY2021/22
Wide Bay,2021,Q4,Car Parking,126621.0,115754.0,10867.0,9.39,FY2021/22
Wide Bay,2021,Q4,Cafeteria & Food Services,72563.0,69144.0,3419.0,4.94,FY2021/22
Wide Bay,2021,Q4,Private Patient Fees,249770.0,250642.0,-872.0,-0.35,FY2021/22
Wide Bay,2021,Q4,Pharmacy Retail,93735.0,94656.0,-920.0,-0.97,FY2021/22
Wide Bay,2021,Q4,Medical Imaging (Private),65074.0,63794.0,1280.0,2.01,FY2021/22
Wide Bay,2021,Q4,Accommodation Fees,31413.0,33155.0,-1741.0,-5.25,FY2021/22
Wide Bay,2021,Q4,Equipment Hire,20172.0,21561.0,-1389.0,-6.44,FY2021/22
Wide Bay,2021,Q4,Research Grants,48820.0,52029.0,-3209.0,-6.17,FY2021/22
Wide Bay,2021,Q4,Other Commercial,15277.0,14327.0,951.0,6.64,FY2021/22
Wide Bay,2022,Q1,Car Parking,156310.0,149765.0,6545.0,4.37,FY2022/23
Wide Bay,2022,Q1,Cafeteria & Food Services,78814.0,75604.0,3210.0,4.25,FY2022/23
Wide Bay,2022,Q1,Private Patient Fees,305636.0,289121.0,16515.0,5.71,FY2022/23
Wide Bay,2022,Q1,Pharmacy Retail,87501.0,91267.0,-3767.0,-4.13,FY2022/23
Wide Bay,2022,Q1,Medical Imaging (Private),68672.0,63240.0,5432.0,8.59,FY2022/23
Wide Bay,2022,Q1,Accommodation Fees,31049.0,30303.0,746.0,2.46,FY2022/23
Wide Bay,2022,Q1,Equipment Hire,24708.0,22458.0,2251.0,10.02,FY2022/23
Wide Bay,2022,Q1,Research Grants,64537.0,67326.0,-2789.0,-4.14,FY2022/23
Wide Bay,2022,Q1,Other Commercial,15865.0,15290.0,575.0,3.76,FY2022/23
Wide Bay,2022,Q2,Car Parking,147270.0,150989.0,-3718.0,-2.46,FY2022/23
Wide Bay,2022,Q2,Cafeteria & Food Services,75809.0,71093.0,4716.0,6.63,FY2022/23
Wide Bay,2022,Q2,Private Patient Fees,314951.0,299598.0,15354.0,5.12,FY2022/23
Wide Bay,2022,Q2,Pharmacy Retail,96550.0,103719.0,-7169.0,-6.91,FY2022/23
Wide Bay,2022,Q2,Medical Imaging (Private),77475.0,75023.0,2453.0,3.27,FY2022/23
Wide Bay,2022,Q2,Accommodation Fees,34597.0,31273.0,3323.0,10.63,FY2022/23
Wide Bay,2022,Q2,Equipment Hire,26257.0,26189.0,68.0,0.26,FY2022/23
Wide Bay,2022,Q2,Research Grants,62347.0,68016.0,-5669.0,-8.33,FY2022/23
Wide Bay,2022,Q2,Other Commercial,18261.0,19756.0,-1495.0,-7.57,FY2022/23
Wide Bay,2022,Q3,Car Parking,149548.0,145364.0,4183.0,2.88,FY2022/23
Wide Bay,2022,Q3,Cafeteria & Food Services,82145.0,85265.0,-3120.0,-3.66,FY2022/23
Wide Bay,2022,Q3,Private Patient Fees,316661.0,298104.0,18557.0,6.23,FY2022/23
Wide Bay,2022,Q3,Pharmacy Retail,109385.0,116280.0,-6895.0,-5.93,FY2022/23
Wide Bay,2022,Q3,Medical Imaging (Private),83124.0,89446.0,-6322.0,-7.07,FY2022/23
Wide Bay,2022,Q3,Accommodation Fees,31386.0,28912.0,2473.0,8.56,FY2022/23
Wide Bay,2022,Q3,Equipment Hire,22539.0,21598.0,941.0,4.36,FY2022/23
Wide Bay,2022,Q3,Research Grants,59577.0,63203.0,-3626.0,-5.74,FY2022/23
Wide Bay,2022,Q3,Other Commercial,18156.0,18605.0,-449.0,-2.42,FY2022/23
Wide Bay,2022,Q4,Car Parking,131420.0,123175.0,8245.0,6.69,FY2022/23
Wide Bay,2022,Q4,Cafeteria & Food Services,74882.0,72835.0,2047.0,2.81,FY2022/23
Wide Bay,2022,Q4,Private Patient Fees,290034.0,263548.0,26486.0,10.05,FY2022/23
Wide Bay,2022,Q4,Pharmacy Retail,95793.0,89647.0,6146.0,6.86,FY2022/23
Wide Bay,2022,Q4,Medical Imaging (Private),77188.0,76636.0,552.0,0.72,FY2022/23
Wide Bay,2022,Q4,Accommodation Fees,33099.0,32620.0,479.0,1.47,FY2022/23
Wide Bay,2022,Q4,Equipment Hire,27572.0,25999.0,1573.0,6.05,FY2022/23
Wide Bay,2022,Q4,Research Grants,58220.0,60968.0,-2748.0,-4.51,FY2022/23
Wide Bay,2022,Q4,Other Commercial,16794.0,18235.0,-1441.0,-7.9,FY2022/23
Wide Bay,2023,Q1,Car Parking,148729.0,147648.0,1080.0,0.73,FY2023/24
Wide Bay,2023,Q1,Cafeteria & Food Services,76714.0,78386.0,-1672.0,-2.13,FY2023/24
Wide Bay,2023,Q1,Private Patient Fees,282777.0,263566.0,19211.0,7.29,FY2023/24
Wide Bay,2023,Q1,Pharmacy Retail,103236.0,103903.0,-667.0,-0.64,FY2023/24
Wide Bay,2023,Q1,Medical Imaging (Private),68810.0,71538.0,-2728.0,-3.81,FY2023/24
Wide Bay,2023,Q1,Accommodation Fees,35059.0,32879.0,2181.0,6.63,FY2023/24
Wide Bay,2023,Q1,Equipment Hire,25349.0,26466.0,-1117.0,-4.22,FY2023/24
Wide Bay,2023,Q1,Research Grants,60005.0,58751.0,1254.0,2.13,FY2023/24
Wide Bay,2023,Q1,Other Commercial,16298.0,16658.0,-360.0,-2.16,FY2023/24
Wide Bay,2023,Q2,Car Parking,169363.0,175180.0,-5817.0,-3.32,FY2023/24
Wide Bay,2023,Q2,Cafeteria & Food Services,76433.0,75832.0,601.0,0.79,FY2023/24
Wide Bay,2023,Q2,Private Patient Fees,325864.0,299434.0,26430.0,8.83,FY2023/24
Wide Bay,2023,Q2,Pharmacy Retail,114129.0,124379.0,-10250.0,-8.24,FY2023/24
Wide Bay,2023,Q2,Medical Imaging (Private),68854.0,74823.0,-5968.0,-7.98,FY2023/24
Wide Bay,2023,Q2,Accommodation Fees,32930.0,35200.0,-2270.0,-6.45,FY2023/24
Wide Bay,2023,Q2,Equipment Hire,25036.0,24740.0,296.0,1.2,FY2023/24
Wide Bay,2023,Q2,Research Grants,61504.0,64880.0,-3376.0,-5.2,FY2023/24
Wide Bay,2023,Q2,Other Commercial,15119.0,15401.0,-282.0,-1.83,FY2023/24
Wide Bay,2023,Q3,Car Parking,141697.0,137331.0,4366.0,3.18,FY2023/24
Wide Bay,2023,Q3,Cafeteria & Food Services,82014.0,81507.0,507.0,0.62,FY2023/24
Wide Bay,2023,Q3,Private Patient Fees,286061.0,263597.0,22464.0,8.52,FY2023/24
Wide Bay,2023,Q3,Pharmacy Retail,93457.0,84736.0,8721.0,10.29,FY2023/24
Wide Bay,2023,Q3,Medical Imaging (Private),76061.0,82974.0,-6913.0,-8.33,FY2023/24
Wide Bay,2023,Q3,Accommodation Fees,30907.0,33666.0,-2759.0,-8.19,FY2023/24
Wide Bay,2023,Q3,Equipment Hire,26966.0,27708.0,-742.0,-2.68,FY2023/24
Wide Bay,2023,Q3,Research Grants,61661.0,65691.0,-4029.0,-6.13,FY2023/24
Wide Bay,2023,Q3,Other Commercial,15418.0,15433.0,-15.0,-0.09,FY2023/24
Wide Bay,2023,Q4,Car Parking,160463.0,163250.0,-2786.0,-1.71,FY2023/24
Wide Bay,2023,Q4,Cafeteria & Food Services,91918.0,84055.0,7863.0,9.35,FY2023/24
Wide Bay,2023,Q4,Private Patient Fees,311555.0,313676.0,-2120.0,-0.68,FY2023/24
Wide Bay,2023,Q4,Pharmacy Retail,99182.0,96013.0,3168.0,3.3,FY2023/24
Wide Bay,2023,Q4,Medical Imaging (Private),78830.0,84994.0,-6164.0,-7.25,FY2023/24
Wide Bay,2023,Q4,Accommodation Fees,34017.0,36226.0,-2209.0,-6.1,FY2023/24
Wide Bay,2023,Q4,Equipment Hire,24936.0,22953.0,1983.0,8.64,FY2023/24
Wide Bay,2023,Q4,Research Grants,53313.0,48529.0,4784.0,9.86,FY2023/24
Wide Bay,2023,Q4,Other Commercial,16534.0,15996.0,538.0,3.36,FY2023/24
Wide Bay,2024,Q1,Car Parking,165549.0,173588.0,-8040.0,-4.63,FY2024/25
Wide Bay,2024,Q1,Cafeteria & Food Services,77979.0,73629.0,4349.0,5.91,FY2024/25
Wide Bay,2024,Q1,Private Patient Fees,289327.0,292082.0,-2755.0,-0.94,FY2024/25
Wide Bay,2024,Q1,Pharmacy Retail,95932.0,88909.0,7023.0,7.9,FY2024/25
Wide Bay,2024,Q1,Medical Imaging (Private),87038.0,92333.0,-5295.0,-5.74,FY2024/25
Wide Bay,2024,Q1,Accommodation Fees,32281.0,31677.0,603.0,1.9,FY2024/25
Wide Bay,2024,Q1,Equipment Hire,25311.0,26785.0,-1473.0,-5.5,FY2024/25
Wide Bay,2024,Q1,Research Grants,61330.0,56765.0,4565.0,8.04,FY2024/25
Wide Bay,2024,Q1,Other Commercial,18483.0,18101.0,381.0,2.11,FY2024/25
Wide Bay,2024,Q2,Car Parking,148369.0,144674.0,3694.0,2.55,FY2024/25
Wide Bay,2024,Q2,Cafeteria & Food Services,87353.0,84612.0,2741.0,3.24,FY2024/25
Wide Bay,2024,Q2,Private Patient Fees,286952.0,281127.0,5825.0,2.07,FY2024/25
Wide Bay,2024,Q2,Pharmacy Retail,92777.0,97833.0,-5056.0,-5.17,FY2024/25
Wide Bay,2024,Q2,Medical Imaging (Private),72448.0,65839.0,6609.0,10.04,FY2024/25
Wide Bay,2024,Q2,Accommodation Fees,36250.0,38236.0,-1986.0,-5.19,FY2024/25
Wide Bay,2024,Q2,Equipment Hire,28195.0,28158.0,37.0,0.13,FY2024/25
Wide Bay,2024,Q2,Research Grants,56854.0,59551.0,-2697.0,-4.53,FY2024/25
Wide Bay,2024,Q2,Other Commercial,18318.0,17388.0,930.0,5.35,FY2024/25
Wide Bay,2024,Q3,Car Parking,172551.0,158898.0,13653.0,8.59,FY2024/25
Wide Bay,2024,Q3,Cafeteria & Food Services,97525.0,104551.0,-7027.0,-6.72,FY2024/25
Wide Bay,2024,Q3,Private Patient Fees,319695.0,347748.0,-28053.0,-8.07,FY2024/25
Wide Bay,2024,Q3,Pharmacy Retail,110476.0,103636.0,6839.0,6.6,FY2024/25
Wide Bay,2024,Q3,Medical Imaging (Private),77568.0,70920.0,6648.0,9.37,FY2024/25
Wide Bay,2024,Q3,Accommodation Fees,34034.0,35679.0,-1645.0,-4.61,FY2024/25
Wide Bay,2024,Q3,Equipment Hire,25505.0,24640.0,866.0,3.51,FY2024/25
Wide Bay,2024,Q3,Research Grants,62580.0,67239.0,-4659.0,-6.93,FY2024/25
Wide Bay,2024,Q3,Other Commercial,15582.0,15225.0,357.0,2.34,FY2024/25
Wide Bay,2024,Q4,Car Parking,144416.0,150059.0,-5642.0,-3.76,FY2024/25
Wide Bay,2024,Q4,Cafeteria & Food Services,79130.0,81738.0,-2608.0,-3.19,FY2024/25
Wide Bay,2024,Q4,Private Patient Fees,290202.0,272727.0,17475.0,6.41,FY2024/25
Wide Bay,2024,Q4,Pharmacy Retail,115864.0,104706.0,11157.0,10.66,FY2024/25
Wide Bay,2024,Q4,Medical Imaging (Private),77485.0,70072.0,7413.0,10.58,FY2024/25
Wide Bay,2024,Q4,Accommodation Fees,34822.0,34830.0,-7.0,-0.02,FY2024/25
Wide Bay,2024,Q4,Equipment Hire,25098.0,23251.0,1846.0,7.94,FY2024/25
Wide Bay,2024,Q4,Research Grants,59365.0,61410.0,-2045.0,-3.33,FY2024/25
Wide Bay,2024,Q4,Other Commercial,18665.0,18779.0,-115.0,-0.61,FY2024/25
South West,2019,Q1,Car Parking,22066.0,20744.0,1321.0,6.37,FY2019/20
South West,2019,Q1,Cafeteria & Food Services,11388.0,10617.0,770.0,7.25,FY2019/20
South West,2019,Q1,Private Patient Fees,39473.0,37301.0,2172.0,5.82,FY2019/20
South West,2019,Q1,Pharmacy Retail,14467.0,14649.0,-181.0,-1.24,FY2019/20
South West,2019,Q1,Medical Imaging (Private),11953.0,11226.0,728.0,6.48,FY2019/20
South West,2019,Q1,Accommodation Fees,4963.0,5278.0,-315.0,-5.97,FY2019/20
South West,2019,Q1,Equipment Hire,3652.0,3473.0,179.0,5.15,FY2019/20
South West,2019,Q1,Research Grants,7921.0,7191.0,730.0,10.15,FY2019/20
South West,2019,Q1,Other Commercial,2288.0,2400.0,-112.0,-4.66,FY2019/20
South West,2019,Q2,Car Parking,19254.0,18173.0,1081.0,5.95,FY2019/20
South West,2019,Q2,Cafeteria & Food Services,12594.0,13306.0,-712.0,-5.35,FY2019/20
South West,2019,Q2,Private Patient Fees,41550.0,43196.0,-1646.0,-3.81,FY2019/20
South West,2019,Q2,Pharmacy Retail,14013.0,13060.0,953.0,7.3,FY2019/20
South West,2019,Q2,Medical Imaging (Private),10536.0,10705.0,-169.0,-1.57,FY2019/20
South West,2019,Q2,Accommodation Fees,5316.0,4858.0,459.0,9.44,FY2019/20
South West,2019,Q2,Equipment Hire,3606.0,3483.0,123.0,3.54,FY2019/20
South West,2019,Q2,Research Grants,8417.0,7615.0,801.0,10.52,FY2019/20
South West,2019,Q2,Other Commercial,2292.0,2439.0,-147.0,-6.01,FY2019/20
South West,2019,Q3,Car Parking,21880.0,21663.0,216.0,1.0,FY2019/20
South West,2019,Q3,Cafeteria & Food Services,11382.0,10923.0,460.0,4.21,FY2019/20
South West,2019,Q3,Private Patient Fees,40822.0,43561.0,-2740.0,-6.29,FY2019/20
South West,2019,Q3,Pharmacy Retail,16015.0,15818.0,196.0,1.24,FY2019/20
South West,2019,Q3,Medical Imaging (Private),10524.0,11253.0,-729.0,-6.48,FY2019/20
South West,2019,Q3,Accommodation Fees,4716.0,4765.0,-49.0,-1.03,FY2019/20
South West,2019,Q3,Equipment Hire,3368.0,3532.0,-164.0,-4.64,FY2019/20
South West,2019,Q3,Research Grants,8464.0,8988.0,-523.0,-5.82,FY2019/20
South West,2019,Q3,Other Commercial,2562.0,2416.0,146.0,6.04,FY2019/20
South West,2019,Q4,Car Parking,22718.0,24081.0,-1363.0,-5.66,FY2019/20
South West,2019,Q4,Cafeteria & Food Services,11557.0,10800.0,757.0,7.01,FY2019/20
South West,2019,Q4,Private Patient Fees,36987.0,36623.0,363.0,0.99,FY2019/20
South West,2019,Q4,Pharmacy Retail,13890.0,14043.0,-153.0,-1.09,FY2019/20
South West,2019,Q4,Medical Imaging (Private),9991.0,10710.0,-719.0,-6.71,FY2019/20
South West,2019,Q4,Accommodation Fees,4521.0,4274.0,247.0,5.79,FY2019/20
South West,2019,Q4,Equipment Hire,3583.0,3583.0,1.0,0.02,FY2019/20
South West,2019,Q4,Research Grants,7826.0,7469.0,357.0,4.78,FY2019/20
South West,2019,Q4,Other Commercial,2210.0,2306.0,-97.0,-4.19,FY2019/20
South West,2020,Q1,Car Parking,17768.0,17634.0,134.0,0.76,FY2020/21
South West,2020,Q1,Cafeteria & Food Services,9746.0,10206.0,-460.0,-4.51,FY2020/21
South West,2020,Q1,Private Patient Fees,29628.0,32391.0,-2762.0,-8.53,FY2020/21
South West,2020,Q1,Pharmacy Retail,11981.0,11273.0,708.0,6.28,FY2020/21
South West,2020,Q1,Medical Imaging (Private),7715.0,7137.0,578.0,8.09,FY2020/21
South West,2020,Q1,Accommodation Fees,3386.0,3554.0,-168.0,-4.73,FY2020/21
South West,2020,Q1,Equipment Hire,2761.0,2917.0,-156.0,-5.36,FY2020/21
South West,2020,Q1,Research Grants,6873.0,7016.0,-144.0,-2.05,FY2020/21
South West,2020,Q1,Other Commercial,1937.0,1750.0,187.0,10.66,FY2020/21
South West,2020,Q2,Car Parking,15932.0,16371.0,-439.0,-2.68,FY2020/21
South West,2020,Q2,Cafeteria & Food Services,8178.0,7414.0,764.0,10.3,FY2020/21
South West,2020,Q2,Private Patient Fees,35185.0,36480.0,-1295.0,-3.55,FY2020/21
South West,2020,Q2,Pharmacy Retail,10498.0,10892.0,-395.0,-3.62,FY2020/21
South West,2020,Q2,Medical Imaging (Private),8929.0,8584.0,345.0,4.02,FY2020/21
South West,2020,Q2,Accommodation Fees,3295.0,3580.0,-285.0,-7.97,FY2020/21
South West,2020,Q2,Equipment Hire,2678.0,2467.0,211.0,8.54,FY2020/21
South West,2020,Q2,Research Grants,6476.0,6824.0,-348.0,-5.1,FY2020/21
South West,2020,Q2,Other Commercial,1730.0,1650.0,80.0,4.83,FY2020/21
South West,2020,Q3,Car Parking,15656.0,17195.0,-1539.0,-8.95,FY2020/21
South West,2020,Q3,Cafeteria & Food Services,8597.0,8727.0,-130.0,-1.49,FY2020/21
South West,2020,Q3,Private Patient Fees,35756.0,33231.0,2525.0,7.6,FY2020/21
South West,2020,Q3,Pharmacy Retail,12381.0,13489.0,-1108.0,-8.21,FY2020/21
South West,2020,Q3,Medical Imaging (Private),9113.0,8593.0,520.0,6.05,FY2020/21
South West,2020,Q3,Accommodation Fees,3827.0,4027.0,-200.0,-4.96,FY2020/21
South West,2020,Q3,Equipment Hire,3105.0,2907.0,198.0,6.83,FY2020/21
South West,2020,Q3,Research Grants,6903.0,6681.0,223.0,3.33,FY2020/21
South West,2020,Q3,Other Commercial,1710.0,1683.0,27.0,1.6,FY2020/21
South West,2020,Q4,Car Parking,17863.0,17737.0,126.0,0.71,FY2020/21
South West,2020,Q4,Cafeteria & Food Services,9353.0,10280.0,-926.0,-9.01,FY2020/21
South West,2020,Q4,Private Patient Fees,31659.0,32390.0,-731.0,-2.26,FY2020/21
South West,2020,Q4,Pharmacy Retail,10764.0,10533.0,231.0,2.19,FY2020/21
South West,2020,Q4,Medical Imaging (Private),8735.0,9500.0,-765.0,-8.05,FY2020/21
South West,2020,Q4,Accommodation Fees,3746.0,3947.0,-201.0,-5.09,FY2020/21
South West,2020,Q4,Equipment Hire,2507.0,2362.0,145.0,6.13,FY2020/21
South West,2020,Q4,Research Grants,6492.0,5869.0,623.0,10.62,FY2020/21
South West,2020,Q4,Other Commercial,1744.0,1750.0,-6.0,-0.35,FY2020/21
South West,2021,Q1,Car Parking,17803.0,16965.0,838.0,4.94,FY2021/22
South West,2021,Q1,Cafeteria & Food Services,11231.0,11396.0,-164.0,-1.44,FY2021/22
South West,2021,Q1,Private Patient Fees,43181.0,44436.0,-1255.0,-2.82,FY2021/22
South West,2021,Q1,Pharmacy Retail,13157.0,14290.0,-1132.0,-7.92,FY2021/22
South West,2021,Q1,Medical Imaging (Private),10763.0,10117.0,646.0,6.38,FY2021/22
South West,2021,Q1,Accommodation Fees,4081.0,4224.0,-143.0,-3.4,FY2021/22
South West,2021,Q1,Equipment Hire,3406.0,3604.0,-197.0,-5.48,FY2021/22
South West,2021,Q1,Research Grants,8285.0,8492.0,-207.0,-2.44,FY2021/22
South West,2021,Q1,Other Commercial,2500.0,2517.0,-17.0,-0.67,FY2021/22
South West,2021,Q2,Car Parking,18278.0,19478.0,-1200.0,-6.16,FY2021/22
South West,2021,Q2,Cafeteria & Food Services,10527.0,11111.0,-584.0,-5.25,FY2021/22
South West,2021,Q2,Private Patient Fees,43476.0,45187.0,-1711.0,-3.79,FY2021/22
South West,2021,Q2,Pharmacy Retail,13742.0,13633.0,109.0,0.8,FY2021/22
South West,2021,Q2,Medical Imaging (Private),9746.0,9460.0,287.0,3.03,FY2021/22
South West,2021,Q2,Accommodation Fees,4624.0,4856.0,-232.0,-4.78,FY2021/22
South West,2021,Q2,Equipment Hire,3502.0,3291.0,211.0,6.42,FY2021/22
South West,2021,Q2,Research Grants,7824.0,8281.0,-456.0,-5.51,FY2021/22
South West,2021,Q2,Other Commercial,2226.0,2242.0,-16.0,-0.73,FY2021/22
South West,2021,Q3,Car Parking,21460.0,22152.0,-692.0,-3.12,FY2021/22
South West,2021,Q3,Cafeteria & Food Services,10950.0,11816.0,-866.0,-7.33,FY2021/22
South West,2021,Q3,Private Patient Fees,36005.0,39573.0,-3568.0,-9.02,FY2021/22
South West,2021,Q3,Pharmacy Retail,12204.0,11020.0,1184.0,10.74,FY2021/22
South West,2021,Q3,Medical Imaging (Private),11017.0,10455.0,562.0,5.38,FY2021/22
South West,2021,Q3,Accommodation Fees,4724.0,5018.0,-294.0,-5.86,FY2021/22
South West,2021,Q3,Equipment Hire,3647.0,4006.0,-359.0,-8.95,FY2021/22
South West,2021,Q3,Research Grants,7448.0,7761.0,-313.0,-4.04,FY2021/22
South West,2021,Q3,Other Commercial,2032.0,1994.0,38.0,1.9,FY2021/22
South West,2021,Q4,Car Parking,21831.0,21253.0,578.0,2.72,FY2021/22
South West,2021,Q4,Cafeteria & Food Services,11438.0,11447.0,-9.0,-0.08,FY2021/22
South West,2021,Q4,Private Patient Fees,40550.0,44385.0,-3835.0,-8.64,FY2021/22
South West,2021,Q4,Pharmacy Retail,12000.0,12178.0,-178.0,-1.46,FY2021/22
South West,2021,Q4,Medical Imaging (Private),10952.0,10911.0,41.0,0.37,FY2021/22
South West,2021,Q4,Accommodation Fees,4025.0,4073.0,-49.0,-1.2,FY2021/22
South West,2021,Q4,Equipment Hire,3223.0,3000.0,222.0,7.41,FY2021/22
South West,2021,Q4,Research Grants,8492.0,8529.0,-37.0,-0.43,FY2021/22
South West,2021,Q4,Other Commercial,2472.0,2623.0,-151.0,-5.77,FY2021/22
South West,2022,Q1,Car Parking,24634.0,22196.0,2439.0,10.99,FY2022/23
South West,2022,Q1,Cafeteria & Food Services,12853.0,12076.0,778.0,6.44,FY2022/23
South West,2022,Q1,Private Patient Fees,50294.0,47020.0,3273.0,6.96,FY2022/23
South West,2022,Q1,Pharmacy Retail,14890.0,14940.0,-50.0,-0.34,FY2022/23
South West,2022,Q1,Medical Imaging (Private),11103.0,10459.0,644.0,6.16,FY2022/23
South West,2022,Q1,Accommodation Fees,5356.0,4916.0,440.0,8.96,FY2022/23
South West,2022,Q1,Equipment Hire,3508.0,3418.0,90.0,2.62,FY2022/23
South West,2022,Q1,Research Grants,9641.0,9747.0,-106.0,-1.08,FY2022/23
South West,2022,Q1,Other Commercial,2568.0,2601.0,-34.0,-1.3,FY2022/23
South West,2022,Q2,Car Parking,22784.0,24771.0,-1987.0,-8.02,FY2022/23
South West,2022,Q2,Cafeteria & Food Services,11683.0,12088.0,-405.0,-3.35,FY2022/23
South West,2022,Q2,Private Patient Fees,50079.0,53123.0,-3044.0,-5.73,FY2022/23
South West,2022,Q2,Pharmacy Retail,14506.0,13914.0,592.0,4.26,FY2022/23
South West,2022,Q2,Medical Imaging (Private),12385.0,11355.0,1030.0,9.07,FY2022/23
South West,2022,Q2,Accommodation Fees,5624.0,5870.0,-246.0,-4.19,FY2022/23
South West,2022,Q2,Equipment Hire,4140.0,3809.0,331.0,8.69,FY2022/23
South West,2022,Q2,Research Grants,9635.0,9981.0,-346.0,-3.47,FY2022/23
South West,2022,Q2,Other Commercial,2824.0,2565.0,259.0,10.09,FY2022/23
South West,2022,Q3,Car Parking,20849.0,20320.0,530.0,2.61,FY2022/23
South West,2022,Q3,Cafeteria & Food Services,11977.0,12117.0,-140.0,-1.15,FY2022/23
South West,2022,Q3,Private Patient Fees,50365.0,49272.0,1093.0,2.22,FY2022/23
South West,2022,Q3,Pharmacy Retail,16995.0,15297.0,1699.0,11.11,FY2022/23
South West,2022,Q3,Medical Imaging (Private),10835.0,9818.0,1018.0,10.36,FY2022/23
South West,2022,Q3,Accommodation Fees,5016.0,5426.0,-410.0,-7.55,FY2022/23
South West,2022,Q3,Equipment Hire,3544.0,3620.0,-75.0,-2.08,FY2022/23
South West,2022,Q3,Research Grants,9049.0,9843.0,-794.0,-8.06,FY2022/23
South West,2022,Q3,Other Commercial,2379.0,2242.0,137.0,6.11,FY2022/23
South West,2022,Q4,Car Parking,20886.0,20610.0,276.0,1.34,FY2022/23
South West,2022,Q4,Cafeteria & Food Services,12383.0,13299.0,-916.0,-6.89,FY2022/23
South West,2022,Q4,Private Patient Fees,46933.0,48004.0,-1071.0,-2.23,FY2022/23
South West,2022,Q4,Pharmacy Retail,15816.0,14525.0,1291.0,8.89,FY2022/23
South West,2022,Q4,Medical Imaging (Private),11617.0,12777.0,-1161.0,-9.08,FY2022/23
South West,2022,Q4,Accommodation Fees,5653.0,6098.0,-445.0,-7.3,FY2022/23
South West,2022,Q4,Equipment Hire,4228.0,3893.0,336.0,8.62,FY2022/23
South West,2022,Q4,Research Grants,8557.0,7707.0,850.0,11.03,FY2022/23
South West,2022,Q4,Other Commercial,2493.0,2298.0,195.0,8.49,FY2022/23
South West,2023,Q1,Car Parking,24034.0,24885.0,-851.0,-3.42,FY2023/24
South West,2023,Q1,Cafeteria & Food Services,14648.0,15378.0,-730.0,-4.75,FY2023/24
South West,2023,Q1,Private Patient Fees,51991.0,47353.0,4639.0,9.8,FY2023/24
South West,2023,Q1,Pharmacy Retail,14240.0,14699.0,-459.0,-3.13,FY2023/24
South West,2023,Q1,Medical Imaging (Private),11484.0,10918.0,566.0,5.19,FY2023/24
South West,2023,Q1,Accommodation Fees,5158.0,4920.0,237.0,4.83,FY2023/24
South West,2023,Q1,Equipment Hire,4043.0,3995.0,48.0,1.21,FY2023/24
South West,2023,Q1,Research Grants,9436.0,9762.0,-326.0,-3.34,FY2023/24
South West,2023,Q1,Other Commercial,2615.0,2485.0,130.0,5.23,FY2023/24
South West,2023,Q2,Car Parking,22254.0,21584.0,670.0,3.1,FY2023/24
South West,2023,Q2,Cafeteria & Food Services,14220.0,14950.0,-730.0,-4.88,FY2023/24
South West,2023,Q2,Private Patient Fees,48924.0,46322.0,2602.0,5.62,FY2023/24
South West,2023,Q2,Pharmacy Retail,16469.0,16702.0,-233.0,-1.39,FY2023/24
South West,2023,Q2,Medical Imaging (Private),12050.0,12171.0,-120.0,-0.99,FY2023/24
South West,2023,Q2,Accommodation Fees,5365.0,5436.0,-70.0,-1.29,FY2023/24
South West,2023,Q2,Equipment Hire,4241.0,3909.0,331.0,8.47,FY2023/24
South West,2023,Q2,Research Grants,9972.0,9245.0,726.0,7.85,FY2023/24
South West,2023,Q2,Other Commercial,2408.0,2638.0,-229.0,-8.69,FY2023/24
South West,2023,Q3,Car Parking,26845.0,24485.0,2360.0,9.64,FY2023/24
South West,2023,Q3,Cafeteria & Food Services,13257.0,12425.0,832.0,6.7,FY2023/24
South West,2023,Q3,Private Patient Fees,46875.0,49970.0,-3095.0,-6.19,FY2023/24
South West,2023,Q3,Pharmacy Retail,17872.0,18352.0,-480.0,-2.61,FY2023/24
South West,2023,Q3,Medical Imaging (Private),11672.0,11913.0,-241.0,-2.02,FY2023/24
South West,2023,Q3,Accommodation Fees,5133.0,5554.0,-421.0,-7.58,FY2023/24
South West,2023,Q3,Equipment Hire,4390.0,4442.0,-51.0,-1.15,FY2023/24
South West,2023,Q3,Research Grants,9012.0,8640.0,372.0,4.31,FY2023/24
South West,2023,Q3,Other Commercial,2387.0,2538.0,-151.0,-5.94,FY2023/24
South West,2023,Q4,Car Parking,23904.0,23068.0,836.0,3.62,FY2023/24
South West,2023,Q4,Cafeteria & Food Services,13347.0,14198.0,-851.0,-5.99,FY2023/24
South West,2023,Q4,Private Patient Fees,42802.0,45864.0,-3062.0,-6.68,FY2023/24
South West,2023,Q4,Pharmacy Retail,17667.0,19245.0,-1578.0,-8.2,FY2023/24
South West,2023,Q4,Medical Imaging (Private),11798.0,11131.0,667.0,6.0,FY2023/24
South West,2023,Q4,Accommodation Fees,5213.0,5039.0,174.0,3.46,FY2023/24
South West,2023,Q4,Equipment Hire,3719.0,3798.0,-80.0,-2.1,FY2023/24
South West,2023,Q4,Research Grants,9355.0,10039.0,-684.0,-6.82,FY2023/24
South West,2023,Q4,Other Commercial,2386.0,2455.0,-69.0,-2.8,FY2023/24
South West,2024,Q1,Car Parking,26408.0,27778.0,-1370.0,-4.93,FY2024/25
South West,2024,Q1,Cafeteria & Food Services,15079.0,15769.0,-691.0,-4.38,FY2024/25
South West,2024,Q1,Private Patient Fees,53259.0,51477.0,1783.0,3.46,FY2024/25
South West,2024,Q1,Pharmacy Retail,16573.0,14962.0,1611.0,10.76,FY2024/25
South West,2024,Q1,Medical Imaging (Private),10950.0,10381.0,569.0,5.48,FY2024/25
South West,2024,Q1,Accommodation Fees,4991.0,4752.0,239.0,5.04,FY2024/25
South West,2024,Q1,Equipment Hire,3819.0,3459.0,360.0,10.41,FY2024/25
South West,2024,Q1,Research Grants,10609.0,9565.0,1043.0,10.91,FY2024/25
South West,2024,Q1,Other Commercial,2916.0,2713.0,203.0,7.48,FY2024/25
South West,2024,Q2,Car Parking,27298.0,29442.0,-2144.0,-7.28,FY2024/25
South West,2024,Q2,Cafeteria & Food Services,14310.0,14803.0,-493.0,-3.33,FY2024/25
South West,2024,Q2,Private Patient Fees,42566.0,46694.0,-4128.0,-8.84,FY2024/25
South West,2024,Q2,Pharmacy Retail,18062.0,19489.0,-1427.0,-7.32,FY2024/25
South West,2024,Q2,Medical Imaging (Private),12895.0,12494.0,400.0,3.2,FY2024/25
South West,2024,Q2,Accommodation Fees,6042.0,5790.0,252.0,4.35,FY2024/25
South West,2024,Q2,Equipment Hire,4202.0,3866.0,336.0,8.7,FY2024/25
South West,2024,Q2,Research Grants,10638.0,9874.0,764.0,7.74,FY2024/25
South West,2024,Q2,Other Commercial,2578.0,2608.0,-30.0,-1.15,FY2024/25
South West,2024,Q3,Car Parking,26414.0,27045.0,-631.0,-2.33,FY2024/25
South West,2024,Q3,Cafeteria & Food Services,12913.0,11624.0,1289.0,11.09,FY2024/25
South West,2024,Q3,Private Patient Fees,51281.0,56257.0,-4976.0,-8.85,FY2024/25
South West,2024,Q3,Pharmacy Retail,17792.0,17650.0,142.0,0.8,FY2024/25
South West,2024,Q3,Medical Imaging (Private),13624.0,13378.0,246.0,1.84,FY2024/25
South West,2024,Q3,Accommodation Fees,5553.0,5528.0,25.0,0.46,FY2024/25
South West,2024,Q3,Equipment Hire,4088.0,4313.0,-225.0,-5.22,FY2024/25
South West,2024,Q3,Research Grants,9722.0,9366.0,356.0,3.81,FY2024/25
South West,2024,Q3,Other Commercial,2600.0,2359.0,240.0,10.19,FY2024/25
South West,2024,Q4,Car Parking,25336.0,23968.0,1368.0,5.71,FY2024/25
South West,2024,Q4,Cafeteria & Food Services,12635.0,13023.0,-389.0,-2.98,FY2024/25
South West,2024,Q4,Private Patient Fees,50401.0,52942.0,-2542.0,-4.8,FY2024/25
South West,2024,Q4,Pharmacy Retail,16574.0,17880.0,-1306.0,-7.31,FY2024/25
South West,2024,Q4,Medical Imaging (Private),13721.0,14564.0,-843.0,-5.79,FY2024/25
South West,2024,Q4,Accommodation Fees,5700.0,5476.0,224.0,4.09,FY2024/25
South West,2024,Q4,Equipment Hire,4620.0,4411.0,209.0,4.73,FY2024/25
South West,2024,Q4,Research Grants,8971.0,8867.0,104.0,1.17,FY2024/25
South West,2024,Q4,Other Commercial,2466.0,2702.0,-236.0,-8.73,FY2024/25
